Id;Degree;Weighted Degree;Eccentricity;closnesscentrality;harmonicclosnesscentrality;betweenesscentrality;Authority;Hub;modularity_class;pageranks;componentnumber;clustering;triangles;eigencentrality
(0, 0);2;2;52;0.038409;0.055064;6.631916;0.000897;0.000897;0;0.000938;0;0;0;0.20851
(0, 1);3;3;51;0.039827;0.059417;381.775749;0.001783;0.001783;0;0.001294;0;0;0;0.353872
(0, 2);3;3;50;0.041228;0.062418;600.123055;0.002646;0.002646;0;0.00124;0;0;0;0.42546
(0, 3);3;3;49;0.042596;0.064749;737.878244;0.003476;0.003476;0;0.001217;0;0;0;0.451243
(0, 4);3;3;48;0.043914;0.066635;829.32373;0.004261;0.004261;0;0.001205;0;0;0;0.458305
(0, 5);3;3;47;0.045164;0.068188;892.155729;0.004993;0.004993;0;0.0012;0;0;0;0.459829
(0, 6);3;3;46;0.046328;0.069472;936.3304;0.005662;0.005662;0;0.001198;0;0;0;0.460095
(0, 7);3;3;45;0.047387;0.070529;967.810647;0.00626;0.006259;1;0.001197;0;0;0;0.460134
(0, 8);3;3;44;0.048321;0.071389;990.341568;0.006778;0.006778;1;0.001196;0;0;0;0.460139
(0, 9);3;3;43;0.049113;0.07207;1006.357463;0.007212;0.007212;1;0.001196;0;0;0;0.460139
(0, 10);3;3;42;0.049747;0.072587;1017.471143;0.007554;0.007554;1;0.001196;0;0;0;0.460139
(0, 11);3;3;41;0.05021;0.072949;1024.74843;0.007802;0.007802;1;0.001196;0;0;0;0.460139
(0, 12);3;3;40;0.050492;0.073165;1028.865438;0.007952;0.007952;1;0.001196;0;0;0;0.460139
(0, 13);3;3;39;0.050587;0.073236;1030.19762;0.008003;0.008002;1;0.001196;0;0;0;0.460139
(0, 14);3;3;40;0.050492;0.073165;1028.865438;0.007952;0.007952;2;0.001196;0;0;0;0.460139
(0, 15);3;3;41;0.05021;0.072949;1024.74843;0.007802;0.007802;2;0.001196;0;0;0;0.460139
(0, 16);3;3;42;0.049747;0.072587;1017.471143;0.007554;0.007554;2;0.001196;0;0;0;0.460139
(0, 17);3;3;43;0.049113;0.07207;1006.357463;0.007212;0.007212;2;0.001196;0;0;0;0.460139
(0, 18);3;3;44;0.048321;0.071389;990.341568;0.006778;0.006778;2;0.001196;0;0;0;0.460139
(0, 19);3;3;45;0.047387;0.070529;967.810647;0.00626;0.006259;2;0.001197;0;0;0;0.460134
(0, 20);3;3;46;0.046328;0.069472;936.3304;0.005662;0.005662;2;0.001198;0;0;0;0.460095
(0, 21);3;3;47;0.045164;0.068188;892.155729;0.004993;0.004993;2;0.0012;0;0;0;0.459829
(0, 22);3;3;48;0.043914;0.066635;829.32373;0.004261;0.004261;2;0.001205;0;0;0;0.458305
(0, 23);3;3;49;0.042596;0.064749;737.878244;0.003476;0.003476;2;0.001217;0;0;0;0.451243
(0, 24);3;3;50;0.041228;0.062418;600.123055;0.002646;0.002646;2;0.00124;0;0;0;0.42546
(0, 25);3;3;51;0.039827;0.059417;381.775749;0.001783;0.001783;2;0.001294;0;0;0;0.353872
(0, 26);2;2;52;0.038409;0.055064;6.631916;0.000897;0.000897;2;0.000938;0;0;0;0.20851
(1, 0);3;3;51;0.039827;0.059417;381.775749;0.001783;0.001783;0;0.001294;0;0;0;0.353872
(1, 1);4;4;50;0.041354;0.064382;1089.692216;0.003543;0.003543;0;0.001585;0;0;0;0.59913
(1, 2);4;4;49;0.042866;0.067766;1565.264882;0.005259;0.005258;0;0.001524;0;0;0;0.71886
(1, 3);4;4;48;0.044347;0.070365;1899.285208;0.006907;0.006907;0;0.001494;0;0;0;0.761571
(1, 4);4;4;47;0.045778;0.072451;2141.03728;0.008469;0.008469;0;0.001481;0;0;0;0.773159
(1, 5);4;4;46;0.047138;0.074157;2319.938978;0.009923;0.009923;0;0.001475;0;0;0;0.775636
(1, 6);4;4;45;0.048407;0.075562;2454.408077;0.011253;0.011252;0;0.001473;0;0;0;0.776066
(1, 7);4;4;44;0.049564;0.076714;2556.338216;0.01244;0.01244;1;0.001471;0;0;0;0.776127
(1, 8);4;4;43;0.050587;0.077647;2633.586189;0.013471;0.01347;1;0.001471;0;0;0;0.776135
(1, 9);4;4;42;0.051456;0.078385;2691.423987;0.014332;0.014332;1;0.00147;0;0;0;0.776136
(1, 10);4;4;41;0.052153;0.078944;2733.410057;0.015013;0.015013;1;0.00147;0;0;0;0.776136
(1, 11);4;4;40;0.052662;0.079336;2761.919384;0.015506;0.015506;1;0.00147;0;0;0;0.776136
(1, 12);4;4;39;0.052972;0.079569;2778.465628;0.015804;0.015803;1;0.00147;0;0;0;0.776136
(1, 13);4;4;38;0.053077;0.079646;2783.890925;0.015903;0.015904;1;0.00147;0;0;0;0.776136
(1, 14);4;4;39;0.052972;0.079569;2778.465628;0.015804;0.015803;2;0.00147;0;0;0;0.776136
(1, 15);4;4;40;0.052662;0.079336;2761.919384;0.015506;0.015506;2;0.00147;0;0;0;0.776136
(1, 16);4;4;41;0.052153;0.078944;2733.410057;0.015013;0.015013;2;0.00147;0;0;0;0.776136
(1, 17);4;4;42;0.051456;0.078385;2691.423987;0.014332;0.014332;2;0.00147;0;0;0;0.776136
(1, 18);4;4;43;0.050587;0.077647;2633.586189;0.013471;0.01347;2;0.001471;0;0;0;0.776135
(1, 19);4;4;44;0.049564;0.076714;2556.338216;0.01244;0.01244;2;0.001471;0;0;0;0.776127
(1, 20);4;4;45;0.048407;0.075562;2454.408077;0.011253;0.011252;2;0.001473;0;0;0;0.776066
(1, 21);4;4;46;0.047138;0.074157;2319.938978;0.009923;0.009923;2;0.001475;0;0;0;0.775636
(1, 22);4;4;47;0.045778;0.072451;2141.03728;0.008469;0.008469;2;0.001481;0;0;0;0.773159
(1, 23);4;4;48;0.044347;0.070365;1899.285208;0.006907;0.006907;2;0.001494;0;0;0;0.761571
(1, 24);4;4;49;0.042866;0.067766;1565.264882;0.005259;0.005258;2;0.001524;0;0;0;0.71886
(1, 25);4;4;50;0.041354;0.064382;1089.692216;0.003543;0.003543;2;0.001585;0;0;0;0.59913
(1, 26);3;3;51;0.039827;0.059417;381.775749;0.001783;0.001783;2;0.001294;0;0;0;0.353872
(2, 0);3;3;50;0.041228;0.062418;600.123055;0.002646;0.002646;0;0.00124;0;0;0;0.42546
(2, 1);4;4;49;0.042866;0.067766;1565.264882;0.005259;0.005258;0;0.001524;0;0;0;0.71886
(2, 2);4;4;48;0.044493;0.071418;2275.426661;0.007805;0.007804;0;0.001463;0;0;0;0.861059
(2, 3);4;4;47;0.046091;0.074218;2810.341316;0.010252;0.010251;0;0.001438;0;0;0;0.911398
(2, 4);4;4;46;0.047638;0.07646;3218.867976;0.012569;0.012569;0;0.001425;0;0;0;0.924955
(2, 5);4;4;45;0.049113;0.078289;3533.934873;0.014728;0.014727;0;0.00142;0;0;0;0.927833
(2, 6);4;4;44;0.050492;0.07979;3778.427728;0.016701;0.0167;0;0.001417;0;0;0;0.928329
(2, 7);4;4;43;0.051752;0.08102;3968.42339;0.018463;0.018462;0;0.001416;0;0;0;0.9284
(2, 8);4;4;42;0.052869;0.082015;4115.252145;0.019993;0.019993;1;0.001416;0;0;0;0.928409
(2, 9);4;4;41;0.053818;0.082801;4226.887048;0.021271;0.02127;1;0.001415;0;0;0;0.92841
(2, 10);4;4;40;0.054581;0.083396;4308.891738;0.022282;0.022282;1;0.001415;0;0;0;0.92841
(2, 11);4;4;39;0.055139;0.083812;4365.062183;0.023013;0.023012;1;0.001415;0;0;0;0.92841
(2, 12);4;4;38;0.055479;0.084059;4397.850894;0.023455;0.023455;1;0.001415;0;0;0;0.92841
(2, 13);4;4;37;0.055594;0.084141;4408.632829;0.023603;0.023603;1;0.001415;0;0;0;0.92841
(2, 14);4;4;38;0.055479;0.084059;4397.850894;0.023455;0.023455;2;0.001415;0;0;0;0.92841
(2, 15);4;4;39;0.055139;0.083812;4365.062183;0.023013;0.023012;2;0.001415;0;0;0;0.92841
(2, 16);4;4;40;0.054581;0.083396;4308.891738;0.022282;0.022282;2;0.001415;0;0;0;0.92841
(2, 17);4;4;41;0.053818;0.082801;4226.887048;0.021271;0.02127;2;0.001415;0;0;0;0.92841
(2, 18);4;4;42;0.052869;0.082015;4115.252145;0.019993;0.019993;2;0.001416;0;0;0;0.928409
(2, 19);4;4;43;0.051752;0.08102;3968.42339;0.018463;0.018462;2;0.001416;0;0;0;0.9284
(2, 20);4;4;44;0.050492;0.07979;3778.427728;0.016701;0.0167;2;0.001417;0;0;0;0.928329
(2, 21);4;4;45;0.049113;0.078289;3533.934873;0.014728;0.014727;2;0.00142;0;0;0;0.927833
(2, 22);4;4;46;0.047638;0.07646;3218.867976;0.012569;0.012569;2;0.001425;0;0;0;0.924955
(2, 23);4;4;47;0.046091;0.074218;2810.341316;0.010252;0.010251;2;0.001438;0;0;0;0.911398
(2, 24);4;4;48;0.044493;0.071418;2275.426661;0.007805;0.007804;2;0.001463;0;0;0;0.861059
(2, 25);4;4;49;0.042866;0.067766;1565.264882;0.005259;0.005258;2;0.001524;0;0;0;0.71886
(2, 26);3;3;50;0.041228;0.062418;600.123055;0.002646;0.002646;2;0.00124;0;0;0;0.42546
(3, 0);3;3;49;0.042596;0.064749;737.878244;0.003476;0.003476;0;0.001217;0;0;0;0.451243
(3, 1);4;4;48;0.044347;0.070365;1899.285208;0.006907;0.006907;0;0.001494;0;0;0;0.761571
(3, 2);4;4;47;0.046091;0.074218;2810.341316;0.010252;0.010251;0;0.001438;0;0;0;0.911398
(3, 3);4;4;46;0.047807;0.077174;3533.896539;0.013466;0.013466;0;0.001411;0;0;0;0.964228
(3, 4);4;4;45;0.049473;0.079539;4110.70107;0.016511;0.01651;0;0.0014;0;0;0;0.978405
(3, 5);4;4;44;0.051066;0.081467;4570.871163;0.019346;0.019346;0;0.001395;0;0;0;0.981405
(3, 6);4;4;43;0.052559;0.083049;4937.423021;0.021938;0.021937;0;0.001393;0;0;0;0.98192
(3, 7);4;4;42;0.053926;0.084344;5227.965491;0.024252;0.024252;0;0.001392;0;0;0;0.981994
(3, 8);4;4;41;0.055139;0.08539;5455.833168;0.026262;0.026261;1;0.001391;0;0;0;0.982003
(3, 9);4;4;40;0.056173;0.086216;5630.967705;0.02794;0.02794;1;0.001391;0;0;0;0.982004
(3, 10);4;4;39;0.057004;0.086841;5760.621866;0.029269;0.029268;1;0.001391;0;0;0;0.982004
(3, 11);4;4;38;0.057613;0.087278;5849.907817;0.030228;0.030229;1;0.001391;0;0;0;0.982004
(3, 12);4;4;37;0.057985;0.087538;5902.203038;0.03081;0.030809;1;0.001391;0;0;0;0.982004
(3, 13);4;4;36;0.05811;0.087624;5919.427297;0.031004;0.031004;1;0.001391;0;0;0;0.982004
(3, 14);4;4;37;0.057985;0.087538;5902.203038;0.03081;0.030809;2;0.001391;0;0;0;0.982004
(3, 15);4;4;38;0.057613;0.087278;5849.907817;0.030228;0.030229;2;0.001391;0;0;0;0.982004
(3, 16);4;4;39;0.057004;0.086841;5760.621866;0.029269;0.029268;2;0.001391;0;0;0;0.982004
(3, 17);4;4;40;0.056173;0.086216;5630.967705;0.02794;0.02794;2;0.001391;0;0;0;0.982004
(3, 18);4;4;41;0.055139;0.08539;5455.833168;0.026262;0.026261;2;0.001391;0;0;0;0.982003
(3, 19);4;4;42;0.053926;0.084344;5227.965491;0.024252;0.024252;2;0.001392;0;0;0;0.981994
(3, 20);4;4;43;0.052559;0.083049;4937.423021;0.021938;0.021937;2;0.001393;0;0;0;0.98192
(3, 21);4;4;44;0.051066;0.081467;4570.871163;0.019346;0.019346;2;0.001395;0;0;0;0.981405
(3, 22);4;4;45;0.049473;0.079539;4110.70107;0.016511;0.01651;2;0.0014;0;0;0;0.978405
(3, 23);4;4;46;0.047807;0.077174;3533.896539;0.013466;0.013466;2;0.001411;0;0;0;0.964228
(3, 24);4;4;47;0.046091;0.074218;2810.341316;0.010252;0.010251;2;0.001438;0;0;0;0.911398
(3, 25);4;4;48;0.044347;0.070365;1899.285208;0.006907;0.006907;2;0.001494;0;0;0;0.761571
(3, 26);3;3;49;0.042596;0.064749;737.878244;0.003476;0.003476;2;0.001217;0;0;0;0.451243
(4, 0);3;3;48;0.043914;0.066635;829.32373;0.004261;0.004261;0;0.001205;0;0;0;0.458305
(4, 1);4;4;47;0.045778;0.072451;2141.03728;0.008469;0.008469;0;0.001481;0;0;0;0.773159
(4, 2);4;4;46;0.047638;0.07646;3218.867976;0.012569;0.012569;0;0.001425;0;0;0;0.924955
(4, 3);4;4;45;0.049473;0.079539;4110.70107;0.016511;0.01651;0;0.0014;0;0;0;0.978405
(4, 4);4;4;44;0.05126;0.082004;4847.20473;0.020243;0.020242;0;0.001389;0;0;0;0.99273
(4, 5);4;4;43;0.052972;0.084013;5452.340499;0.02372;0.023718;0;0.001384;0;0;0;0.995758
(4, 6);4;4;42;0.054581;0.085662;5945.960469;0.026896;0.026896;0;0.001382;0;0;0;0.996278
(4, 7);4;4;41;0.056056;0.08701;6344.562961;0.029735;0.029734;0;0.001381;0;0;0;0.996352
(4, 8);4;4;40;0.057368;0.088099;6661.619408;0.032198;0.032198;1;0.00138;0;0;0;0.996361
(4, 9);4;4;39;0.058488;0.088959;6907.843163;0.034257;0.034256;1;0.00138;0;0;0;0.996361
(4, 10);4;4;38;0.05939;0.089609;7091.473496;0.035884;0.035885;1;0.00138;0;0;0;0.996362
(4, 11);4;4;37;0.060051;0.090065;7218.56133;0.037063;0.037062;1;0.00138;0;0;0;0.996362
(4, 12);4;4;36;0.060455;0.090334;7293.225569;0.037774;0.037775;1;0.00138;0;0;0;0.996362
(4, 13);4;4;35;0.060591;0.090424;7317.853208;0.038013;0.038012;1;0.00138;0;0;0;0.996362
(4, 14);4;4;36;0.060455;0.090334;7293.225569;0.037774;0.037775;2;0.00138;0;0;0;0.996362
(4, 15);4;4;37;0.060051;0.090065;7218.56133;0.037063;0.037062;2;0.00138;0;0;0;0.996362
(4, 16);4;4;38;0.05939;0.089609;7091.473496;0.035884;0.035885;3;0.00138;0;0;0;0.996362
(4, 17);4;4;39;0.058488;0.088959;6907.843163;0.034257;0.034256;3;0.00138;0;0;0;0.996361
(4, 18);4;4;40;0.057368;0.088099;6661.619408;0.032198;0.032198;3;0.00138;0;0;0;0.996361
(4, 19);4;4;41;0.056056;0.08701;6344.562961;0.029735;0.029734;2;0.001381;0;0;0;0.996352
(4, 20);4;4;42;0.054581;0.085662;5945.960469;0.026896;0.026896;2;0.001382;0;0;0;0.996278
(4, 21);4;4;43;0.052972;0.084013;5452.340499;0.02372;0.023718;2;0.001384;0;0;0;0.995758
(4, 22);4;4;44;0.05126;0.082004;4847.20473;0.020243;0.020242;2;0.001389;0;0;0;0.99273
(4, 23);4;4;45;0.049473;0.079539;4110.70107;0.016511;0.01651;2;0.0014;0;0;0;0.978405
(4, 24);4;4;46;0.047638;0.07646;3218.867976;0.012569;0.012569;2;0.001425;0;0;0;0.924955
(4, 25);4;4;47;0.045778;0.072451;2141.03728;0.008469;0.008469;2;0.001481;0;0;0;0.773159
(4, 26);3;3;48;0.043914;0.066635;829.32373;0.004261;0.004261;2;0.001205;0;0;0;0.458305
(5, 0);3;3;47;0.045164;0.068188;892.155729;0.004993;0.004993;0;0.0012;0;0;0;0.459829
(5, 1);4;4;46;0.047138;0.074157;2319.938978;0.009923;0.009923;0;0.001475;0;0;0;0.775636
(5, 2);4;4;45;0.049113;0.078289;3533.934873;0.014728;0.014727;0;0.00142;0;0;0;0.927833
(5, 3);4;4;44;0.051066;0.081467;4570.871163;0.019346;0.019346;0;0.001395;0;0;0;0.981405
(5, 4);4;4;43;0.052972;0.084013;5452.340499;0.02372;0.023718;0;0.001384;0;0;0;0.995758
(5, 5);4;4;42;0.054803;0.086089;6195.28999;0.027793;0.027793;0;0.001379;0;0;0;0.998791
(5, 6);4;4;41;0.056526;0.087793;6814.627319;0.031516;0.031515;0;0.001377;0;0;0;0.999311
(5, 7);4;4;40;0.05811;0.089186;7323.749905;0.034841;0.034841;0;0.001376;0;0;0;0.999385
(5, 8);4;4;39;0.059521;0.090311;7734.484379;0.037728;0.037727;1;0.001376;0;0;0;0.999394
(5, 9);4;4;38;0.060727;0.091199;8056.920374;0.04014;0.04014;1;0.001375;0;0;0;0.999395
(5, 10);4;4;37;0.0617;0.091871;8299.294588;0.042048;0.042047;1;0.001375;0;0;0;0.999395
(5, 11);4;4;36;0.062414;0.092341;8467.953982;0.043427;0.043428;1;0.001375;0;0;0;0.999395
(5, 12);4;4;35;0.062851;0.09262;8567.377922;0.044262;0.044261;1;0.001375;0;0;0;0.999395
(5, 13);4;4;34;0.062998;0.092712;8600.225585;0.044541;0.044542;1;0.001375;0;0;0;0.999395
(5, 14);4;4;35;0.062851;0.09262;8567.377922;0.044262;0.044261;3;0.001375;0;0;0;0.999395
(5, 15);4;4;36;0.062414;0.092341;8467.953982;0.043427;0.043428;3;0.001375;0;0;0;0.999395
(5, 16);4;4;37;0.0617;0.091871;8299.294588;0.042048;0.042047;3;0.001375;0;0;0;0.999395
(5, 17);4;4;38;0.060727;0.091199;8056.920374;0.04014;0.04014;3;0.001375;0;0;0;0.999395
(5, 18);4;4;39;0.059521;0.090311;7734.484379;0.037728;0.037727;3;0.001376;0;0;0;0.999394
(5, 19);4;4;40;0.05811;0.089186;7323.749905;0.034841;0.034841;3;0.001376;0;0;0;0.999385
(5, 20);4;4;41;0.056526;0.087793;6814.627319;0.031516;0.031515;3;0.001377;0;0;0;0.999311
(5, 21);4;4;42;0.054803;0.086089;6195.28999;0.027793;0.027793;3;0.001379;0;0;0;0.998791
(5, 22);4;4;43;0.052972;0.084013;5452.340499;0.02372;0.023718;3;0.001384;0;0;0;0.995758
(5, 23);4;4;44;0.051066;0.081467;4570.871163;0.019346;0.019346;2;0.001395;0;0;0;0.981405
(5, 24);4;4;45;0.049113;0.078289;3533.934873;0.014728;0.014727;2;0.00142;0;0;0;0.927833
(5, 25);4;4;46;0.047138;0.074157;2319.938978;0.009923;0.009923;2;0.001475;0;0;0;0.775636
(5, 26);3;3;47;0.045164;0.068188;892.155729;0.004993;0.004993;2;0.0012;0;0;0;0.459829
(6, 0);3;3;46;0.046328;0.069472;936.3304;0.005662;0.005662;0;0.001198;0;0;0;0.460095
(6, 1);4;4;45;0.048407;0.075562;2454.408077;0.011253;0.011252;0;0.001473;0;0;0;0.776066
(6, 2);4;4;44;0.050492;0.07979;3778.427728;0.016701;0.0167;0;0.001417;0;0;0;0.928329
(6, 3);4;4;43;0.052559;0.083049;4937.423021;0.021938;0.021937;0;0.001393;0;0;0;0.98192
(6, 4);4;4;42;0.054581;0.085662;5945.960469;0.026896;0.026896;0;0.001382;0;0;0;0.996278
(6, 5);4;4;41;0.056526;0.087793;6814.627319;0.031516;0.031515;0;0.001377;0;0;0;0.999311
(6, 6);4;4;40;0.058361;0.089541;7552.958976;0.035737;0.035737;0;0.001375;0;0;0;0.999832
(6, 7);4;4;39;0.060051;0.090972;8170.172767;0.039509;0.039507;0;0.001374;0;0;0;0.999906
(6, 8);4;4;38;0.061559;0.092127;8675.119084;0.042781;0.042782;4;0.001373;0;0;0;0.999915
(6, 9);4;4;37;0.062851;0.093039;9075.969636;0.045517;0.045516;4;0.001373;0;0;0;0.999916
(6, 10);4;4;36;0.063893;0.093729;9379.867087;0.04768;0.04768;1;0.001373;0;0;0;0.999916
(6, 11);4;4;35;0.064659;0.094212;9592.630223;0.049245;0.049244;1;0.001373;0;0;0;0.999916
(6, 12);4;4;34;0.065128;0.094498;9718.542627;0.05019;0.050191;1;0.001373;0;0;0;0.999916
(6, 13);4;4;33;0.065286;0.094592;9760.220389;0.050508;0.050507;1;0.001373;0;0;0;0.999916
(6, 14);4;4;34;0.065128;0.094498;9718.542627;0.05019;0.050191;3;0.001373;0;0;0;0.999916
(6, 15);4;4;35;0.064659;0.094212;9592.630223;0.049245;0.049244;3;0.001373;0;0;0;0.999916
(6, 16);4;4;36;0.063893;0.093729;9379.867087;0.04768;0.04768;3;0.001373;0;0;0;0.999916
(6, 17);4;4;37;0.062851;0.093039;9075.969636;0.045517;0.045516;3;0.001373;0;0;0;0.999916
(6, 18);4;4;38;0.061559;0.092127;8675.119084;0.042781;0.042782;3;0.001373;0;0;0;0.999915
(6, 19);4;4;39;0.060051;0.090972;8170.172767;0.039509;0.039507;3;0.001374;0;0;0;0.999906
(6, 20);4;4;40;0.058361;0.089541;7552.958976;0.035737;0.035737;3;0.001375;0;0;0;0.999832
(6, 21);4;4;41;0.056526;0.087793;6814.627319;0.031516;0.031515;3;0.001377;0;0;0;0.999311
(6, 22);4;4;42;0.054581;0.085662;5945.960469;0.026896;0.026896;3;0.001382;0;0;0;0.996278
(6, 23);4;4;43;0.052559;0.083049;4937.423021;0.021938;0.021937;2;0.001393;0;0;0;0.98192
(6, 24);4;4;44;0.050492;0.07979;3778.427728;0.016701;0.0167;2;0.001417;0;0;0;0.928329
(6, 25);4;4;45;0.048407;0.075562;2454.408077;0.011253;0.011252;2;0.001473;0;0;0;0.776066
(6, 26);3;3;46;0.046328;0.069472;936.3304;0.005662;0.005662;2;0.001198;0;0;0;0.460095
(7, 0);3;3;45;0.047387;0.070529;967.810647;0.00626;0.006259;0;0.001197;0;0;0;0.460134
(7, 1);4;4;44;0.049564;0.076714;2556.338216;0.01244;0.01244;0;0.001471;0;0;0;0.776127
(7, 2);4;4;43;0.051752;0.08102;3968.42339;0.018463;0.018462;0;0.001416;0;0;0;0.9284
(7, 3);4;4;42;0.053926;0.084344;5227.965491;0.024252;0.024252;0;0.001392;0;0;0;0.981994
(7, 4);4;4;41;0.056056;0.08701;6344.562961;0.029735;0.029734;0;0.001381;0;0;0;0.996352
(7, 5);4;4;40;0.05811;0.089186;7323.749905;0.034841;0.034841;0;0.001376;0;0;0;0.999385
(7, 6);4;4;39;0.060051;0.090972;8170.172767;0.039509;0.039507;0;0.001374;0;0;0;0.999906
(7, 7);4;4;38;0.061842;0.092433;8888.642422;0.043677;0.043677;0;0.001373;0;0;0;0.99998
(7, 8);4;4;37;0.063442;0.093613;9484.319555;0.047296;0.047295;4;0.001373;0;0;0;0.999989
(7, 9);4;4;36;0.064815;0.094545;9962.504387;0.050319;0.05032;4;0.001372;0;0;0;0.99999
(7, 10);4;4;35;0.065924;0.095249;10328.263716;0.052712;0.052711;4;0.001372;0;0;0;0.99999
(7, 11);4;4;34;0.06674;0.095743;10586.027889;0.05444;0.054441;4;0.001372;0;0;0;0.99999
(7, 12);4;4;33;0.067239;0.096035;10739.233915;0.055487;0.055487;4;0.001372;0;0;0;0.99999
(7, 13);4;4;32;0.067407;0.096132;10790.054927;0.055837;0.055838;3;0.001372;0;0;0;0.99999
(7, 14);4;4;33;0.067239;0.096035;10739.233915;0.055487;0.055487;3;0.001372;0;0;0;0.99999
(7, 15);4;4;34;0.06674;0.095743;10586.027889;0.05444;0.054441;3;0.001372;0;0;0;0.99999
(7, 16);4;4;35;0.065924;0.095249;10328.263716;0.052712;0.052711;3;0.001372;0;0;0;0.99999
(7, 17);4;4;36;0.064815;0.094545;9962.504387;0.050319;0.05032;3;0.001372;0;0;0;0.99999
(7, 18);4;4;37;0.063442;0.093613;9484.319555;0.047296;0.047295;3;0.001373;0;0;0;0.999989
(7, 19);4;4;38;0.061842;0.092433;8888.642422;0.043677;0.043677;3;0.001373;0;0;0;0.99998
(7, 20);4;4;39;0.060051;0.090972;8170.172767;0.039509;0.039507;3;0.001374;0;0;0;0.999906
(7, 21);4;4;40;0.05811;0.089186;7323.749905;0.034841;0.034841;3;0.001376;0;0;0;0.999385
(7, 22);4;4;41;0.056056;0.08701;6344.562961;0.029735;0.029734;5;0.001381;0;0;0;0.996352
(7, 23);4;4;42;0.053926;0.084344;5227.965491;0.024252;0.024252;5;0.001392;0;0;0;0.981994
(7, 24);4;4;43;0.051752;0.08102;3968.42339;0.018463;0.018462;5;0.001416;0;0;0;0.9284
(7, 25);4;4;44;0.049564;0.076714;2556.338216;0.01244;0.01244;5;0.001471;0;0;0;0.776127
(7, 26);3;3;45;0.047387;0.070529;967.810647;0.00626;0.006259;5;0.001197;0;0;0;0.460134
(8, 0);3;3;44;0.048321;0.071389;990.341568;0.006778;0.006778;0;0.001196;0;0;0;0.460139
(8, 1);4;4;43;0.050587;0.077647;2633.586189;0.013471;0.01347;0;0.001471;0;0;0;0.776135
(8, 2);4;4;42;0.052869;0.082015;4115.252145;0.019993;0.019993;0;0.001416;0;0;0;0.928409
(8, 3);4;4;41;0.055139;0.08539;5455.833168;0.026262;0.026261;0;0.001391;0;0;0;0.982003
(8, 4);4;4;40;0.057368;0.088099;6661.619408;0.032198;0.032198;0;0.00138;0;0;0;0.996361
(8, 5);4;4;39;0.059521;0.090311;7734.484379;0.037728;0.037727;7;0.001376;0;0;0;0.999394
(8, 6);4;4;38;0.061559;0.092127;8675.119084;0.042781;0.042782;7;0.001373;0;0;0;0.999915
(8, 7);4;4;37;0.063442;0.093613;9484.319555;0.047296;0.047295;4;0.001373;0;0;0;0.999989
(8, 8);4;4;36;0.065128;0.094814;10163.445166;0.051214;0.051215;4;0.001372;0;0;0;0.999998
(8, 9);4;4;35;0.066575;0.095762;10714.438154;0.054489;0.054488;4;0.001372;0;0;0;0.999999
(8, 10);4;4;34;0.067746;0.096479;11139.598608;0.057078;0.057079;4;0.001372;0;0;0;0.999999
(8, 11);4;4;33;0.068608;0.09698;11441.243326;0.058952;0.058951;4;0.001372;0;0;0;0.999999
(8, 12);4;4;32;0.069136;0.097278;11621.344989;0.060084;0.060085;4;0.001372;0;0;0;0.999999
(8, 13);4;4;31;0.069314;0.097376;11681.224206;0.060464;0.060463;4;0.001372;0;0;0;0.999999
(8, 14);4;4;32;0.069136;0.097278;11621.344989;0.060084;0.060085;3;0.001372;0;0;0;0.999999
(8, 15);4;4;33;0.068608;0.09698;11441.243326;0.058952;0.058951;3;0.001372;0;0;0;0.999999
(8, 16);4;4;34;0.067746;0.096479;11139.598608;0.057078;0.057079;3;0.001372;0;0;0;0.999999
(8, 17);4;4;35;0.066575;0.095762;10714.438154;0.054489;0.054488;3;0.001372;0;0;0;0.999999
(8, 18);4;4;36;0.065128;0.094814;10163.445166;0.051214;0.051215;3;0.001372;0;0;0;0.999998
(8, 19);4;4;37;0.063442;0.093613;9484.319555;0.047296;0.047295;3;0.001373;0;0;0;0.999989
(8, 20);4;4;38;0.061559;0.092127;8675.119084;0.042781;0.042782;3;0.001373;0;0;0;0.999915
(8, 21);4;4;39;0.059521;0.090311;7734.484379;0.037728;0.037727;3;0.001376;0;0;0;0.999394
(8, 22);4;4;40;0.057368;0.088099;6661.619408;0.032198;0.032198;5;0.00138;0;0;0;0.996361
(8, 23);4;4;41;0.055139;0.08539;5455.833168;0.026262;0.026261;5;0.001391;0;0;0;0.982003
(8, 24);4;4;42;0.052869;0.082015;4115.252145;0.019993;0.019993;5;0.001416;0;0;0;0.928409
(8, 25);4;4;43;0.050587;0.077647;2633.586189;0.013471;0.01347;5;0.001471;0;0;0;0.776135
(8, 26);3;3;44;0.048321;0.071389;990.341568;0.006778;0.006778;5;0.001196;0;0;0;0.460139
(9, 0);3;3;43;0.049113;0.07207;1006.357463;0.007212;0.007212;7;0.001196;0;0;0;0.460139
(9, 1);4;4;42;0.051456;0.078385;2691.423987;0.014332;0.014332;7;0.00147;0;0;0;0.776136
(9, 2);4;4;41;0.053818;0.082801;4226.887048;0.021271;0.02127;7;0.001415;0;0;0;0.92841
(9, 3);4;4;40;0.056173;0.086216;5630.967705;0.02794;0.02794;7;0.001391;0;0;0;0.982004
(9, 4);4;4;39;0.058488;0.088959;6907.843163;0.034257;0.034256;7;0.00138;0;0;0;0.996361
(9, 5);4;4;38;0.060727;0.091199;8056.920374;0.04014;0.04014;7;0.001375;0;0;0;0.999395
(9, 6);4;4;37;0.062851;0.093039;9075.969636;0.045517;0.045516;7;0.001373;0;0;0;0.999916
(9, 7);4;4;36;0.064815;0.094545;9962.504387;0.050319;0.05032;4;0.001372;0;0;0;0.99999
(9, 8);4;4;35;0.066575;0.095762;10714.438154;0.054489;0.054488;4;0.001372;0;0;0;0.999999
(9, 9);4;4;34;0.068088;0.096722;11330.345529;0.057972;0.057973;4;0.001372;0;0;0;1
(9, 10);4;4;33;0.069314;0.097449;11809.471115;0.060728;0.060727;4;0.001372;0;0;0;1
(9, 11);4;4;32;0.070216;0.097957;12151.581926;0.06272;0.062721;4;0.001372;0;0;0;1
(9, 12);4;4;31;0.070769;0.098258;12356.745906;0.063926;0.063926;4;0.001372;0;0;0;1
(9, 13);4;4;30;0.070955;0.098358;12425.111033;0.064328;0.06433;4;0.001372;0;0;0;1
(9, 14);4;4;31;0.070769;0.098258;12356.745906;0.063926;0.063926;3;0.001372;0;0;0;1
(9, 15);4;4;32;0.070216;0.097957;12151.581926;0.06272;0.062721;3;0.001372;0;0;0;1
(9, 16);4;4;33;0.069314;0.097449;11809.471115;0.060728;0.060727;3;0.001372;0;0;0;1
(9, 17);4;4;34;0.068088;0.096722;11330.345529;0.057972;0.057973;3;0.001372;0;0;0;1
(9, 18);4;4;35;0.066575;0.095762;10714.438154;0.054489;0.054488;3;0.001372;0;0;0;0.999999
(9, 19);4;4;36;0.064815;0.094545;9962.504387;0.050319;0.05032;3;0.001372;0;0;0;0.99999
(9, 20);4;4;37;0.062851;0.093039;9075.969636;0.045517;0.045516;3;0.001373;0;0;0;0.999916
(9, 21);4;4;38;0.060727;0.091199;8056.920374;0.04014;0.04014;3;0.001375;0;0;0;0.999395
(9, 22);4;4;39;0.058488;0.088959;6907.843163;0.034257;0.034256;5;0.00138;0;0;0;0.996361
(9, 23);4;4;40;0.056173;0.086216;5630.967705;0.02794;0.02794;5;0.001391;0;0;0;0.982004
(9, 24);4;4;41;0.053818;0.082801;4226.887048;0.021271;0.02127;5;0.001415;0;0;0;0.92841
(9, 25);4;4;42;0.051456;0.078385;2691.423987;0.014332;0.014332;5;0.00147;0;0;0;0.776136
(9, 26);3;3;43;0.049113;0.07207;1006.357463;0.007212;0.007212;5;0.001196;0;0;0;0.460139
(10, 0);3;3;42;0.049747;0.072587;1017.471143;0.007554;0.007554;7;0.001196;0;0;0;0.460139
(10, 1);4;4;41;0.052153;0.078944;2733.410057;0.015013;0.015013;7;0.00147;0;0;0;0.776136
(10, 2);4;4;40;0.054581;0.083396;4308.891738;0.022282;0.022282;7;0.001415;0;0;0;0.92841
(10, 3);4;4;39;0.057004;0.086841;5760.621866;0.029269;0.029268;7;0.001391;0;0;0;0.982004
(10, 4);4;4;38;0.05939;0.089609;7091.473496;0.035884;0.035885;7;0.00138;0;0;0;0.996362
(10, 5);4;4;37;0.0617;0.091871;8299.294588;0.042048;0.042047;7;0.001375;0;0;0;0.999395
(10, 6);4;4;36;0.063893;0.093729;9379.867087;0.04768;0.04768;7;0.001373;0;0;0;0.999916
(10, 7);4;4;35;0.065924;0.095249;10328.263716;0.052712;0.052711;4;0.001372;0;0;0;0.99999
(10, 8);4;4;34;0.067746;0.096479;11139.598608;0.057078;0.057079;4;0.001372;0;0;0;0.999999
(10, 9);4;4;33;0.069314;0.097449;11809.471115;0.060728;0.060727;4;0.001372;0;0;0;1
(10, 10);4;4;32;0.070584;0.098182;12334.212394;0.063613;0.063615;4;0.001372;0;0;0;1
(10, 11);4;4;31;0.07152;0.098696;12710.992087;0.065702;0.065701;4;0.001372;0;0;0;1
(10, 12);4;4;30;0.072093;0.099;12937.831955;0.066963;0.066965;4;0.001372;0;0;0;1
(10, 13);4;4;29;0.072287;0.099101;13013.572244;0.067387;0.067386;4;0.001372;0;0;0;1
(10, 14);4;4;30;0.072093;0.099;12937.831955;0.066963;0.066965;3;0.001372;0;0;0;1
(10, 15);4;4;31;0.07152;0.098696;12710.992087;0.065702;0.065701;3;0.001372;0;0;0;1
(10, 16);4;4;32;0.070584;0.098182;12334.212394;0.063613;0.063615;3;0.001372;0;0;0;1
(10, 17);4;4;33;0.069314;0.097449;11809.471115;0.060728;0.060727;3;0.001372;0;0;0;1
(10, 18);4;4;34;0.067746;0.096479;11139.598608;0.057078;0.057079;3;0.001372;0;0;0;0.999999
(10, 19);4;4;35;0.065924;0.095249;10328.263716;0.052712;0.052711;3;0.001372;0;0;0;0.99999
(10, 20);4;4;36;0.063893;0.093729;9379.867087;0.04768;0.04768;3;0.001373;0;0;0;0.999916
(10, 21);4;4;37;0.0617;0.091871;8299.294588;0.042048;0.042047;3;0.001375;0;0;0;0.999395
(10, 22);4;4;38;0.05939;0.089609;7091.473496;0.035884;0.035885;5;0.00138;0;0;0;0.996362
(10, 23);4;4;39;0.057004;0.086841;5760.621866;0.029269;0.029268;5;0.001391;0;0;0;0.982004
(10, 24);4;4;40;0.054581;0.083396;4308.891738;0.022282;0.022282;5;0.001415;0;0;0;0.92841
(10, 25);4;4;41;0.052153;0.078944;2733.410057;0.015013;0.015013;5;0.00147;0;0;0;0.776136
(10, 26);3;3;42;0.049747;0.072587;1017.471143;0.007554;0.007554;5;0.001196;0;0;0;0.460139
(11, 0);3;3;41;0.05021;0.072949;1024.74843;0.007802;0.007802;7;0.001196;0;0;0;0.460139
(11, 1);4;4;40;0.052662;0.079336;2761.919384;0.015506;0.015506;7;0.00147;0;0;0;0.776136
(11, 2);4;4;39;0.055139;0.083812;4365.062183;0.023013;0.023012;7;0.001415;0;0;0;0.92841
(11, 3);4;4;38;0.057613;0.087278;5849.907817;0.030228;0.030229;7;0.001391;0;0;0;0.982004
(11, 4);4;4;37;0.060051;0.090065;7218.56133;0.037063;0.037062;7;0.00138;0;0;0;0.996362
(11, 5);4;4;36;0.062414;0.092341;8467.953982;0.043427;0.043428;7;0.001375;0;0;0;0.999395
(11, 6);4;4;35;0.064659;0.094212;9592.630223;0.049245;0.049244;7;0.001373;0;0;0;0.999916
(11, 7);4;4;34;0.06674;0.095743;10586.027889;0.05444;0.054441;4;0.001372;0;0;0;0.99999
(11, 8);4;4;33;0.068608;0.09698;11441.243326;0.058952;0.058951;4;0.001372;0;0;0;0.999999
(11, 9);4;4;32;0.070216;0.097957;12151.581926;0.06272;0.062721;4;0.001372;0;0;0;1
(11, 10);4;4;31;0.07152;0.098696;12710.992087;0.065702;0.065701;4;0.001372;0;0;0;1
(11, 11);4;4;30;0.072481;0.099213;13114.41229;0.067856;0.067858;4;0.001372;0;0;0;1
(11, 12);4;4;29;0.07307;0.09952;13358.038472;0.069161;0.069161;4;0.001372;0;0;0;1
(11, 13);4;4;28;0.073269;0.099621;13439.513269;0.069597;0.069599;4;0.001372;0;0;0;1
(11, 14);4;4;29;0.07307;0.09952;13358.038472;0.069161;0.069161;3;0.001372;0;0;0;1
(11, 15);4;4;30;0.072481;0.099213;13114.41229;0.067856;0.067858;3;0.001372;0;0;0;1
(11, 16);4;4;31;0.07152;0.098696;12710.992087;0.065702;0.065701;3;0.001372;0;0;0;1
(11, 17);4;4;32;0.070216;0.097957;12151.581926;0.06272;0.062721;5;0.001372;0;0;0;1
(11, 18);4;4;33;0.068608;0.09698;11441.243326;0.058952;0.058951;5;0.001372;0;0;0;0.999999
(11, 19);4;4;34;0.06674;0.095743;10586.027889;0.05444;0.054441;5;0.001372;0;0;0;0.99999
(11, 20);4;4;35;0.064659;0.094212;9592.630223;0.049245;0.049244;5;0.001373;0;0;0;0.999916
(11, 21);4;4;36;0.062414;0.092341;8467.953982;0.043427;0.043428;5;0.001375;0;0;0;0.999395
(11, 22);4;4;37;0.060051;0.090065;7218.56133;0.037063;0.037062;5;0.00138;0;0;0;0.996362
(11, 23);4;4;38;0.057613;0.087278;5849.907817;0.030228;0.030229;5;0.001391;0;0;0;0.982004
(11, 24);4;4;39;0.055139;0.083812;4365.062183;0.023013;0.023012;5;0.001415;0;0;0;0.92841
(11, 25);4;4;40;0.052662;0.079336;2761.919384;0.015506;0.015506;5;0.00147;0;0;0;0.776136
(11, 26);3;3;41;0.05021;0.072949;1024.74843;0.007802;0.007802;5;0.001196;0;0;0;0.460139
(12, 0);3;3;40;0.050492;0.073165;1028.865438;0.007952;0.007952;7;0.001196;0;0;0;0.460139
(12, 1);4;4;39;0.052972;0.079569;2778.465628;0.015804;0.015803;7;0.00147;0;0;0;0.776136
(12, 2);4;4;38;0.055479;0.084059;4397.850894;0.023455;0.023455;7;0.001415;0;0;0;0.92841
(12, 3);4;4;37;0.057985;0.087538;5902.203038;0.03081;0.030809;7;0.001391;0;0;0;0.982004
(12, 4);4;4;36;0.060455;0.090334;7293.225569;0.037774;0.037775;7;0.00138;0;0;0;0.996362
(12, 5);4;4;35;0.062851;0.09262;8567.377922;0.044262;0.044261;7;0.001375;0;0;0;0.999395
(12, 6);4;4;34;0.065128;0.094498;9718.542627;0.05019;0.050191;4;0.001373;0;0;0;0.999916
(12, 7);4;4;33;0.067239;0.096035;10739.233915;0.055487;0.055487;4;0.001372;0;0;0;0.99999
(12, 8);4;4;32;0.069136;0.097278;11621.344989;0.060084;0.060085;4;0.001372;0;0;0;0.999999
(12, 9);4;4;31;0.070769;0.098258;12356.745906;0.063926;0.063926;4;0.001372;0;0;0;1
(12, 10);4;4;30;0.072093;0.099;12937.831955;0.066963;0.066965;4;0.001372;0;0;0;1
(12, 11);4;4;29;0.07307;0.09952;13358.038472;0.069161;0.069161;4;0.001372;0;0;0;1
(12, 12);4;4;28;0.073669;0.099828;13612.300247;0.070489;0.070492;4;0.001372;0;0;0;1
(12, 13);4;4;27;0.073871;0.099929;13697.418741;0.070935;0.070935;4;0.001372;0;0;0;1
(12, 14);4;4;28;0.073669;0.099828;13612.300247;0.070489;0.070492;3;0.001372;0;0;0;1
(12, 15);4;4;29;0.07307;0.09952;13358.038472;0.069161;0.069161;3;0.001372;0;0;0;1
(12, 16);4;4;30;0.072093;0.099;12937.831955;0.066963;0.066965;3;0.001372;0;0;0;1
(12, 17);4;4;31;0.070769;0.098258;12356.745906;0.063926;0.063926;5;0.001372;0;0;0;1
(12, 18);4;4;32;0.069136;0.097278;11621.344989;0.060084;0.060085;5;0.001372;0;0;0;0.999999
(12, 19);4;4;33;0.067239;0.096035;10739.233915;0.055487;0.055487;5;0.001372;0;0;0;0.99999
(12, 20);4;4;34;0.065128;0.094498;9718.542627;0.05019;0.050191;5;0.001373;0;0;0;0.999916
(12, 21);4;4;35;0.062851;0.09262;8567.377922;0.044262;0.044261;5;0.001375;0;0;0;0.999395
(12, 22);4;4;36;0.060455;0.090334;7293.225569;0.037774;0.037775;5;0.00138;0;0;0;0.996362
(12, 23);4;4;37;0.057985;0.087538;5902.203038;0.03081;0.030809;5;0.001391;0;0;0;0.982004
(12, 24);4;4;38;0.055479;0.084059;4397.850894;0.023455;0.023455;5;0.001415;0;0;0;0.92841
(12, 25);4;4;39;0.052972;0.079569;2778.465628;0.015804;0.015803;6;0.00147;0;0;0;0.776136
(12, 26);3;3;40;0.050492;0.073165;1028.865438;0.007952;0.007952;6;0.001196;0;0;0;0.460139
(13, 0);3;3;39;0.050587;0.073236;1030.19762;0.008003;0.008002;7;0.001196;0;0;0;0.460139
(13, 1);4;4;38;0.053077;0.079646;2783.890925;0.015903;0.015904;7;0.00147;0;0;0;0.776136
(13, 2);4;4;37;0.055594;0.084141;4408.632829;0.023603;0.023603;7;0.001415;0;0;0;0.92841
(13, 3);4;4;36;0.05811;0.087624;5919.427297;0.031004;0.031004;7;0.001391;0;0;0;0.982004
(13, 4);4;4;35;0.060591;0.090424;7317.853208;0.038013;0.038012;7;0.00138;0;0;0;0.996362
(13, 5);4;4;34;0.062998;0.092712;8600.225585;0.044541;0.044542;7;0.001375;0;0;0;0.999395
(13, 6);4;4;33;0.065286;0.094592;9760.220389;0.050508;0.050507;4;0.001373;0;0;0;0.999916
(13, 7);4;4;32;0.067407;0.096132;10790.054927;0.055837;0.055838;4;0.001372;0;0;0;0.99999
(13, 8);4;4;31;0.069314;0.097376;11681.224206;0.060464;0.060463;4;0.001372;0;0;0;0.999999
(13, 9);4;4;30;0.070955;0.098358;12425.111033;0.064328;0.06433;4;0.001372;0;0;0;1
(13, 10);4;4;29;0.072287;0.099101;13013.572244;0.067387;0.067386;4;0.001372;0;0;0;1
(13, 11);4;4;28;0.073269;0.099621;13439.513269;0.069597;0.069599;4;0.001372;0;0;0;1
(13, 12);4;4;27;0.073871;0.099929;13697.418741;0.070935;0.070935;4;0.001372;0;0;0;1
(13, 13);4;4;26;0.074074;0.100031;13783.787395;0.071382;0.071384;4;0.001372;0;0;0;1
(13, 14);4;4;27;0.073871;0.099929;13697.418741;0.070935;0.070935;4;0.001372;0;0;0;1
(13, 15);4;4;28;0.073269;0.099621;13439.513269;0.069597;0.069599;3;0.001372;0;0;0;1
(13, 16);4;4;29;0.072287;0.099101;13013.572244;0.067387;0.067386;3;0.001372;0;0;0;1
(13, 17);4;4;30;0.070955;0.098358;12425.111033;0.064328;0.06433;5;0.001372;0;0;0;1
(13, 18);4;4;31;0.069314;0.097376;11681.224206;0.060464;0.060463;5;0.001372;0;0;0;0.999999
(13, 19);4;4;32;0.067407;0.096132;10790.054927;0.055837;0.055838;5;0.001372;0;0;0;0.99999
(13, 20);4;4;33;0.065286;0.094592;9760.220389;0.050508;0.050507;5;0.001373;0;0;0;0.999916
(13, 21);4;4;34;0.062998;0.092712;8600.225585;0.044541;0.044542;6;0.001375;0;0;0;0.999395
(13, 22);4;4;35;0.060591;0.090424;7317.853208;0.038013;0.038012;6;0.00138;0;0;0;0.996362
(13, 23);4;4;36;0.05811;0.087624;5919.427297;0.031004;0.031004;6;0.001391;0;0;0;0.982004
(13, 24);4;4;37;0.055594;0.084141;4408.632829;0.023603;0.023603;6;0.001415;0;0;0;0.92841
(13, 25);4;4;38;0.053077;0.079646;2783.890925;0.015903;0.015904;6;0.00147;0;0;0;0.776136
(13, 26);3;3;39;0.050587;0.073236;1030.19762;0.008003;0.008002;6;0.001196;0;0;0;0.460139
(14, 0);3;3;40;0.050492;0.073165;1028.865438;0.007952;0.007952;7;0.001196;0;0;0;0.460139
(14, 1);4;4;39;0.052972;0.079569;2778.465628;0.015804;0.015803;7;0.00147;0;0;0;0.776136
(14, 2);4;4;38;0.055479;0.084059;4397.850894;0.023455;0.023455;7;0.001415;0;0;0;0.92841
(14, 3);4;4;37;0.057985;0.087538;5902.203038;0.03081;0.030809;7;0.001391;0;0;0;0.982004
(14, 4);4;4;36;0.060455;0.090334;7293.225569;0.037774;0.037775;7;0.00138;0;0;0;0.996362
(14, 5);4;4;35;0.062851;0.09262;8567.377922;0.044262;0.044261;4;0.001375;0;0;0;0.999395
(14, 6);4;4;34;0.065128;0.094498;9718.542627;0.05019;0.050191;4;0.001373;0;0;0;0.999916
(14, 7);4;4;33;0.067239;0.096035;10739.233915;0.055487;0.055487;4;0.001372;0;0;0;0.99999
(14, 8);4;4;32;0.069136;0.097278;11621.344989;0.060084;0.060085;4;0.001372;0;0;0;0.999999
(14, 9);4;4;31;0.070769;0.098258;12356.745906;0.063926;0.063926;4;0.001372;0;0;0;1
(14, 10);4;4;30;0.072093;0.099;12937.831955;0.066963;0.066965;4;0.001372;0;0;0;1
(14, 11);4;4;29;0.07307;0.09952;13358.038472;0.069161;0.069161;4;0.001372;0;0;0;1
(14, 12);4;4;28;0.073669;0.099828;13612.300247;0.070489;0.070492;4;0.001372;0;0;0;1
(14, 13);4;4;27;0.073871;0.099929;13697.418741;0.070935;0.070935;4;0.001372;0;0;0;1
(14, 14);4;4;28;0.073669;0.099828;13612.300247;0.070489;0.070492;4;0.001372;0;0;0;1
(14, 15);4;4;29;0.07307;0.09952;13358.038472;0.069161;0.069161;11;0.001372;0;0;0;1
(14, 16);4;4;30;0.072093;0.099;12937.831955;0.066963;0.066965;11;0.001372;0;0;0;1
(14, 17);4;4;31;0.070769;0.098258;12356.745906;0.063926;0.063926;5;0.001372;0;0;0;1
(14, 18);4;4;32;0.069136;0.097278;11621.344989;0.060084;0.060085;5;0.001372;0;0;0;0.999999
(14, 19);4;4;33;0.067239;0.096035;10739.233915;0.055487;0.055487;5;0.001372;0;0;0;0.99999
(14, 20);4;4;34;0.065128;0.094498;9718.542627;0.05019;0.050191;5;0.001373;0;0;0;0.999916
(14, 21);4;4;35;0.062851;0.09262;8567.377922;0.044262;0.044261;6;0.001375;0;0;0;0.999395
(14, 22);4;4;36;0.060455;0.090334;7293.225569;0.037774;0.037775;6;0.00138;0;0;0;0.996362
(14, 23);4;4;37;0.057985;0.087538;5902.203038;0.03081;0.030809;6;0.001391;0;0;0;0.982004
(14, 24);4;4;38;0.055479;0.084059;4397.850894;0.023455;0.023455;6;0.001415;0;0;0;0.92841
(14, 25);4;4;39;0.052972;0.079569;2778.465628;0.015804;0.015803;6;0.00147;0;0;0;0.776136
(14, 26);3;3;40;0.050492;0.073165;1028.865438;0.007952;0.007952;6;0.001196;0;0;0;0.460139
(15, 0);3;3;41;0.05021;0.072949;1024.74843;0.007802;0.007802;7;0.001196;0;0;0;0.460139
(15, 1);4;4;40;0.052662;0.079336;2761.919384;0.015506;0.015506;7;0.00147;0;0;0;0.776136
(15, 2);4;4;39;0.055139;0.083812;4365.062183;0.023013;0.023012;7;0.001415;0;0;0;0.92841
(15, 3);4;4;38;0.057613;0.087278;5849.907817;0.030228;0.030229;7;0.001391;0;0;0;0.982004
(15, 4);4;4;37;0.060051;0.090065;7218.56133;0.037063;0.037062;7;0.00138;0;0;0;0.996362
(15, 5);4;4;36;0.062414;0.092341;8467.953982;0.043427;0.043428;4;0.001375;0;0;0;0.999395
(15, 6);4;4;35;0.064659;0.094212;9592.630223;0.049245;0.049244;4;0.001373;0;0;0;0.999916
(15, 7);4;4;34;0.06674;0.095743;10586.027889;0.05444;0.054441;4;0.001372;0;0;0;0.99999
(15, 8);4;4;33;0.068608;0.09698;11441.243326;0.058952;0.058951;4;0.001372;0;0;0;0.999999
(15, 9);4;4;32;0.070216;0.097957;12151.581926;0.06272;0.062721;4;0.001372;0;0;0;1
(15, 10);4;4;31;0.07152;0.098696;12710.992087;0.065702;0.065701;4;0.001372;0;0;0;1
(15, 11);4;4;30;0.072481;0.099213;13114.41229;0.067856;0.067858;4;0.001372;0;0;0;1
(15, 12);4;4;29;0.07307;0.09952;13358.038472;0.069161;0.069161;4;0.001372;0;0;0;1
(15, 13);4;4;28;0.073269;0.099621;13439.513269;0.069597;0.069599;4;0.001372;0;0;0;1
(15, 14);4;4;29;0.07307;0.09952;13358.038472;0.069161;0.069161;4;0.001372;0;0;0;1
(15, 15);4;4;30;0.072481;0.099213;13114.41229;0.067856;0.067858;11;0.001372;0;0;0;1
(15, 16);4;4;31;0.07152;0.098696;12710.992087;0.065702;0.065701;11;0.001372;0;0;0;1
(15, 17);4;4;32;0.070216;0.097957;12151.581926;0.06272;0.062721;11;0.001372;0;0;0;1
(15, 18);4;4;33;0.068608;0.09698;11441.243326;0.058952;0.058951;9;0.001372;0;0;0;0.999999
(15, 19);4;4;34;0.06674;0.095743;10586.027889;0.05444;0.054441;9;0.001372;0;0;0;0.99999
(15, 20);4;4;35;0.064659;0.094212;9592.630223;0.049245;0.049244;9;0.001373;0;0;0;0.999916
(15, 21);4;4;36;0.062414;0.092341;8467.953982;0.043427;0.043428;6;0.001375;0;0;0;0.999395
(15, 22);4;4;37;0.060051;0.090065;7218.56133;0.037063;0.037062;6;0.00138;0;0;0;0.996362
(15, 23);4;4;38;0.057613;0.087278;5849.907817;0.030228;0.030229;6;0.001391;0;0;0;0.982004
(15, 24);4;4;39;0.055139;0.083812;4365.062183;0.023013;0.023012;6;0.001415;0;0;0;0.92841
(15, 25);4;4;40;0.052662;0.079336;2761.919384;0.015506;0.015506;6;0.00147;0;0;0;0.776136
(15, 26);3;3;41;0.05021;0.072949;1024.74843;0.007802;0.007802;6;0.001196;0;0;0;0.460139
(16, 0);3;3;42;0.049747;0.072587;1017.471143;0.007554;0.007554;7;0.001196;0;0;0;0.460139
(16, 1);4;4;41;0.052153;0.078944;2733.410057;0.015013;0.015013;7;0.00147;0;0;0;0.776136
(16, 2);4;4;40;0.054581;0.083396;4308.891738;0.022282;0.022282;7;0.001415;0;0;0;0.92841
(16, 3);4;4;39;0.057004;0.086841;5760.621866;0.029269;0.029268;7;0.001391;0;0;0;0.982004
(16, 4);4;4;38;0.05939;0.089609;7091.473496;0.035884;0.035885;7;0.00138;0;0;0;0.996362
(16, 5);4;4;37;0.0617;0.091871;8299.294588;0.042048;0.042047;8;0.001375;0;0;0;0.999395
(16, 6);4;4;36;0.063893;0.093729;9379.867087;0.04768;0.04768;8;0.001373;0;0;0;0.999916
(16, 7);4;4;35;0.065924;0.095249;10328.263716;0.052712;0.052711;8;0.001372;0;0;0;0.99999
(16, 8);4;4;34;0.067746;0.096479;11139.598608;0.057078;0.057079;8;0.001372;0;0;0;0.999999
(16, 9);4;4;33;0.069314;0.097449;11809.471115;0.060728;0.060727;8;0.001372;0;0;0;1
(16, 10);4;4;32;0.070584;0.098182;12334.212394;0.063613;0.063615;8;0.001372;0;0;0;1
(16, 11);4;4;31;0.07152;0.098696;12710.992087;0.065702;0.065701;11;0.001372;0;0;0;1
(16, 12);4;4;30;0.072093;0.099;12937.831955;0.066963;0.066965;11;0.001372;0;0;0;1
(16, 13);4;4;29;0.072287;0.099101;13013.572244;0.067387;0.067386;11;0.001372;0;0;0;1
(16, 14);4;4;30;0.072093;0.099;12937.831955;0.066963;0.066965;11;0.001372;0;0;0;1
(16, 15);4;4;31;0.07152;0.098696;12710.992087;0.065702;0.065701;11;0.001372;0;0;0;1
(16, 16);4;4;32;0.070584;0.098182;12334.212394;0.063613;0.063615;11;0.001372;0;0;0;1
(16, 17);4;4;33;0.069314;0.097449;11809.471115;0.060728;0.060727;11;0.001372;0;0;0;1
(16, 18);4;4;34;0.067746;0.096479;11139.598608;0.057078;0.057079;9;0.001372;0;0;0;0.999999
(16, 19);4;4;35;0.065924;0.095249;10328.263716;0.052712;0.052711;9;0.001372;0;0;0;0.99999
(16, 20);4;4;36;0.063893;0.093729;9379.867087;0.04768;0.04768;9;0.001373;0;0;0;0.999916
(16, 21);4;4;37;0.0617;0.091871;8299.294588;0.042048;0.042047;6;0.001375;0;0;0;0.999395
(16, 22);4;4;38;0.05939;0.089609;7091.473496;0.035884;0.035885;6;0.00138;0;0;0;0.996362
(16, 23);4;4;39;0.057004;0.086841;5760.621866;0.029269;0.029268;6;0.001391;0;0;0;0.982004
(16, 24);4;4;40;0.054581;0.083396;4308.891738;0.022282;0.022282;6;0.001415;0;0;0;0.92841
(16, 25);4;4;41;0.052153;0.078944;2733.410057;0.015013;0.015013;6;0.00147;0;0;0;0.776136
(16, 26);3;3;42;0.049747;0.072587;1017.471143;0.007554;0.007554;6;0.001196;0;0;0;0.460139
(17, 0);3;3;43;0.049113;0.07207;1006.357463;0.007212;0.007212;7;0.001196;0;0;0;0.460139
(17, 1);4;4;42;0.051456;0.078385;2691.423987;0.014332;0.014332;7;0.00147;0;0;0;0.776136
(17, 2);4;4;41;0.053818;0.082801;4226.887048;0.021271;0.02127;7;0.001415;0;0;0;0.92841
(17, 3);4;4;40;0.056173;0.086216;5630.967705;0.02794;0.02794;7;0.001391;0;0;0;0.982004
(17, 4);4;4;39;0.058488;0.088959;6907.843163;0.034257;0.034256;7;0.00138;0;0;0;0.996361
(17, 5);4;4;38;0.060727;0.091199;8056.920374;0.04014;0.04014;8;0.001375;0;0;0;0.999395
(17, 6);4;4;37;0.062851;0.093039;9075.969636;0.045517;0.045516;8;0.001373;0;0;0;0.999916
(17, 7);4;4;36;0.064815;0.094545;9962.504387;0.050319;0.05032;8;0.001372;0;0;0;0.99999
(17, 8);4;4;35;0.066575;0.095762;10714.438154;0.054489;0.054488;8;0.001372;0;0;0;0.999999
(17, 9);4;4;34;0.068088;0.096722;11330.345529;0.057972;0.057973;8;0.001372;0;0;0;1
(17, 10);4;4;33;0.069314;0.097449;11809.471115;0.060728;0.060727;8;0.001372;0;0;0;1
(17, 11);4;4;32;0.070216;0.097957;12151.581926;0.06272;0.062721;11;0.001372;0;0;0;1
(17, 12);4;4;31;0.070769;0.098258;12356.745906;0.063926;0.063926;11;0.001372;0;0;0;1
(17, 13);4;4;30;0.070955;0.098358;12425.111033;0.064328;0.06433;11;0.001372;0;0;0;1
(17, 14);4;4;31;0.070769;0.098258;12356.745906;0.063926;0.063926;11;0.001372;0;0;0;1
(17, 15);4;4;32;0.070216;0.097957;12151.581926;0.06272;0.062721;11;0.001372;0;0;0;1
(17, 16);4;4;33;0.069314;0.097449;11809.471115;0.060728;0.060727;11;0.001372;0;0;0;1
(17, 17);4;4;34;0.068088;0.096722;11330.345529;0.057972;0.057973;9;0.001372;0;0;0;1
(17, 18);4;4;35;0.066575;0.095762;10714.438154;0.054489;0.054488;9;0.001372;0;0;0;0.999999
(17, 19);4;4;36;0.064815;0.094545;9962.504387;0.050319;0.05032;9;0.001372;0;0;0;0.99999
(17, 20);4;4;37;0.062851;0.093039;9075.969636;0.045517;0.045516;9;0.001373;0;0;0;0.999916
(17, 21);4;4;38;0.060727;0.091199;8056.920374;0.04014;0.04014;6;0.001375;0;0;0;0.999395
(17, 22);4;4;39;0.058488;0.088959;6907.843163;0.034257;0.034256;6;0.00138;0;0;0;0.996361
(17, 23);4;4;40;0.056173;0.086216;5630.967705;0.02794;0.02794;6;0.001391;0;0;0;0.982004
(17, 24);4;4;41;0.053818;0.082801;4226.887048;0.021271;0.02127;6;0.001415;0;0;0;0.92841
(17, 25);4;4;42;0.051456;0.078385;2691.423987;0.014332;0.014332;6;0.00147;0;0;0;0.776136
(17, 26);3;3;43;0.049113;0.07207;1006.357463;0.007212;0.007212;6;0.001196;0;0;0;0.460139
(18, 0);3;3;44;0.048321;0.071389;990.341568;0.006778;0.006778;7;0.001196;0;0;0;0.460139
(18, 1);4;4;43;0.050587;0.077647;2633.586189;0.013471;0.01347;7;0.001471;0;0;0;0.776135
(18, 2);4;4;42;0.052869;0.082015;4115.252145;0.019993;0.019993;7;0.001416;0;0;0;0.928409
(18, 3);4;4;41;0.055139;0.08539;5455.833168;0.026262;0.026261;7;0.001391;0;0;0;0.982003
(18, 4);4;4;40;0.057368;0.088099;6661.619408;0.032198;0.032198;7;0.00138;0;0;0;0.996361
(18, 5);4;4;39;0.059521;0.090311;7734.484379;0.037728;0.037727;8;0.001376;0;0;0;0.999394
(18, 6);4;4;38;0.061559;0.092127;8675.119084;0.042781;0.042782;8;0.001373;0;0;0;0.999915
(18, 7);4;4;37;0.063442;0.093613;9484.319555;0.047296;0.047295;8;0.001373;0;0;0;0.999989
(18, 8);4;4;36;0.065128;0.094814;10163.445166;0.051214;0.051215;8;0.001372;0;0;0;0.999998
(18, 9);4;4;35;0.066575;0.095762;10714.438154;0.054489;0.054488;8;0.001372;0;0;0;0.999999
(18, 10);4;4;34;0.067746;0.096479;11139.598608;0.057078;0.057079;8;0.001372;0;0;0;0.999999
(18, 11);4;4;33;0.068608;0.09698;11441.243326;0.058952;0.058951;11;0.001372;0;0;0;0.999999
(18, 12);4;4;32;0.069136;0.097278;11621.344989;0.060084;0.060085;11;0.001372;0;0;0;0.999999
(18, 13);4;4;31;0.069314;0.097376;11681.224206;0.060464;0.060463;11;0.001372;0;0;0;0.999999
(18, 14);4;4;32;0.069136;0.097278;11621.344989;0.060084;0.060085;11;0.001372;0;0;0;0.999999
(18, 15);4;4;33;0.068608;0.09698;11441.243326;0.058952;0.058951;11;0.001372;0;0;0;0.999999
(18, 16);4;4;34;0.067746;0.096479;11139.598608;0.057078;0.057079;11;0.001372;0;0;0;0.999999
(18, 17);4;4;35;0.066575;0.095762;10714.438154;0.054489;0.054488;9;0.001372;0;0;0;0.999999
(18, 18);4;4;36;0.065128;0.094814;10163.445166;0.051214;0.051215;9;0.001372;0;0;0;0.999998
(18, 19);4;4;37;0.063442;0.093613;9484.319555;0.047296;0.047295;9;0.001373;0;0;0;0.999989
(18, 20);4;4;38;0.061559;0.092127;8675.119084;0.042781;0.042782;9;0.001373;0;0;0;0.999915
(18, 21);4;4;39;0.059521;0.090311;7734.484379;0.037728;0.037727;6;0.001376;0;0;0;0.999394
(18, 22);4;4;40;0.057368;0.088099;6661.619408;0.032198;0.032198;6;0.00138;0;0;0;0.996361
(18, 23);4;4;41;0.055139;0.08539;5455.833168;0.026262;0.026261;6;0.001391;0;0;0;0.982003
(18, 24);4;4;42;0.052869;0.082015;4115.252145;0.019993;0.019993;6;0.001416;0;0;0;0.928409
(18, 25);4;4;43;0.050587;0.077647;2633.586189;0.013471;0.01347;6;0.001471;0;0;0;0.776135
(18, 26);3;3;44;0.048321;0.071389;990.341568;0.006778;0.006778;6;0.001196;0;0;0;0.460139
(19, 0);3;3;45;0.047387;0.070529;967.810647;0.00626;0.006259;7;0.001197;0;0;0;0.460134
(19, 1);4;4;44;0.049564;0.076714;2556.338216;0.01244;0.01244;7;0.001471;0;0;0;0.776127
(19, 2);4;4;43;0.051752;0.08102;3968.42339;0.018463;0.018462;7;0.001416;0;0;0;0.9284
(19, 3);4;4;42;0.053926;0.084344;5227.965491;0.024252;0.024252;7;0.001392;0;0;0;0.981994
(19, 4);4;4;41;0.056056;0.08701;6344.562961;0.029735;0.029734;8;0.001381;0;0;0;0.996352
(19, 5);4;4;40;0.05811;0.089186;7323.749905;0.034841;0.034841;8;0.001376;0;0;0;0.999385
(19, 6);4;4;39;0.060051;0.090972;8170.172767;0.039509;0.039507;8;0.001374;0;0;0;0.999906
(19, 7);4;4;38;0.061842;0.092433;8888.642422;0.043677;0.043677;8;0.001373;0;0;0;0.99998
(19, 8);4;4;37;0.063442;0.093613;9484.319555;0.047296;0.047295;8;0.001373;0;0;0;0.999989
(19, 9);4;4;36;0.064815;0.094545;9962.504387;0.050319;0.05032;8;0.001372;0;0;0;0.99999
(19, 10);4;4;35;0.065924;0.095249;10328.263716;0.052712;0.052711;8;0.001372;0;0;0;0.99999
(19, 11);4;4;34;0.06674;0.095743;10586.027889;0.05444;0.054441;11;0.001372;0;0;0;0.99999
(19, 12);4;4;33;0.067239;0.096035;10739.233915;0.055487;0.055487;11;0.001372;0;0;0;0.99999
(19, 13);4;4;32;0.067407;0.096132;10790.054927;0.055837;0.055838;11;0.001372;0;0;0;0.99999
(19, 14);4;4;33;0.067239;0.096035;10739.233915;0.055487;0.055487;11;0.001372;0;0;0;0.99999
(19, 15);4;4;34;0.06674;0.095743;10586.027889;0.05444;0.054441;11;0.001372;0;0;0;0.99999
(19, 16);4;4;35;0.065924;0.095249;10328.263716;0.052712;0.052711;11;0.001372;0;0;0;0.99999
(19, 17);4;4;36;0.064815;0.094545;9962.504387;0.050319;0.05032;9;0.001372;0;0;0;0.99999
(19, 18);4;4;37;0.063442;0.093613;9484.319555;0.047296;0.047295;9;0.001373;0;0;0;0.999989
(19, 19);4;4;38;0.061842;0.092433;8888.642422;0.043677;0.043677;9;0.001373;0;0;0;0.99998
(19, 20);4;4;39;0.060051;0.090972;8170.172767;0.039509;0.039507;9;0.001374;0;0;0;0.999906
(19, 21);4;4;40;0.05811;0.089186;7323.749905;0.034841;0.034841;6;0.001376;0;0;0;0.999385
(19, 22);4;4;41;0.056056;0.08701;6344.562961;0.029735;0.029734;6;0.001381;0;0;0;0.996352
(19, 23);4;4;42;0.053926;0.084344;5227.965491;0.024252;0.024252;6;0.001392;0;0;0;0.981994
(19, 24);4;4;43;0.051752;0.08102;3968.42339;0.018463;0.018462;6;0.001416;0;0;0;0.9284
(19, 25);4;4;44;0.049564;0.076714;2556.338216;0.01244;0.01244;6;0.001471;0;0;0;0.776127
(19, 26);3;3;45;0.047387;0.070529;967.810647;0.00626;0.006259;6;0.001197;0;0;0;0.460134
(20, 0);3;3;46;0.046328;0.069472;936.3304;0.005662;0.005662;10;0.001198;0;0;0;0.460095
(20, 1);4;4;45;0.048407;0.075562;2454.408077;0.011253;0.011252;10;0.001473;0;0;0;0.776066
(20, 2);4;4;44;0.050492;0.07979;3778.427728;0.016701;0.0167;10;0.001417;0;0;0;0.928329
(20, 3);4;4;43;0.052559;0.083049;4937.423021;0.021938;0.021937;10;0.001393;0;0;0;0.98192
(20, 4);4;4;42;0.054581;0.085662;5945.960469;0.026896;0.026896;8;0.001382;0;0;0;0.996278
(20, 5);4;4;41;0.056526;0.087793;6814.627319;0.031516;0.031515;8;0.001377;0;0;0;0.999311
(20, 6);4;4;40;0.058361;0.089541;7552.958976;0.035737;0.035737;8;0.001375;0;0;0;0.999832
(20, 7);4;4;39;0.060051;0.090972;8170.172767;0.039509;0.039507;8;0.001374;0;0;0;0.999906
(20, 8);4;4;38;0.061559;0.092127;8675.119084;0.042781;0.042782;8;0.001373;0;0;0;0.999915
(20, 9);4;4;37;0.062851;0.093039;9075.969636;0.045517;0.045516;8;0.001373;0;0;0;0.999916
(20, 10);4;4;36;0.063893;0.093729;9379.867087;0.04768;0.04768;11;0.001373;0;0;0;0.999916
(20, 11);4;4;35;0.064659;0.094212;9592.630223;0.049245;0.049244;11;0.001373;0;0;0;0.999916
(20, 12);4;4;34;0.065128;0.094498;9718.542627;0.05019;0.050191;11;0.001373;0;0;0;0.999916
(20, 13);4;4;33;0.065286;0.094592;9760.220389;0.050508;0.050507;11;0.001373;0;0;0;0.999916
(20, 14);4;4;34;0.065128;0.094498;9718.542627;0.05019;0.050191;11;0.001373;0;0;0;0.999916
(20, 15);4;4;35;0.064659;0.094212;9592.630223;0.049245;0.049244;11;0.001373;0;0;0;0.999916
(20, 16);4;4;36;0.063893;0.093729;9379.867087;0.04768;0.04768;11;0.001373;0;0;0;0.999916
(20, 17);4;4;37;0.062851;0.093039;9075.969636;0.045517;0.045516;9;0.001373;0;0;0;0.999916
(20, 18);4;4;38;0.061559;0.092127;8675.119084;0.042781;0.042782;9;0.001373;0;0;0;0.999915
(20, 19);4;4;39;0.060051;0.090972;8170.172767;0.039509;0.039507;9;0.001374;0;0;0;0.999906
(20, 20);4;4;40;0.058361;0.089541;7552.958976;0.035737;0.035737;9;0.001375;0;0;0;0.999832
(20, 21);4;4;41;0.056526;0.087793;6814.627319;0.031516;0.031515;9;0.001377;0;0;0;0.999311
(20, 22);4;4;42;0.054581;0.085662;5945.960469;0.026896;0.026896;9;0.001382;0;0;0;0.996278
(20, 23);4;4;43;0.052559;0.083049;4937.423021;0.021938;0.021937;12;0.001393;0;0;0;0.98192
(20, 24);4;4;44;0.050492;0.07979;3778.427728;0.016701;0.0167;12;0.001417;0;0;0;0.928329
(20, 25);4;4;45;0.048407;0.075562;2454.408077;0.011253;0.011252;12;0.001473;0;0;0;0.776066
(20, 26);3;3;46;0.046328;0.069472;936.3304;0.005662;0.005662;12;0.001198;0;0;0;0.460095
(21, 0);3;3;47;0.045164;0.068188;892.155729;0.004993;0.004993;10;0.0012;0;0;0;0.459829
(21, 1);4;4;46;0.047138;0.074157;2319.938978;0.009923;0.009923;10;0.001475;0;0;0;0.775636
(21, 2);4;4;45;0.049113;0.078289;3533.934873;0.014728;0.014727;10;0.00142;0;0;0;0.927833
(21, 3);4;4;44;0.051066;0.081467;4570.871163;0.019346;0.019346;10;0.001395;0;0;0;0.981405
(21, 4);4;4;43;0.052972;0.084013;5452.340499;0.02372;0.023718;8;0.001384;0;0;0;0.995758
(21, 5);4;4;42;0.054803;0.086089;6195.28999;0.027793;0.027793;8;0.001379;0;0;0;0.998791
(21, 6);4;4;41;0.056526;0.087793;6814.627319;0.031516;0.031515;8;0.001377;0;0;0;0.999311
(21, 7);4;4;40;0.05811;0.089186;7323.749905;0.034841;0.034841;8;0.001376;0;0;0;0.999385
(21, 8);4;4;39;0.059521;0.090311;7734.484379;0.037728;0.037727;8;0.001376;0;0;0;0.999394
(21, 9);4;4;38;0.060727;0.091199;8056.920374;0.04014;0.04014;8;0.001375;0;0;0;0.999395
(21, 10);4;4;37;0.0617;0.091871;8299.294588;0.042048;0.042047;11;0.001375;0;0;0;0.999395
(21, 11);4;4;36;0.062414;0.092341;8467.953982;0.043427;0.043428;11;0.001375;0;0;0;0.999395
(21, 12);4;4;35;0.062851;0.09262;8567.377922;0.044262;0.044261;11;0.001375;0;0;0;0.999395
(21, 13);4;4;34;0.062998;0.092712;8600.225585;0.044541;0.044542;11;0.001375;0;0;0;0.999395
(21, 14);4;4;35;0.062851;0.09262;8567.377922;0.044262;0.044261;11;0.001375;0;0;0;0.999395
(21, 15);4;4;36;0.062414;0.092341;8467.953982;0.043427;0.043428;11;0.001375;0;0;0;0.999395
(21, 16);4;4;37;0.0617;0.091871;8299.294588;0.042048;0.042047;11;0.001375;0;0;0;0.999395
(21, 17);4;4;38;0.060727;0.091199;8056.920374;0.04014;0.04014;9;0.001375;0;0;0;0.999395
(21, 18);4;4;39;0.059521;0.090311;7734.484379;0.037728;0.037727;9;0.001376;0;0;0;0.999394
(21, 19);4;4;40;0.05811;0.089186;7323.749905;0.034841;0.034841;9;0.001376;0;0;0;0.999385
(21, 20);4;4;41;0.056526;0.087793;6814.627319;0.031516;0.031515;9;0.001377;0;0;0;0.999311
(21, 21);4;4;42;0.054803;0.086089;6195.28999;0.027793;0.027793;9;0.001379;0;0;0;0.998791
(21, 22);4;4;43;0.052972;0.084013;5452.340499;0.02372;0.023718;9;0.001384;0;0;0;0.995758
(21, 23);4;4;44;0.051066;0.081467;4570.871163;0.019346;0.019346;12;0.001395;0;0;0;0.981405
(21, 24);4;4;45;0.049113;0.078289;3533.934873;0.014728;0.014727;12;0.00142;0;0;0;0.927833
(21, 25);4;4;46;0.047138;0.074157;2319.938978;0.009923;0.009923;12;0.001475;0;0;0;0.775636
(21, 26);3;3;47;0.045164;0.068188;892.155729;0.004993;0.004993;12;0.0012;0;0;0;0.459829
(22, 0);3;3;48;0.043914;0.066635;829.32373;0.004261;0.004261;10;0.001205;0;0;0;0.458305
(22, 1);4;4;47;0.045778;0.072451;2141.03728;0.008469;0.008469;10;0.001481;0;0;0;0.773159
(22, 2);4;4;46;0.047638;0.07646;3218.867976;0.012569;0.012569;10;0.001425;0;0;0;0.924955
(22, 3);4;4;45;0.049473;0.079539;4110.70107;0.016511;0.01651;10;0.0014;0;0;0;0.978405
(22, 4);4;4;44;0.05126;0.082004;4847.20473;0.020243;0.020242;8;0.001389;0;0;0;0.99273
(22, 5);4;4;43;0.052972;0.084013;5452.340499;0.02372;0.023718;8;0.001384;0;0;0;0.995758
(22, 6);4;4;42;0.054581;0.085662;5945.960469;0.026896;0.026896;8;0.001382;0;0;0;0.996278
(22, 7);4;4;41;0.056056;0.08701;6344.562961;0.029735;0.029734;8;0.001381;0;0;0;0.996352
(22, 8);4;4;40;0.057368;0.088099;6661.619408;0.032198;0.032198;8;0.00138;0;0;0;0.996361
(22, 9);4;4;39;0.058488;0.088959;6907.843163;0.034257;0.034256;8;0.00138;0;0;0;0.996361
(22, 10);4;4;38;0.05939;0.089609;7091.473496;0.035884;0.035885;11;0.00138;0;0;0;0.996362
(22, 11);4;4;37;0.060051;0.090065;7218.56133;0.037063;0.037062;11;0.00138;0;0;0;0.996362
(22, 12);4;4;36;0.060455;0.090334;7293.225569;0.037774;0.037775;11;0.00138;0;0;0;0.996362
(22, 13);4;4;35;0.060591;0.090424;7317.853208;0.038013;0.038012;11;0.00138;0;0;0;0.996362
(22, 14);4;4;36;0.060455;0.090334;7293.225569;0.037774;0.037775;11;0.00138;0;0;0;0.996362
(22, 15);4;4;37;0.060051;0.090065;7218.56133;0.037063;0.037062;11;0.00138;0;0;0;0.996362
(22, 16);4;4;38;0.05939;0.089609;7091.473496;0.035884;0.035885;9;0.00138;0;0;0;0.996362
(22, 17);4;4;39;0.058488;0.088959;6907.843163;0.034257;0.034256;9;0.00138;0;0;0;0.996361
(22, 18);4;4;40;0.057368;0.088099;6661.619408;0.032198;0.032198;9;0.00138;0;0;0;0.996361
(22, 19);4;4;41;0.056056;0.08701;6344.562961;0.029735;0.029734;9;0.001381;0;0;0;0.996352
(22, 20);4;4;42;0.054581;0.085662;5945.960469;0.026896;0.026896;9;0.001382;0;0;0;0.996278
(22, 21);4;4;43;0.052972;0.084013;5452.340499;0.02372;0.023718;9;0.001384;0;0;0;0.995758
(22, 22);4;4;44;0.05126;0.082004;4847.20473;0.020243;0.020242;9;0.001389;0;0;0;0.99273
(22, 23);4;4;45;0.049473;0.079539;4110.70107;0.016511;0.01651;12;0.0014;0;0;0;0.978405
(22, 24);4;4;46;0.047638;0.07646;3218.867976;0.012569;0.012569;12;0.001425;0;0;0;0.924955
(22, 25);4;4;47;0.045778;0.072451;2141.03728;0.008469;0.008469;12;0.001481;0;0;0;0.773159
(22, 26);3;3;48;0.043914;0.066635;829.32373;0.004261;0.004261;12;0.001205;0;0;0;0.458305
(23, 0);3;3;49;0.042596;0.064749;737.878244;0.003476;0.003476;10;0.001217;0;0;0;0.451243
(23, 1);4;4;48;0.044347;0.070365;1899.285208;0.006907;0.006907;10;0.001494;0;0;0;0.761571
(23, 2);4;4;47;0.046091;0.074218;2810.341316;0.010252;0.010251;10;0.001438;0;0;0;0.911398
(23, 3);4;4;46;0.047807;0.077174;3533.896539;0.013466;0.013466;10;0.001411;0;0;0;0.964228
(23, 4);4;4;45;0.049473;0.079539;4110.70107;0.016511;0.01651;8;0.0014;0;0;0;0.978405
(23, 5);4;4;44;0.051066;0.081467;4570.871163;0.019346;0.019346;8;0.001395;0;0;0;0.981405
(23, 6);4;4;43;0.052559;0.083049;4937.423021;0.021938;0.021937;8;0.001393;0;0;0;0.98192
(23, 7);4;4;42;0.053926;0.084344;5227.965491;0.024252;0.024252;8;0.001392;0;0;0;0.981994
(23, 8);4;4;41;0.055139;0.08539;5455.833168;0.026262;0.026261;8;0.001391;0;0;0;0.982003
(23, 9);4;4;40;0.056173;0.086216;5630.967705;0.02794;0.02794;8;0.001391;0;0;0;0.982004
(23, 10);4;4;39;0.057004;0.086841;5760.621866;0.029269;0.029268;11;0.001391;0;0;0;0.982004
(23, 11);4;4;38;0.057613;0.087278;5849.907817;0.030228;0.030229;11;0.001391;0;0;0;0.982004
(23, 12);4;4;37;0.057985;0.087538;5902.203038;0.03081;0.030809;11;0.001391;0;0;0;0.982004
(23, 13);4;4;36;0.05811;0.087624;5919.427297;0.031004;0.031004;11;0.001391;0;0;0;0.982004
(23, 14);4;4;37;0.057985;0.087538;5902.203038;0.03081;0.030809;11;0.001391;0;0;0;0.982004
(23, 15);4;4;38;0.057613;0.087278;5849.907817;0.030228;0.030229;11;0.001391;0;0;0;0.982004
(23, 16);4;4;39;0.057004;0.086841;5760.621866;0.029269;0.029268;9;0.001391;0;0;0;0.982004
(23, 17);4;4;40;0.056173;0.086216;5630.967705;0.02794;0.02794;9;0.001391;0;0;0;0.982004
(23, 18);4;4;41;0.055139;0.08539;5455.833168;0.026262;0.026261;9;0.001391;0;0;0;0.982003
(23, 19);4;4;42;0.053926;0.084344;5227.965491;0.024252;0.024252;9;0.001392;0;0;0;0.981994
(23, 20);4;4;43;0.052559;0.083049;4937.423021;0.021938;0.021937;9;0.001393;0;0;0;0.98192
(23, 21);4;4;44;0.051066;0.081467;4570.871163;0.019346;0.019346;9;0.001395;0;0;0;0.981405
(23, 22);4;4;45;0.049473;0.079539;4110.70107;0.016511;0.01651;9;0.0014;0;0;0;0.978405
(23, 23);4;4;46;0.047807;0.077174;3533.896539;0.013466;0.013466;12;0.001411;0;0;0;0.964228
(23, 24);4;4;47;0.046091;0.074218;2810.341316;0.010252;0.010251;12;0.001438;0;0;0;0.911398
(23, 25);4;4;48;0.044347;0.070365;1899.285208;0.006907;0.006907;12;0.001494;0;0;0;0.761571
(23, 26);3;3;49;0.042596;0.064749;737.878244;0.003476;0.003476;12;0.001217;0;0;0;0.451243
(24, 0);3;3;50;0.041228;0.062418;600.123055;0.002646;0.002646;10;0.00124;0;0;0;0.42546
(24, 1);4;4;49;0.042866;0.067766;1565.264882;0.005259;0.005258;10;0.001524;0;0;0;0.71886
(24, 2);4;4;48;0.044493;0.071418;2275.426661;0.007805;0.007804;10;0.001463;0;0;0;0.861059
(24, 3);4;4;47;0.046091;0.074218;2810.341316;0.010252;0.010251;10;0.001438;0;0;0;0.911398
(24, 4);4;4;46;0.047638;0.07646;3218.867976;0.012569;0.012569;8;0.001425;0;0;0;0.924955
(24, 5);4;4;45;0.049113;0.078289;3533.934873;0.014728;0.014727;8;0.00142;0;0;0;0.927833
(24, 6);4;4;44;0.050492;0.07979;3778.427728;0.016701;0.0167;8;0.001417;0;0;0;0.928329
(24, 7);4;4;43;0.051752;0.08102;3968.42339;0.018463;0.018462;8;0.001416;0;0;0;0.9284
(24, 8);4;4;42;0.052869;0.082015;4115.252145;0.019993;0.019993;8;0.001416;0;0;0;0.928409
(24, 9);4;4;41;0.053818;0.082801;4226.887048;0.021271;0.02127;8;0.001415;0;0;0;0.92841
(24, 10);4;4;40;0.054581;0.083396;4308.891738;0.022282;0.022282;11;0.001415;0;0;0;0.92841
(24, 11);4;4;39;0.055139;0.083812;4365.062183;0.023013;0.023012;11;0.001415;0;0;0;0.92841
(24, 12);4;4;38;0.055479;0.084059;4397.850894;0.023455;0.023455;11;0.001415;0;0;0;0.92841
(24, 13);4;4;37;0.055594;0.084141;4408.632829;0.023603;0.023603;11;0.001415;0;0;0;0.92841
(24, 14);4;4;38;0.055479;0.084059;4397.850894;0.023455;0.023455;11;0.001415;0;0;0;0.92841
(24, 15);4;4;39;0.055139;0.083812;4365.062183;0.023013;0.023012;11;0.001415;0;0;0;0.92841
(24, 16);4;4;40;0.054581;0.083396;4308.891738;0.022282;0.022282;9;0.001415;0;0;0;0.92841
(24, 17);4;4;41;0.053818;0.082801;4226.887048;0.021271;0.02127;9;0.001415;0;0;0;0.92841
(24, 18);4;4;42;0.052869;0.082015;4115.252145;0.019993;0.019993;9;0.001416;0;0;0;0.928409
(24, 19);4;4;43;0.051752;0.08102;3968.42339;0.018463;0.018462;9;0.001416;0;0;0;0.9284
(24, 20);4;4;44;0.050492;0.07979;3778.427728;0.016701;0.0167;9;0.001417;0;0;0;0.928329
(24, 21);4;4;45;0.049113;0.078289;3533.934873;0.014728;0.014727;9;0.00142;0;0;0;0.927833
(24, 22);4;4;46;0.047638;0.07646;3218.867976;0.012569;0.012569;9;0.001425;0;0;0;0.924955
(24, 23);4;4;47;0.046091;0.074218;2810.341316;0.010252;0.010251;12;0.001438;0;0;0;0.911398
(24, 24);4;4;48;0.044493;0.071418;2275.426661;0.007805;0.007804;12;0.001463;0;0;0;0.861059
(24, 25);4;4;49;0.042866;0.067766;1565.264882;0.005259;0.005258;12;0.001524;0;0;0;0.71886
(24, 26);3;3;50;0.041228;0.062418;600.123055;0.002646;0.002646;12;0.00124;0;0;0;0.42546
(25, 0);3;3;51;0.039827;0.059417;381.775749;0.001783;0.001783;10;0.001294;0;0;0;0.353872
(25, 1);4;4;50;0.041354;0.064382;1089.692216;0.003543;0.003543;10;0.001585;0;0;0;0.59913
(25, 2);4;4;49;0.042866;0.067766;1565.264882;0.005259;0.005258;10;0.001524;0;0;0;0.71886
(25, 3);4;4;48;0.044347;0.070365;1899.285208;0.006907;0.006907;10;0.001494;0;0;0;0.761571
(25, 4);4;4;47;0.045778;0.072451;2141.03728;0.008469;0.008469;8;0.001481;0;0;0;0.773159
(25, 5);4;4;46;0.047138;0.074157;2319.938978;0.009923;0.009923;8;0.001475;0;0;0;0.775636
(25, 6);4;4;45;0.048407;0.075562;2454.408077;0.011253;0.011252;8;0.001473;0;0;0;0.776066
(25, 7);4;4;44;0.049564;0.076714;2556.338216;0.01244;0.01244;8;0.001471;0;0;0;0.776127
(25, 8);4;4;43;0.050587;0.077647;2633.586189;0.013471;0.01347;8;0.001471;0;0;0;0.776135
(25, 9);4;4;42;0.051456;0.078385;2691.423987;0.014332;0.014332;8;0.00147;0;0;0;0.776136
(25, 10);4;4;41;0.052153;0.078944;2733.410057;0.015013;0.015013;11;0.00147;0;0;0;0.776136
(25, 11);4;4;40;0.052662;0.079336;2761.919384;0.015506;0.015506;11;0.00147;0;0;0;0.776136
(25, 12);4;4;39;0.052972;0.079569;2778.465628;0.015804;0.015803;11;0.00147;0;0;0;0.776136
(25, 13);4;4;38;0.053077;0.079646;2783.890925;0.015903;0.015904;11;0.00147;0;0;0;0.776136
(25, 14);4;4;39;0.052972;0.079569;2778.465628;0.015804;0.015803;11;0.00147;0;0;0;0.776136
(25, 15);4;4;40;0.052662;0.079336;2761.919384;0.015506;0.015506;11;0.00147;0;0;0;0.776136
(25, 16);4;4;41;0.052153;0.078944;2733.410057;0.015013;0.015013;11;0.00147;0;0;0;0.776136
(25, 17);4;4;42;0.051456;0.078385;2691.423987;0.014332;0.014332;11;0.00147;0;0;0;0.776136
(25, 18);4;4;43;0.050587;0.077647;2633.586189;0.013471;0.01347;9;0.001471;0;0;0;0.776135
(25, 19);4;4;44;0.049564;0.076714;2556.338216;0.01244;0.01244;9;0.001471;0;0;0;0.776127
(25, 20);4;4;45;0.048407;0.075562;2454.408077;0.011253;0.011252;9;0.001473;0;0;0;0.776066
(25, 21);4;4;46;0.047138;0.074157;2319.938978;0.009923;0.009923;9;0.001475;0;0;0;0.775636
(25, 22);4;4;47;0.045778;0.072451;2141.03728;0.008469;0.008469;9;0.001481;0;0;0;0.773159
(25, 23);4;4;48;0.044347;0.070365;1899.285208;0.006907;0.006907;12;0.001494;0;0;0;0.761571
(25, 24);4;4;49;0.042866;0.067766;1565.264882;0.005259;0.005258;12;0.001524;0;0;0;0.71886
(25, 25);4;4;50;0.041354;0.064382;1089.692216;0.003543;0.003543;12;0.001585;0;0;0;0.59913
(25, 26);3;3;51;0.039827;0.059417;381.775749;0.001783;0.001783;12;0.001294;0;0;0;0.353872
(26, 0);2;2;52;0.038409;0.055064;6.631916;0.000897;0.000897;10;0.000938;0;0;0;0.20851
(26, 1);3;3;51;0.039827;0.059417;381.775749;0.001783;0.001783;10;0.001294;0;0;0;0.353872
(26, 2);3;3;50;0.041228;0.062418;600.123055;0.002646;0.002646;10;0.00124;0;0;0;0.42546
(26, 3);3;3;49;0.042596;0.064749;737.878244;0.003476;0.003476;10;0.001217;0;0;0;0.451243
(26, 4);3;3;48;0.043914;0.066635;829.32373;0.004261;0.004261;8;0.001205;0;0;0;0.458305
(26, 5);3;3;47;0.045164;0.068188;892.155729;0.004993;0.004993;8;0.0012;0;0;0;0.459829
(26, 6);3;3;46;0.046328;0.069472;936.3304;0.005662;0.005662;8;0.001198;0;0;0;0.460095
(26, 7);3;3;45;0.047387;0.070529;967.810647;0.00626;0.006259;8;0.001197;0;0;0;0.460134
(26, 8);3;3;44;0.048321;0.071389;990.341568;0.006778;0.006778;8;0.001196;0;0;0;0.460139
(26, 9);3;3;43;0.049113;0.07207;1006.357463;0.007212;0.007212;8;0.001196;0;0;0;0.460139
(26, 10);3;3;42;0.049747;0.072587;1017.471143;0.007554;0.007554;11;0.001196;0;0;0;0.460139
(26, 11);3;3;41;0.05021;0.072949;1024.74843;0.007802;0.007802;11;0.001196;0;0;0;0.460139
(26, 12);3;3;40;0.050492;0.073165;1028.865438;0.007952;0.007952;11;0.001196;0;0;0;0.460139
(26, 13);3;3;39;0.050587;0.073236;1030.19762;0.008003;0.008002;11;0.001196;0;0;0;0.460139
(26, 14);3;3;40;0.050492;0.073165;1028.865438;0.007952;0.007952;11;0.001196;0;0;0;0.460139
(26, 15);3;3;41;0.05021;0.072949;1024.74843;0.007802;0.007802;11;0.001196;0;0;0;0.460139
(26, 16);3;3;42;0.049747;0.072587;1017.471143;0.007554;0.007554;11;0.001196;0;0;0;0.460139
(26, 17);3;3;43;0.049113;0.07207;1006.357463;0.007212;0.007212;11;0.001196;0;0;0;0.460139
(26, 18);3;3;44;0.048321;0.071389;990.341568;0.006778;0.006778;9;0.001196;0;0;0;0.460139
(26, 19);3;3;45;0.047387;0.070529;967.810647;0.00626;0.006259;9;0.001197;0;0;0;0.460134
(26, 20);3;3;46;0.046328;0.069472;936.3304;0.005662;0.005662;9;0.001198;0;0;0;0.460095
(26, 21);3;3;47;0.045164;0.068188;892.155729;0.004993;0.004993;9;0.0012;0;0;0;0.459829
(26, 22);3;3;48;0.043914;0.066635;829.32373;0.004261;0.004261;9;0.001205;0;0;0;0.458305
(26, 23);3;3;49;0.042596;0.064749;737.878244;0.003476;0.003476;12;0.001217;0;0;0;0.451243
(26, 24);3;3;50;0.041228;0.062418;600.123055;0.002646;0.002646;12;0.00124;0;0;0;0.42546
(26, 25);3;3;51;0.039827;0.059417;381.775749;0.001783;0.001783;12;0.001294;0;0;0;0.353872
(26, 26);2;2;52;0.038409;0.055064;6.631916;0.000897;0.000897;12;0.000938;0;0;0;0.20851
