78,80.5,487.797035202601,50,100.0
90,45.5,400.1817516230405,50,100.0
89,53.0,279.6126223731654,50,100.0
88,45.5,427.49910371009696,50,100.0
104,50.0,376.00729327596025,50,100.0
107,42.0,348.668170125124,50,92.93203772845851
78,65.0,516.5746233525622,50,100.0
83,69.0,300.5092733862392,50,100.0
96,58.0,347.56931894126996,50,100.0
87,54.0,349.4302052255608,50,95.34625892455924
97,55.0,316.17503491924464,50,100.0
90,38.5,360.2774262220622,50,100.0
93,52.0,388.99788448968127,50,100.0
93,61.0,352.2015123897018,50,100.0
88,100.0,431.8933987865067,50,100.0
94,40.5,321.54387991753595,50,100.0
85,49.0,349.16665496747606,50,100.0
99,52.0,429.4640552689935,50,100.0
83,42.0,264.45739724460446,50,100.0
106,29.0,294.02318411011356,50,100.0
95,84.0,342.67981359755703,50,95.34625892455924
78,91.5,506.9281223330594,50,95.34625892455924
89,77.0,462.93248530974387,50,100.0
94,85.0,256.7623816160226,50,100.0
87,92.0,613.5023453690479,50,95.34625892455924
101,58.0,346.8468558112335,50,100.0
112,34.5,217.55041409692876,50,92.93203772845851
83,77.0,555.6184715998526,50,100.0
83,47.0,287.01756185127255,50,100.0
83,51.0,488.8676006876065,50,100.0
92,50.5,396.8087514916874,50,95.34625892455924
93,42.0,356.36042033573347,50,92.93203772845851
95,54.0,428.03563838395945,50,100.0
88,75.0,478.27518551828473,50,100.0
102,54.0,512.262893904453,50,90.4534033733291
98,86.0,416.42294145344044,50,100.0
113,44.0,264.7873046196457,50,100.0
86,63.5,512.4553683145136,50,100.0
100,45.0,357.0169442545388,50,100.0
88,69.0,402.74325515342633,50,100.0
101,35.0,364.3923483888711,50,100.0
102,57.5,356.20415742470954,50,92.93203772845851
81,115.0,743.0396444817765,50,100.0
90,54.0,630.3385389280331,50,100.0
85,122.0,1037.3370314448061,50,100.0
92,152.0,633.9733034963745,50,92.93203772845851
78,127.0,454.6599765821644,50,100.0
96,70.5,342.3957595244878,50,100.0
86,64.0,357.9274387866744,50,100.0
106,71.0,268.5359583304293,50,100.0
90,47.0,378.1975419989301,50,100.0
94,86.5,509.9320464012072,50,100.0
87,97.0,705.0415329740447,50,85.28028654224417
97,84.0,387.44058240833164,50,95.34625892455924
95,63.0,709.9772817840694,50,95.34625892455924
90,73.0,579.7248778149452,50,92.93203772845851
96,154.0,655.512734898442,50,95.34625892455924
83,77.0,299.23022506641945,50,100.0
84,52.0,441.0778256810421,50,100.0
91,60.0,558.4863773626298,50,100.0
94,47.5,663.0968145718316,50,100.0
107,61.0,625.4559399196835,50,100.0
97,67.0,439.1158784706902,50,100.0
98,98.0,608.4113755976781,50,100.0
92,63.5,210.4822741820884,50,100.0
95,73.0,488.30488108035337,50,95.34625892455924
101,187.0,649.266117159281,50,100.0
95,180.0,1081.4279823802544,50,100.0
105,95.0,364.44437487901,50,95.34625892455924
101,69.0,369.7292812128066,50,100.0
89,74.0,350.1072566578041,50,95.34625892455924
83,108.0,439.46440600949705,50,100.0
92,36.0,376.96128094801776,50,100.0
84,85.0,427.30522314757934,50,100.0
95,91.0,479.4168987655196,50,100.0
99,79.0,450.87504993911165,50,100.0
78,150.0,1138.4632534344616,50,100.0
95,67.0,849.8512932299999,50,100.0
89,115.0,739.9100556482782,50,100.0
105,137.0,495.55574918413623,50,95.34625892455924
84,91.5,478.6675903765357,50,95.34625892455924
94,64.5,466.3207848184496,50,100.0
80,151.0,657.3232596839389,50,79.77240352174655
81,72.0,736.5324628467915,50,100.0
78,92.5,351.3678094189015,50,100.0
96,60.0,535.1693874331883,50,100.0
97,69.0,217.34283732092,50,100.0
96,113.5,610.5335262968415,50,100.0
96,44.5,269.1220910485627,50,100.0
94,126.0,382.20515871030887,50,100.0
89,92.0,522.263253811639,50,100.0
87,82.0,352.1298251967638,50,100.0
91,38.0,214.63084189043823,50,100.0
109,71.0,318.59116664542347,50,100.0
96,45.0,574.2343353804478,50,90.4534033733291
103,74.0,539.540960562663,50,95.34625892455924
101,60.0,426.56473328577965,50,100.0
95,73.0,732.7534810928921,50,100.0
83,204.0,1395.2898040832888,50,95.34625892455924
93,39.0,172.80143760873258,50,100.0
94,46.5,493.63956604207226,50,100.0
94,77.0,544.1811951794308,50,92.93203772845851
86,61.5,646.8742433661323,50,92.93203772845851
105,47.0,335.8420525322644,50,100.0
101,92.0,447.3336759330359,50,100.0
97,32.0,422.63262497809643,50,100.0
99,65.0,527.8767298226646,50,100.0
91,52.0,504.8213603452274,50,100.0
101,76.0,807.5876836187346,50,100.0
101,34.0,230.07676334150517,50,100.0
97,54.0,435.683378909588,50,100.0
91,98.0,1078.6113624964607,50,100.0
99,54.0,550.9374909593171,50,95.34625892455924
81,163.0,621.5853337720363,50,100.0
84,85.5,779.9627420232,50,100.0
96,191.5,906.8276190060078,50,100.0
87,254.0,1008.8493355417555,50,100.0
96,54.0,360.1123064345539,50,100.0
85,102.0,582.2475235769446,50,100.0
78,93.5,599.9961971241455,50,100.0
97,39.0,401.6597839523812,50,100.0
90,104.0,666.9910768737566,50,100.0
86,43.5,539.7861475518979,50,100.0
88,60.5,356.7255500764207,50,100.0
96,61.0,843.8638936125791,50,67.4199862463242
95,61.0,453.056119076296,50,100.0
99,85.0,706.5158247313032,50,87.90490729915325
94,41.5,367.0112976604217,50,100.0
95,50.0,778.5241310456476,50,100.0
91,35.0,234.8455866578071,50,95.34625892455924
84,78.0,419.0582389826124,50,100.0
86,194.5,498.3036581287703,50,100.0
91,169.0,503.23902665504585,50,100.0
94,162.5,621.5675397529145,50,76.87061147858074
86,112.0,685.1628163817126,50,100.0
89,98.0,560.8368658004375,50,100.0
101,45.0,329.2088584398171,50,100.0
101,60.0,348.5719312955774,50,100.0
99,57.0,322.2583971618609,50,100.0
101,42.0,547.3102676808749,50,100.0
98,32.5,434.889269383931,50,95.34625892455924
84,180.0,413.6673622653316,50,100.0
96,39.5,666.0460568837194,50,100.0
99,45.0,542.3459151995737,50,100.0
89,121.0,769.3437609566887,50,100.0
83,136.0,1031.7972240742872,50,100.0
104,70.0,648.2438486289612,50,95.34625892455924
92,106.0,515.9017168628307,50,92.93203772845851
87,131.0,480.3066468483262,50,100.0
66,120.0,628.7788208856955,50,95.34625892455924
99,81.0,1013.9256339074476,50,100.0
90,152.5,850.6255945610543,50,100.0
78,284.5,695.0838965262561,50,100.0
91,151.0,736.4648043583672,50,95.34625892455924
94,93.0,345.76682044455714,50,100.0
98,103.5,475.06008489723797,50,100.0
90,94.5,490.3734488640382,50,100.0
91,77.0,442.8105747700761,50,100.0
95,38.0,763.4131501683371,50,100.0
92,82.5,436.9525952240188,50,100.0
102,110.5,513.7337801003085,50,100.0
88,98.0,610.0749871470955,50,100.0
94,71.0,755.5835384933868,50,100.0
93,95.0,981.2652269062105,50,100.0
84,90.0,866.590852524917,50,100.0
96,76.0,680.3693781979563,50,100.0
90,88.0,416.9368226810457,50,100.0
88,75.5,452.479344223356,50,100.0
110,71.0,610.6526769858009,50,85.28028654224417
101,86.0,888.0474613799457,50,100.0
101,49.0,490.43811793614947,50,92.93203772845851
101,78.0,1132.0704573462024,50,95.34625892455924
87,118.0,520.787035739652,50,100.0
94,116.5,877.8237585176615,50,100.0
101,112.0,1167.2636084806072,50,92.93203772845851
90,106.0,542.7516571125113,50,100.0
86,52.5,494.6426494102537,50,100.0
80,141.5,364.48500841702594,50,100.0
100,54.0,348.55095768195804,50,100.0
97,39.0,349.2128332092148,50,100.0
106,64.5,451.1601645425722,50,95.34625892455924
104,101.0,481.61373376897353,50,100.0
91,66.0,426.196193793886,50,67.4199862463242
90,59.5,575.42909528054,50,100.0
99,36.0,599.4886072208463,50,100.0
87,94.0,606.5365017323421,50,100.0
101,70.0,347.0135991856832,50,92.93203772845851
89,136.0,485.93650330062763,50,100.0
92,95.0,559.1939179856017,50,100.0
98,55.5,334.67298240915585,50,100.0
85,96.0,614.9707157519723,50,90.4534033733291
72,456.0,1070.6015551759801,50,85.28028654224417
92,70.5,729.704784896476,50,85.28028654224417
90,103.5,1670.6166197357572,50,100.0
94,71.5,737.1060033929529,50,85.28028654224417
89,121.0,448.2172033614646,50,85.28028654224417
88,75.0,459.5226317732433,50,100.0
102,35.0,598.1558221689745,50,100.0
85,57.0,458.96787814101555,50,100.0
87,45.0,328.4853651599997,50,100.0
99,46.0,428.5774869701655,50,100.0
91,57.0,538.7144873688649,50,95.34625892455924
107,89.0,405.8060425524781,50,100.0
91,76.0,648.0923879706838,50,100.0
83,116.0,410.1690920855236,50,100.0
89,44.0,627.3916430338573,50,95.34625892455924
86,66.0,349.5788008877194,50,95.34625892455924
95,70.0,644.4618201460656,50,100.0
89,58.0,313.87931756634464,50,100.0
89,113.0,484.3724038778495,50,79.77240352174655
92,65.5,340.6416788129157,50,100.0
100,55.0,500.53945888310335,50,100.0
86,62.5,703.0315636443105,50,100.0
102,35.5,442.24551124358953,50,100.0
84,49.0,479.4806216347391,50,100.0
82,247.0,1205.880964724135,50,100.0
101,76.0,1296.8462097269546,50,100.0
92,101.0,767.4561869742064,50,100.0
98,135.0,353.94320481749924,50,100.0
93,66.0,364.13254429901184,50,90.4534033733291
81,60.0,417.2138174179331,50,100.0
75,94.0,491.47909691328954,50,100.0
85,78.0,337.1041373815752,50,90.4534033733291
88,60.0,526.9252285165618,50,90.4534033733291
86,101.5,636.6700524425148,50,100.0
93,83.0,841.2007910843826,50,100.0
106,88.5,713.9666667065167,50,95.34625892455924
104,94.5,683.8976662658118,50,95.34625892455924
102,22.0,293.88405155783227,50,100.0
87,174.0,472.31944045939156,50,100.0
93,111.0,458.4084761386862,50,100.0
92,67.5,674.1251805695131,50,100.0
97,65.0,685.6462612256017,50,100.0
91,82.0,499.0717207151518,50,100.0
80,74.5,732.185948143112,50,100.0
93,62.0,681.657592318189,50,100.0
87,48.0,701.4616337929731,50,100.0
97,38.0,672.4133005023324,50,100.0
97,140.0,413.62841908186743,50,100.0
89,66.0,504.30262607079476,50,100.0
97,104.0,627.9056153354255,50,95.34625892455924
88,54.5,489.62918909731263,50,100.0
96,162.0,517.7798082433895,50,100.0
99,23.0,528.6818208890965,50,100.0
85,79.0,466.18435720427254,50,95.34625892455924
95,71.0,834.0791134689778,50,100.0
106,173.0,1600.2557738340233,50,100.0
102,40.0,815.7374485899446,50,95.34625892455924
86,173.0,662.2001904276852,50,100.0
90,86.5,605.736907513151,50,85.28028654224417
108,47.0,233.82308341380858,50,100.0
86,45.0,472.0726927317256,50,100.0
105,50.0,354.5719554783226,50,100.0
92,79.0,551.160020982198,50,100.0
87,61.0,525.6131504329453,50,100.0
90,95.0,786.5537467359554,50,100.0
95,112.0,431.81387134375666,50,90.4534033733291
80,71.0,753.6119099108598,50,85.28028654224417
91,43.0,1071.212451267682,50,100.0
106,63.5,367.3126912015155,50,95.34625892455924
102,76.5,481.89268020171653,50,100.0
94,101.0,497.987143673651,50,100.0
90,114.0,313.87494826135367,50,100.0
98,66.5,662.8878246289013,50,100.0
109,85.0,644.7394553937957,50,100.0
85,107.0,430.909724926712,50,100.0
87,75.0,574.8661411080512,50,92.93203772845851
99,67.0,396.4553115534674,50,100.0
97,49.0,285.18338812515526,50,100.0
105,59.0,669.3152267135589,50,100.0
99,61.0,564.85622720374,50,100.0
88,51.5,340.7742549963811,50,100.0
102,70.5,1046.1973189270138,50,100.0
79,98.0,1307.9193948634281,50,90.4534033733291
100,44.5,409.9508345737044,50,100.0
88,56.0,410.9524903450448,50,100.0
88,88.5,383.056933483061,50,95.34625892455924
25,1.0,392.4640238289365,4,NaN
93,69.0,471.3899647120519,50,100.0
92,61.0,636.0503575456667,50,100.0
91,96.0,424.73570809836764,50,100.0
93,65.0,426.715552712344,50,100.0
96,61.0,313.1044210942604,50,100.0
111,61.0,278.9858409072034,50,100.0
84,189.0,387.00103607351446,50,100.0
88,52.0,383.1868315298547,50,100.0
92,65.5,784.743685349637,50,100.0
109,49.0,296.49549918971,50,92.93203772845851
97,101.0,359.3015217726053,50,100.0
110,143.5,798.8464456868345,50,100.0
95,44.0,529.1452572285615,50,100.0
79,253.0,980.3199878004185,50,100.0
91,90.0,692.2535581467159,50,100.0
98,82.5,537.0475454403817,50,100.0
92,58.5,306.8039278486097,50,100.0
89,88.0,720.3120333814481,50,100.0
91,60.0,449.7706413189169,50,100.0
92,105.5,809.019534463079,50,100.0
85,58.0,287.60535032404044,50,100.0
87,89.0,461.832365606192,50,95.34625892455924
83,80.0,466.4694217440994,50,100.0
96,62.0,293.8305229314006,50,100.0
81,80.0,1018.0665118403925,50,95.34625892455924
87,129.0,366.2034530042666,50,100.0
98,56.5,924.5787905487957,50,100.0
95,46.0,439.3307844732602,50,100.0
95,50.0,469.4944058116836,50,100.0
92,103.0,456.130008012265,50,100.0
86,53.0,465.8623507240754,50,100.0
87,155.0,854.1485878997714,50,95.34625892455924
83,175.0,1212.3750225964775,50,100.0
92,66.5,535.2243751443744,50,100.0
89,85.0,356.7057489271389,50,92.93203772845851
82,132.0,418.2438653397189,50,100.0
86,72.5,436.92753925039284,50,95.34625892455924
99,46.0,362.81307637115265,50,95.34625892455924
88,69.5,349.1643388170782,50,100.0
86,39.5,356.8409082340892,50,100.0
98,69.0,506.4819532490454,50,100.0
95,64.0,806.3788497177469,50,100.0
86,150.0,497.37663588135763,50,100.0
98,116.0,676.3049976313687,50,100.0
80,77.5,691.8891968801751,50,100.0
96,92.5,580.3438303312173,50,100.0
97,77.0,630.4458097483157,50,100.0
87,50.0,565.5504674163639,50,100.0
103,72.0,550.0623494071323,50,95.34625892455924
86,73.0,356.7152002128974,50,100.0
99,68.0,473.37669107298257,50,100.0
93,74.0,493.1116160857028,50,100.0
96,89.5,455.930969570129,50,100.0
98,51.5,852.12295133698,50,95.34625892455924
98,284.0,1137.1089681693961,50,100.0
89,101.0,500.9890264232612,50,100.0
93,139.0,618.0220549479258,50,100.0
91,42.0,482.15155866068244,50,100.0
91,142.0,393.9632588560123,50,100.0
95,50.0,238.38819912622097,50,100.0
89,129.0,484.5760570397384,50,100.0
89,84.0,361.80272765487643,50,100.0
91,60.0,377.1991118273875,50,67.4199862463242
83,358.0,1385.147018127606,50,100.0
89,106.0,1078.8085005685098,50,100.0
90,112.5,348.9867509084163,50,95.34625892455924
100,116.0,602.5474057380184,50,100.0
91,122.0,496.78272164747483,50,100.0
92,43.5,513.335321610353,50,87.90490729915325
95,56.0,448.1204025535664,50,100.0
94,47.5,528.8029809448343,50,95.34625892455924
100,147.0,744.3285645601693,50,100.0
95,86.0,501.38258565734805,50,100.0
95,192.0,998.0582979873526,50,95.34625892455924
96,56.5,372.43975846331244,50,100.0
91,79.0,702.4809462565371,50,95.34625892455924
100,73.0,275.6234189812417,50,100.0
97,49.0,310.5261812398355,50,92.93203772845851
95,71.0,494.44384855400955,50,100.0
91,96.0,447.81254281705134,50,100.0
79,82.0,384.26868668130896,50,100.0
83,131.0,599.0952770997256,50,100.0
95,109.0,422.48882596195364,50,100.0
107,54.0,814.7348381299925,50,95.34625892455924
110,115.5,937.2190538835991,50,100.0
85,73.0,627.3248692636365,50,100.0
83,96.0,822.1790605345928,50,100.0
90,173.5,469.69575843638785,50,100.0
97,93.0,545.3455037201967,50,100.0
99,60.0,339.5180858396868,50,100.0
97,189.0,846.8953984621868,50,90.4534033733291
91,48.0,411.7048603836152,50,100.0
109,46.0,558.1000163684573,50,100.0
86,134.5,860.8046634824016,50,100.0
93,88.0,961.0280111641748,50,100.0
94,98.5,661.2824637864381,50,100.0
99,76.0,511.7335285944977,50,100.0
109,48.0,954.3977898928525,50,100.0
91,59.0,303.20891462759784,50,95.34625892455924
83,95.0,493.2596806427138,50,100.0
99,49.0,502.6818936144414,50,100.0
96,78.0,466.2939283666247,50,100.0
82,96.0,347.2704777308353,50,100.0
103,58.0,722.7899032508589,50,100.0
91,73.0,525.1318969149647,50,95.34625892455924
95,57.0,729.4055557271578,50,100.0
98,114.5,674.9313448187224,50,100.0
98,58.0,508.2473413439253,50,100.0
88,81.5,530.9815515118929,50,100.0
98,50.5,464.18319792632883,50,100.0
99,55.0,448.4567113722913,50,95.34625892455924
93,98.0,401.2266098184011,50,100.0
87,125.0,528.5767664416582,50,100.0
89,74.0,610.5587222115835,50,100.0
95,43.0,1246.038188989829,50,95.34625892455924
90,115.0,812.3455732242768,50,95.34625892455924
88,74.0,737.8503556517563,50,100.0
79,144.0,388.2010595580586,50,100.0
101,58.0,641.6859408874978,50,100.0
90,133.5,659.6270827252844,50,95.34625892455924
102,41.0,734.8776743598683,50,100.0
97,52.0,363.72194864736304,50,100.0
103,84.0,792.4907599504812,50,100.0
93,105.0,749.807212404446,50,100.0
91,75.0,913.397984530335,50,100.0
87,72.0,910.810472557606,50,100.0
71,86.0,491.04098555719554,50,100.0
104,53.5,456.5969389477552,50,100.0
99,54.0,745.8482812389442,50,100.0
93,75.0,421.40413564095076,50,95.34625892455924
90,106.5,485.3657833998817,50,100.0
94,82.0,1109.1869526081675,50,95.34625892455924
90,83.0,412.28059136646016,50,95.34625892455924
87,106.0,450.16650161544754,50,100.0
86,107.0,835.5980241735472,50,100.0
88,280.0,475.89009698079315,50,100.0
98,173.0,590.8283914062794,50,100.0
86,90.5,244.93143991721013,50,100.0
91,81.0,548.8577547239674,50,100.0
76,117.5,579.7460125975917,50,100.0
100,40.0,730.812241843473,50,100.0
96,67.0,481.7590752429552,50,100.0
104,158.5,565.242525621281,50,100.0
91,64.0,543.1370572918617,50,100.0
90,172.0,897.7728147846159,50,100.0
90,169.5,1218.5236157937977,50,100.0
91,85.0,322.9369709083913,50,100.0
98,93.5,413.4020270345057,50,100.0
92,91.0,582.1486630870726,50,100.0
81,72.0,313.5698019245673,50,100.0
88,57.0,606.3025210205053,50,100.0
99,52.0,777.6363849158028,50,100.0
88,144.0,618.0630721915819,50,100.0
98,60.5,631.2718853603183,50,95.34625892455924
84,68.0,571.4877057217982,50,95.34625892455924
76,345.5,617.459884342238,50,95.34625892455924
103,66.0,513.3400261875148,50,92.93203772845851
81,65.0,375.4564584082871,50,100.0
101,99.0,478.9272490691985,50,100.0
103,98.0,830.9247029566689,50,100.0
99,74.0,484.91807544025704,50,100.0
91,128.0,885.7559462611562,50,100.0
93,34.0,445.47853883745046,50,100.0
84,60.5,482.1585073000269,50,95.34625892455924
107,47.0,500.43438951065514,50,95.34625892455924
92,154.0,419.70728828034737,50,100.0
78,96.0,1535.3010406912988,50,100.0
103,109.0,596.3552112443541,50,100.0
83,320.0,725.64461417616,50,100.0
105,38.0,299.1530801857393,50,100.0
84,184.5,457.91866606769656,50,85.28028654224417
80,167.5,916.320291136984,50,100.0
96,78.0,347.2505838475382,50,100.0
98,73.0,549.5165095584468,50,95.34625892455924
107,109.0,366.26924008639946,50,92.93203772845851
88,229.0,770.4706644652105,50,100.0
93,59.0,1640.111788513783,50,100.0
101,48.0,561.1096716011554,50,95.34625892455924
91,55.0,801.5935429247219,50,100.0
94,52.5,484.50461472353476,50,100.0
107,28.0,336.9340397908934,50,100.0
101,49.0,515.4941601113546,50,100.0
84,86.5,347.76178593010894,50,100.0
95,138.0,386.48521482276107,50,100.0
77,56.0,224.3920730790132,50,100.0
82,102.5,757.8891128703508,50,100.0
85,36.0,390.5856462529359,50,100.0
90,50.0,378.08046706426217,50,95.34625892455924
96,90.0,836.2456702088105,50,100.0
91,51.0,546.6012272098386,50,100.0
87,130.0,1078.978285387064,50,100.0
102,95.5,565.4125293826077,50,100.0
91,117.0,877.685312868404,50,100.0
97,80.0,587.292431892681,50,100.0
90,107.5,476.1032658209176,50,100.0
95,140.0,697.3936769497527,50,100.0
97,58.0,269.50644162809505,50,95.34625892455924
89,51.0,640.9108742432031,50,100.0
91,158.0,600.0311857992248,50,100.0
91,71.0,409.07750653049396,50,100.0
110,56.0,325.717667234919,50,100.0
107,64.0,776.6077969298017,50,100.0
100,53.0,725.2013897232724,50,100.0
88,54.0,650.914856444069,50,92.93203772845851
78,96.0,384.3963849369303,50,100.0
84,124.0,518.181888660813,50,100.0
98,75.0,885.4455573616857,50,100.0
87,168.0,902.6687409680679,50,100.0
80,53.0,475.77214240363185,50,100.0
80,84.5,473.2422981780159,50,100.0
109,42.0,449.2525755702164,50,95.34625892455924
97,85.0,461.73689878842174,50,95.34625892455924
90,85.0,1130.9660281387744,50,100.0
100,63.0,1436.2543140215296,50,100.0
93,65.0,440.51640798453786,50,100.0
94,96.5,520.4672852691714,50,95.34625892455924
94,53.0,803.7681415364075,50,100.0
94,73.5,618.3538944474367,50,100.0
91,97.0,475.9337627445089,50,100.0
97,71.0,449.3242695246372,50,76.87061147858074
81,101.0,758.7742271438703,50,95.34625892455924
87,144.0,351.5107741997511,50,100.0
92,117.5,672.3016693711787,50,95.34625892455924
79,64.0,904.0994832924699,50,92.93203772845851
86,46.5,481.3799634594758,50,100.0
84,58.0,453.0760023264396,50,100.0
101,66.0,389.67944251755455,50,100.0
82,72.0,527.9743727413338,50,100.0
98,104.5,420.30497641102977,50,100.0
93,69.0,442.89140527638955,50,100.0
92,103.5,492.41474095947837,50,82.57228238447705
95,75.0,450.45990135900314,50,100.0
96,74.5,843.2501842547169,50,100.0
111,69.0,923.9261165245134,50,100.0
94,181.0,535.2350790039693,50,100.0
97,132.0,436.4894558899365,50,100.0
77,168.0,706.3821844433612,50,92.93203772845851
96,124.0,695.3890666003949,50,100.0
91,126.0,560.173013348559,50,100.0
89,95.0,526.9274809921372,50,100.0
106,48.0,533.7162142884827,50,100.0
93,43.0,323.4241566940228,50,100.0
85,124.0,695.4131438333952,50,100.0
110,91.5,637.063980902339,50,100.0
92,78.0,454.4217984724095,50,100.0
109,60.0,409.8881832888868,50,100.0
105,71.0,530.4889639214853,50,76.87061147858074
89,177.0,847.0216702706427,50,100.0
68,186.0,773.1418000446587,50,100.0
97,80.0,669.5590871118252,50,95.34625892455924
100,40.0,669.9343375030546,50,100.0
86,82.0,287.8124655421954,50,100.0
82,178.0,1268.7105540227005,50,95.34625892455924
83,122.0,907.6189595459647,50,92.93203772845851
95,55.0,535.2772684201581,50,100.0
83,112.0,624.4926824957546,50,90.4534033733291
86,57.0,528.3766005520531,50,100.0
89,118.0,654.7167784700607,50,100.0
102,63.5,1569.3168101536876,50,100.0
96,71.0,411.6305185137878,50,95.34625892455924
98,133.5,436.8060694279334,50,100.0
80,123.0,433.4849536757776,50,100.0
96,112.5,828.6974639350939,50,95.34625892455924
94,100.5,607.196793570395,50,95.34625892455924
91,111.0,1248.7202966409168,50,95.34625892455924
85,131.0,1152.9518056304187,50,100.0
100,215.0,407.38499337639183,50,95.34625892455924
93,163.0,718.3557887778779,50,100.0
93,58.0,398.22673062654553,50,90.4534033733291
101,138.0,468.29251394172576,50,100.0
92,126.5,522.2512333090134,50,100.0
88,103.0,405.9978322748931,50,100.0
92,111.5,478.57094814959737,50,100.0
111,129.0,781.3647209791515,50,100.0
88,109.0,622.9824454598198,50,100.0
104,106.0,662.5610772640531,50,100.0
92,88.5,498.6793666537952,50,100.0
97,61.0,469.076497289385,50,95.34625892455924
83,160.0,594.1438158684844,50,100.0
89,136.0,601.2679700924039,50,100.0
83,181.0,1020.8285948102985,50,100.0
88,133.0,460.1704830088539,50,100.0
100,66.5,485.63011239070227,50,100.0
100,76.0,651.6796870744512,50,100.0
98,92.0,630.6544465298211,50,100.0
81,128.0,1704.1716536194353,50,100.0
97,114.0,882.4469091484402,50,100.0
88,79.5,626.8962539931447,50,100.0
101,34.0,409.4594149305246,50,100.0
87,194.0,550.2232705188646,50,100.0
85,67.0,608.0887132592393,50,95.34625892455924
92,113.0,287.4723684762809,50,100.0
92,52.5,385.44397291819,50,100.0
87,49.0,526.9150776590296,50,100.0
87,56.0,536.3986038161255,50,100.0
86,79.5,790.8666734741313,50,100.0
90,142.5,620.7322026572573,50,100.0
91,100.0,341.53556316076504,50,100.0
97,52.0,408.9723062675692,50,90.4534033733291
103,145.0,711.8046888691698,50,100.0
93,64.0,394.02074394290014,50,92.93203772845851
101,55.0,420.10014506208887,50,100.0
90,43.0,575.3003155384818,50,95.34625892455924
101,79.0,478.9057384670116,50,100.0
99,57.0,462.9891125797095,50,100.0
100,195.5,991.3998903193667,50,100.0
102,155.0,1102.6296074621723,50,100.0
80,116.5,499.9070722188578,50,100.0
89,82.0,594.6402761059106,50,100.0
96,57.0,985.8034607151137,50,95.34625892455924
94,51.0,449.97084033234165,50,100.0
86,52.5,335.851899034106,50,100.0
93,66.0,555.4599783220494,50,100.0
95,63.0,536.3249541453108,50,90.4534033733291
101,83.0,285.5480892724178,50,100.0
92,162.5,941.7235870367008,50,95.34625892455924
100,71.5,745.6197348447122,50,100.0
93,68.0,333.90955431498674,50,100.0
101,131.0,480.25556727745504,50,100.0
98,76.0,460.1702956851168,50,100.0
90,51.0,598.1081765754352,50,95.34625892455924
90,97.5,463.90030839592873,50,100.0
87,93.0,553.0543210785169,50,100.0
83,65.0,349.5395337999664,50,100.0
95,51.0,355.5360547486061,50,100.0
103,43.0,563.5961533087029,50,100.0
96,61.0,1187.6158365940341,50,85.28028654224417
98,106.5,632.1749641963188,50,100.0
99,135.0,641.6649581935186,50,100.0
93,100.0,1229.976496466775,50,100.0
101,93.0,502.51115646942367,50,100.0
96,79.0,551.6102360561575,50,100.0
81,107.0,457.84776231493163,50,100.0
81,88.0,549.1321194101664,50,100.0
91,105.0,514.5857361543165,50,100.0
87,115.0,746.09671934794,50,95.34625892455924
85,143.0,960.4654103515611,50,100.0
99,152.0,379.7554749825482,50,100.0
100,101.5,1023.550502028122,50,100.0
89,64.0,591.3348074004349,50,100.0
97,59.0,467.09621599837436,50,100.0
112,47.5,328.0076462631298,50,100.0
94,90.5,351.84118198637503,50,100.0
109,57.0,451.76792012352456,50,100.0
89,57.0,332.9110394902888,50,100.0
87,72.0,336.0731962888936,50,100.0
79,268.0,700.0263012632028,50,95.34625892455924
93,214.0,712.3531414473914,50,100.0
94,115.5,629.2819191854893,50,95.34625892455924
97,90.0,657.161315204289,50,100.0
98,83.5,731.1614027313658,50,100.0
98,46.5,291.0978479476259,50,100.0
89,100.0,474.78407758355183,50,100.0
91,45.0,507.24096645124996,50,100.0
102,44.5,642.880811366899,50,100.0
100,53.5,337.56140017615894,50,100.0
89,72.0,994.6114585726448,50,100.0
97,106.0,464.35503852561317,50,100.0
99,47.0,558.7000097426303,50,100.0
72,218.0,632.528389974419,50,100.0
75,94.0,686.5551605431776,50,100.0
98,61.0,606.7597097375738,50,95.34625892455924
96,148.0,454.14693454640286,50,85.28028654224417
93,117.0,468.104905619239,50,100.0
90,78.0,427.89721440129114,50,100.0
90,68.5,456.35101806108986,50,100.0
96,119.5,758.3891886119612,50,100.0
90,137.5,680.687686436971,50,100.0
100,78.0,318.6747778541691,50,100.0
97,116.0,447.26976525623905,50,95.34625892455924
88,125.0,571.7715836424753,50,100.0
82,95.5,695.4211243546858,50,100.0
91,47.0,410.51656787887686,50,100.0
89,137.0,638.133346388698,50,100.0
101,53.0,294.73885269358146,50,100.0
98,68.0,629.5832404861417,50,100.0
84,71.0,572.8254111540427,50,100.0
87,142.0,1001.1708906903344,50,95.34625892455924
89,88.0,618.101448314579,50,95.34625892455924
79,220.0,1285.782126714116,50,100.0
100,65.0,647.194706624543,50,100.0
93,32.0,463.67786143672606,50,100.0
90,90.5,453.5516471464011,50,100.0
94,113.0,620.9233271485368,50,95.34625892455924
106,63.5,412.86141987543874,50,100.0
92,60.0,365.7817858492328,50,95.34625892455924
111,50.0,545.0449252272426,50,100.0
85,86.0,529.6287738550825,50,100.0
97,77.0,588.2456924029144,50,100.0
77,126.0,605.4943371696365,50,100.0
93,41.0,1075.7453498562102,50,100.0
91,59.0,604.7308292324577,50,92.93203772845851
89,216.0,766.2581322771713,50,100.0
100,144.5,374.8683857924894,50,92.93203772845851
92,66.0,783.731329260484,50,100.0
94,78.0,474.3365805034985,50,100.0
103,42.0,545.5845318914179,50,100.0
104,60.0,563.971707876634,50,100.0
88,85.0,515.136563520039,50,100.0
89,192.0,981.0988111146511,50,100.0
95,135.0,656.7165585683616,50,100.0
94,63.5,751.4503198988862,50,100.0
87,90.0,484.35819051896016,50,100.0
87,59.0,465.0130522178481,50,100.0
87,186.0,1148.6209866954598,50,95.34625892455924
101,67.0,584.5423253272683,50,100.0
92,74.0,325.0433496760969,50,100.0
96,49.0,786.1505770681348,50,100.0
100,49.5,448.8137967369253,50,95.34625892455924
96,56.0,588.5366594880929,50,90.4534033733291
89,44.0,1040.352540526616,50,95.34625892455924
89,59.0,901.5098508812619,50,100.0
95,57.0,619.6727594298425,50,100.0
92,204.0,538.7435102864595,50,100.0
89,67.0,443.1232754345784,50,100.0
98,88.5,538.3593873026709,50,100.0
96,106.5,431.706591876124,50,95.34625892455924
84,83.5,633.7050189649664,50,100.0
95,85.0,666.5770568181684,50,100.0
103,45.0,327.354848796025,50,95.34625892455924
102,90.0,695.4553409361763,50,95.34625892455924
106,122.5,691.1275470875231,50,100.0
94,54.5,538.5252305421267,50,100.0
93,33.0,654.3264201059138,50,100.0
91,117.0,686.4356419929626,50,100.0
101,77.0,347.5869681044438,50,100.0
87,129.0,678.3526991095421,50,100.0
109,64.0,366.7264185398236,50,100.0
88,61.5,286.28350009080583,50,100.0
103,46.0,549.6192214588135,50,100.0
89,60.0,637.5935589982038,50,100.0
93,82.0,658.8844172657051,50,100.0
86,88.5,541.7111487435445,50,95.34625892455924
94,65.5,485.89109811900977,50,95.34625892455924
105,54.0,473.27615322992676,50,100.0
99,85.0,751.9334645199235,50,100.0
72,233.5,712.215358265529,50,85.28028654224417
88,102.0,329.07400478761497,50,100.0
97,46.0,458.79098410520226,50,100.0
97,112.0,569.5439271984129,50,100.0
92,97.5,613.3778262540031,50,100.0
98,107.0,1071.0771455084594,50,100.0
84,111.0,649.282616061157,50,100.0
101,79.0,350.03402465452064,50,100.0
89,77.0,531.2819101754484,50,100.0
103,86.0,669.3453869990418,50,100.0
89,135.0,1771.2948839432565,50,95.34625892455924
95,76.0,451.48234809159254,50,100.0
104,111.0,518.3638726438073,50,100.0
90,128.5,604.0633579761632,50,100.0
92,97.0,368.3752713468901,50,85.28028654224417
94,98.0,610.2128987965582,50,100.0
85,166.0,534.1950519252314,50,100.0
94,104.5,568.0545024496985,50,100.0
100,37.0,520.4033473560618,50,100.0
107,75.0,614.4836526771985,50,100.0
89,57.0,404.92747525267356,50,100.0
114,43.5,279.826583826468,50,82.57228238447705
105,66.0,386.8524993160911,50,100.0
91,81.0,631.2643583395866,50,100.0
106,109.0,548.4810006611473,50,100.0
99,60.0,737.3572563975702,50,100.0
100,142.0,1038.5810728337412,50,100.0
102,34.0,709.4467798572459,50,100.0
91,91.0,428.45037696205327,50,82.57228238447705
93,76.0,772.4670140214956,50,95.34625892455924
86,52.5,418.8737521571841,50,100.0
96,64.5,435.69330400352584,50,100.0
93,89.0,588.760148835224,50,95.34625892455924
106,73.0,529.9608059046898,50,100.0
85,165.0,773.4011102338322,50,100.0
93,108.0,710.7868929899993,50,90.4534033733291
102,93.5,506.8566846716636,50,92.93203772845851
98,70.0,865.0459298566892,50,85.28028654224417
89,169.0,665.1455035238669,50,100.0
82,71.0,639.6088467291651,50,82.57228238447705
99,44.0,519.645281429214,50,90.4534033733291
91,30.0,737.3265598917862,50,100.0
99,35.0,318.3172168549466,50,100.0
88,92.5,387.2140612529134,50,100.0
85,78.0,788.6335437873249,50,100.0
96,51.0,518.9163975358448,50,100.0
92,92.5,348.5704221903967,50,100.0
85,152.0,1057.2636503401277,50,100.0
90,99.0,794.818927313624,50,100.0
80,166.0,438.93284786708415,50,100.0
94,114.5,768.6674999395258,50,95.34625892455924
95,107.0,535.4214877466849,50,100.0
80,156.0,642.4875331253666,50,100.0
83,43.0,467.7139356434264,50,100.0
87,148.0,522.5249712975551,50,100.0
93,134.0,480.07183772662,50,100.0
90,68.0,252.05281063858715,50,100.0
96,188.0,905.4547432067566,50,76.87061147858074
97,58.0,1085.7884015607817,50,100.0
100,46.5,867.7948979738788,50,100.0
83,81.0,314.38408082974786,50,92.93203772845851
90,55.5,784.5649023614798,50,95.34625892455924
79,99.0,616.5995474758473,50,100.0
78,68.5,434.59442761822953,50,100.0
98,89.5,488.24085656632485,50,95.34625892455924
112,76.5,700.6289523657861,50,95.34625892455924
98,77.5,536.4777554330461,50,100.0
83,64.0,389.2579723362501,50,95.34625892455924
92,141.0,929.663086998339,50,100.0
102,61.0,620.0468153240968,50,100.0
94,68.5,331.48583298489024,50,92.93203772845851
84,85.0,852.9524111527775,50,100.0
102,62.5,363.2110017602035,50,100.0
95,67.0,344.9356065650105,50,95.34625892455924
93,87.0,446.52554351326603,50,100.0
100,98.0,387.99055114497025,50,100.0
88,78.0,363.2255215693567,50,100.0
100,66.0,430.80137341161446,50,100.0
79,181.0,706.9802585723561,50,100.0
94,155.5,524.2069614742051,50,95.34625892455924
89,86.0,699.7947435462737,50,100.0
98,35.5,459.82237992666506,50,100.0
97,70.0,497.30938429848703,50,100.0
94,90.5,428.00331142600595,50,100.0
99,59.0,401.1893013201033,50,95.34625892455924
96,90.5,413.553207161435,50,95.34625892455924
81,115.0,424.8098234635248,50,100.0
92,112.5,527.2959129498963,50,100.0
84,56.0,502.845724000638,50,100.0
87,85.0,374.25056610996245,50,100.0
102,93.0,629.8673566038823,50,95.34625892455924
77,221.0,874.1248348668304,50,95.34625892455924
103,36.0,443.15718121725195,50,100.0
69,145.0,583.0128712977885,21,NaN
98,86.0,369.3567822159272,50,100.0
99,66.0,503.7996003490817,50,100.0
92,83.0,548.0668013164161,50,100.0
93,82.0,533.9845391755658,50,100.0
91,51.0,552.7287053644144,50,95.34625892455924
84,104.5,286.08543692956204,50,100.0
91,42.0,442.65982661646865,50,100.0
98,125.5,704.7176914311375,50,90.4534033733291
96,156.5,495.0802801283139,50,100.0
86,45.5,470.0702163982879,50,100.0
89,54.0,621.0931526672082,50,100.0
90,97.0,557.4021184010717,50,100.0
90,134.5,466.63442919683945,50,100.0
98,113.0,641.8874956069958,50,100.0
91,100.0,571.1044566156882,50,100.0
90,66.0,411.56454570443617,50,95.34625892455924
86,64.0,593.053559312653,50,100.0
86,162.5,546.8041426794757,50,100.0
89,222.0,713.343219119334,50,100.0
117,39.0,837.0940298584376,50,100.0
92,65.5,323.05275448243884,50,100.0
89,95.0,613.564898214309,50,100.0
93,41.0,540.2613629956858,50,92.93203772845851
93,130.0,663.6656534575544,50,100.0
92,96.0,585.9596332768233,50,100.0
81,59.0,552.5804793069613,50,100.0
99,43.0,562.6378115155621,50,100.0
85,67.0,679.5899296995356,50,100.0
78,76.0,888.8803859309983,50,100.0
90,89.0,808.6940234696343,50,100.0
85,109.0,997.2807885186896,50,100.0
95,57.0,656.9444526638293,50,95.34625892455924
78,67.5,426.2836704968509,50,100.0
99,95.0,860.9826051565672,50,100.0
101,71.0,465.99799026465024,50,95.34625892455924
101,110.0,399.00748572347146,50,100.0
84,67.0,340.7843640607592,50,100.0
94,37.0,400.6979326362229,50,95.34625892455924
104,43.5,739.2271217228604,50,95.34625892455924
100,56.5,600.9958210076729,50,90.4534033733291
91,142.0,486.42548015204517,50,100.0
94,66.5,468.2887830723762,50,95.34625892455924
102,147.5,630.2927024016975,50,100.0
93,34.0,431.8223769299031,50,85.28028654224417
92,57.5,371.0917352454926,50,95.34625892455924
85,91.0,418.9918278686689,50,95.34625892455924
98,128.0,623.187919694118,50,100.0
93,182.0,725.8173527777274,50,100.0
95,122.0,606.5850507061656,50,100.0
91,87.0,916.3358972990617,50,100.0
95,66.0,937.5147160323169,50,100.0
89,105.0,452.29875433911036,50,100.0
91,248.0,1037.491777686353,50,100.0
103,70.0,645.6666522687185,50,100.0
90,62.0,412.8661079528445,50,100.0
78,81.5,518.9302062330337,50,95.34625892455924
87,49.0,665.0329108553323,50,100.0
89,75.0,355.23210341008917,50,100.0
101,75.0,614.6759809722179,50,95.34625892455924
77,268.0,474.08923693713064,50,85.28028654224417
108,42.5,419.649330688926,50,100.0
99,63.0,549.4780636611954,50,100.0
91,59.0,625.9432961636462,50,100.0
102,91.0,1150.4054278461062,50,100.0
95,116.0,862.1462216485088,50,100.0
90,45.5,567.5433399279999,50,100.0
95,96.0,322.13135983620344,50,100.0
93,108.0,890.9032714518924,50,95.34625892455924
103,85.0,459.8812796334719,50,100.0
84,117.0,442.0879635305237,50,100.0
88,50.0,537.8390242083012,50,100.0
90,59.0,388.1930765342982,50,95.34625892455924
92,123.0,934.1855529797504,50,100.0
96,125.0,808.0050739700856,50,100.0
87,117.0,986.4366559132811,50,100.0
75,217.0,616.5291552548665,50,100.0
91,76.0,469.6036423968419,50,100.0
96,39.5,338.23303224386177,50,95.34625892455924
91,33.0,396.18225107692047,50,100.0
80,56.0,352.05900595054527,50,100.0
95,78.0,362.22496768119964,50,100.0
95,81.0,660.8015476149758,50,100.0
101,50.0,339.6843322035246,50,100.0
91,85.0,663.4517294527141,50,95.34625892455924
92,103.0,1044.9031184730688,50,100.0
99,33.0,588.4093191832279,50,100.0
92,49.0,591.7717454676887,50,95.34625892455924
90,92.0,898.5052909847501,50,100.0
84,102.5,484.74931491185816,50,100.0
91,96.0,403.21059677045366,50,95.34625892455924
96,54.5,482.7992277316168,50,100.0
100,40.0,373.11544981264024,50,100.0
90,105.5,598.6609214542106,50,100.0
102,40.5,647.9362675558536,50,100.0
83,174.0,600.7526650955894,50,100.0
94,135.5,502.7963562098383,50,95.34625892455924
100,119.5,869.7185366135948,50,100.0
95,77.0,584.792702238379,50,95.34625892455924
82,62.0,500.2295529964787,50,100.0
93,58.0,436.94583924430793,50,95.34625892455924
104,96.0,570.3567008023243,50,100.0
84,117.5,394.74028586836107,50,100.0
102,45.5,384.499801760512,50,100.0
88,105.0,362.10858719242674,50,100.0
101,75.0,825.6503585982781,50,100.0
105,49.0,302.32250718669354,50,100.0
94,70.0,805.4668108275922,50,100.0
93,79.0,1125.0788867464025,50,100.0
93,104.0,1779.868582407276,50,100.0
92,106.5,665.2895273187887,50,92.93203772845851
94,55.0,356.2143872152231,50,100.0
86,59.0,440.8524300900235,50,100.0
82,117.0,847.8905579279832,50,100.0
86,63.0,787.9328639451558,50,100.0
94,57.5,307.1020456426269,50,92.93203772845851
98,41.5,719.732411425514,50,100.0
92,36.0,416.8310545603184,50,100.0
101,56.0,750.9139193392448,50,100.0
94,69.5,555.9095662905868,50,95.34625892455924
90,167.5,1309.8742134480622,50,100.0
93,133.0,661.0283693931676,50,100.0
92,68.0,221.99776468488056,50,100.0
99,46.0,454.16622417752893,50,95.34625892455924
110,67.0,388.7765120394938,50,90.4534033733291
102,47.5,698.6167146008083,50,100.0
95,93.0,415.75225955055083,50,92.93203772845851
88,71.0,602.3793122402586,50,100.0
107,81.0,628.8632324166542,50,100.0
95,72.0,463.1821822248467,50,90.4534033733291
81,160.0,1450.3603502850638,50,95.34625892455924
99,178.0,678.7132489453554,50,100.0
85,191.0,425.1116155955818,50,100.0
85,85.0,680.8820733130691,50,100.0
90,125.5,754.4002848374307,50,100.0
112,39.0,308.7883260306205,50,100.0
98,108.5,503.8248838340328,50,100.0
93,82.0,470.7614242977281,50,100.0
98,107.5,618.0251956323108,50,100.0
94,50.5,401.38752839670246,50,100.0
87,212.0,661.5778321663295,50,100.0
84,114.0,568.1302768507142,50,100.0
91,121.0,944.0270963961568,50,100.0
101,96.0,452.8573969586872,50,95.34625892455924
98,43.5,417.0805561289841,50,100.0
103,22.0,597.688914925916,50,100.0
91,142.0,440.96399034551655,50,92.93203772845851
98,44.0,368.8813650728392,50,100.0
95,124.0,841.8529645287106,50,100.0
99,83.0,343.35313810703536,50,100.0
101,78.0,361.9766843320161,50,100.0
91,208.0,542.2408660148704,50,100.0
93,76.0,539.3172720355325,50,100.0
97,58.0,555.2402194057131,50,100.0
93,67.0,509.0995887882329,50,95.34625892455924
95,130.0,506.95824906336526,50,100.0
103,109.0,433.90314350120184,50,100.0
91,77.0,359.48881900416734,50,100.0
86,53.0,465.2152897318333,50,100.0
103,44.0,319.014043613826,50,100.0
92,104.5,554.8576702911625,50,100.0
93,84.0,779.6879551375853,50,100.0
97,70.0,580.1536251176177,50,100.0
92,170.0,885.0393948355595,50,100.0
81,63.0,439.5011095647449,50,100.0
93,119.0,606.0550867008229,50,95.34625892455924
93,80.0,330.0888340771643,50,100.0
86,97.5,491.45425352776584,50,100.0
93,47.0,429.2416110800093,50,95.34625892455924
88,85.5,325.9828831785372,50,100.0
102,51.5,748.0961799705353,50,100.0
88,90.0,316.1917593953215,50,100.0
77,142.0,962.7708689349297,50,95.34625892455924
103,94.0,929.6915021490164,50,100.0
93,57.0,537.7354563269166,50,100.0
95,45.0,347.73038332144984,50,100.0
101,65.0,560.5910183912958,50,95.34625892455924
89,66.0,385.6788938248781,50,90.4534033733291
85,104.0,388.79335635987894,50,100.0
99,88.0,567.9471316428783,50,95.34625892455924
92,87.0,342.3450624474244,50,100.0
87,77.0,385.475111017014,50,100.0
81,94.0,693.3759157151532,50,100.0
105,71.0,629.1951436196713,50,95.34625892455924
88,41.5,669.9280540256043,50,100.0
93,121.0,473.4267963582664,50,95.34625892455924
96,103.0,802.9263937310817,50,100.0
98,72.0,460.70257865501617,50,92.93203772845851
107,55.0,735.9583760406068,50,100.0
82,71.5,397.4252069155149,50,100.0
96,32.5,287.8439445315964,50,100.0
90,109.0,437.9120829396231,50,100.0
95,70.0,400.6690339969279,50,100.0
81,94.0,342.7910487256337,50,100.0
88,43.5,583.2881712999797,50,100.0
97,75.0,927.52017801617,50,100.0
93,96.0,758.493553552526,50,100.0
109,30.0,804.0268309703039,50,100.0
91,109.0,758.1356783027077,50,100.0
109,40.0,520.1967248242139,50,100.0
75,67.0,375.462869650897,50,100.0
94,144.5,487.8083662396697,50,100.0
92,81.5,583.9902401353465,50,100.0
95,65.0,380.15150159605247,50,100.0
90,98.5,457.03563923460797,50,100.0
105,71.0,380.2808550986741,50,100.0
99,113.0,956.2532841430366,50,95.34625892455924
103,48.0,835.7022935437165,50,100.0
82,152.5,944.6045109057477,50,100.0
94,78.5,562.1877466266085,50,100.0
93,107.0,831.2338330056349,50,100.0
95,22.0,405.4897825072848,50,100.0
96,73.0,880.7199955299731,50,100.0
94,81.0,805.9124077517355,50,100.0
97,165.0,520.4461821575183,50,95.34625892455924
90,91.5,584.3022515988371,50,100.0
95,131.0,553.429186933259,50,95.34625892455924
98,112.5,332.7062842762159,50,100.0
85,100.0,938.2108669229561,50,100.0
106,43.0,370.3826792798391,50,100.0
83,88.0,535.603257593267,50,100.0
90,56.5,649.9754618435619,50,100.0
105,41.0,500.2701782857452,50,100.0
96,100.0,269.72744446616036,50,100.0
93,54.0,492.39308719169236,50,95.34625892455924
102,51.0,318.87078794091167,50,100.0
91,164.0,432.08037482076213,50,100.0
95,39.0,341.5879615828407,50,100.0
91,146.0,609.9899014356548,50,100.0
90,217.5,708.9776502044252,50,100.0
89,166.0,568.1402857752084,50,100.0
103,40.0,483.17643698307916,50,95.34625892455924
94,50.0,372.0087761232217,50,100.0
89,73.0,693.7800933483575,50,100.0
86,52.0,414.4262204572274,50,95.34625892455924
94,123.0,354.5930041351073,50,95.34625892455924
86,111.0,634.293734684858,50,100.0
93,82.0,406.6655916838313,50,100.0
84,78.5,516.269937443113,50,100.0
97,71.0,466.1348834792564,50,100.0
107,78.0,849.1837862346044,50,100.0
91,136.0,867.340250779768,50,95.34625892455924
92,175.0,1153.5437215013542,50,95.34625892455924
77,94.0,508.21328931539534,50,100.0
88,120.0,553.564883576581,50,100.0
82,75.5,586.0804217552655,50,100.0
95,61.0,393.44635130470226,50,100.0
89,60.0,434.86010189792785,50,90.4534033733291
90,63.5,539.3460663395118,50,100.0
96,49.0,504.5838080024423,50,100.0
94,63.0,596.2090603566322,50,100.0
86,112.0,2111.070252488986,50,95.34625892455924
91,119.0,527.6771488156119,50,100.0
92,105.0,421.9824896508223,50,85.28028654224417
87,104.0,477.2054219117291,50,100.0
92,76.5,473.66948503772187,50,100.0
99,56.0,451.79822687416316,50,100.0
95,77.0,629.2152959757175,50,100.0
91,52.0,414.25822640483335,50,100.0
100,84.5,454.2249391584915,50,95.34625892455924
90,65.0,349.2832725659533,50,100.0
101,51.0,323.42962354450253,50,100.0
83,76.0,741.1831038794289,50,100.0
96,149.5,722.469423182885,50,95.34625892455924
91,75.0,613.2344031536662,50,100.0
100,88.5,443.8905934911203,50,100.0
97,52.0,388.71090122824825,50,100.0
81,56.0,544.6384124431934,50,100.0
101,149.0,613.4544706208868,50,100.0
91,84.0,451.511525468905,50,100.0
91,116.0,478.93833521417866,50,100.0
100,32.0,354.2616591325022,50,100.0
85,150.0,847.280464612684,50,92.93203772845851
84,145.0,583.024860000055,50,100.0
75,601.0,1232.4660246765352,50,90.4534033733291
101,63.0,594.723119702699,50,100.0
92,80.0,777.704663556258,50,92.93203772845851
90,78.5,418.4091481205463,50,100.0
90,143.0,613.442194886296,50,95.34625892455924
89,43.0,214.61685103388723,50,95.34625892455924
95,101.0,462.6940869960382,50,100.0
90,58.5,300.0976081327395,50,100.0
85,84.0,707.6529554252768,50,100.0
89,88.0,853.5482694995517,50,100.0
96,69.5,660.0999575423168,50,92.93203772845851
85,137.0,1091.0578974436828,50,100.0
90,170.5,560.4892134795873,50,100.0
95,63.0,573.7141862680371,50,100.0
95,161.0,732.1400150024236,50,100.0
88,93.0,410.4577452138778,50,95.34625892455924
94,49.0,356.106924895265,50,100.0
93,81.0,496.71887470299384,50,100.0
98,55.5,616.1129942222324,50,95.34625892455924
97,96.0,487.63751607012125,50,95.34625892455924
89,61.0,384.76724720930383,50,95.34625892455924
97,135.0,858.9156358965814,50,92.93203772845851
91,185.0,547.5103663137359,50,87.90490729915325
87,84.0,544.3152377565744,50,100.0
78,108.0,875.3090787544611,50,100.0
95,149.0,388.9750427399939,50,100.0
83,94.0,441.14066275661935,50,100.0
84,86.0,391.9010399693879,50,100.0
92,60.5,842.201699605813,50,100.0
96,59.0,515.042357311087,50,95.34625892455924
93,96.0,405.43828926836954,50,100.0
101,98.0,1014.7443067683662,50,100.0
77,256.0,713.0319014470551,50,95.34625892455924
85,125.0,1048.8842504625318,50,92.93203772845851
94,70.0,665.505286727379,50,100.0
96,74.0,645.117280154166,50,90.4534033733291
88,78.5,412.65512266447513,50,100.0
87,149.0,636.1608294361167,50,100.0
84,93.5,697.5838318972017,50,100.0
90,54.5,377.1634470528117,50,100.0
99,54.0,642.0669589676608,50,100.0
106,69.5,329.73959408926424,50,100.0
98,80.5,790.1384845343682,50,100.0
87,80.0,592.2749035264227,50,95.34625892455924
92,88.5,379.80397712081594,50,100.0
89,127.0,799.8834890259601,50,100.0
83,81.0,406.28653021861913,50,100.0
87,65.0,962.0860784220423,50,100.0
83,162.0,1163.1554941180111,50,100.0
95,61.0,351.2879342732361,50,100.0
95,63.0,295.6197449336306,50,100.0
79,87.0,672.2788964693927,50,100.0
92,101.0,917.0951598663894,50,100.0
99,55.0,750.0311489443119,50,100.0
86,81.5,802.5033888980696,50,100.0
100,54.0,504.41773853572494,50,100.0
90,62.5,466.9465106628646,50,100.0
91,67.0,485.8811219970011,50,95.34625892455924
88,63.5,395.0701900522496,50,100.0
93,42.0,520.4522624636254,50,100.0
92,47.5,458.1938172605826,50,100.0
96,91.5,370.6706652882895,50,100.0
84,127.5,697.5062694943579,50,100.0
99,134.0,708.9853875335774,50,100.0
85,162.0,626.8680158085092,50,100.0
90,62.0,501.43104524309524,50,100.0
94,44.5,756.0242737312278,50,100.0
82,91.5,470.8514344475216,50,100.0
93,55.0,472.1424560778554,50,100.0
91,47.0,540.3555282843852,50,100.0
88,129.5,375.18799676343656,50,100.0
91,83.0,587.7104066631134,50,85.28028654224417
90,88.5,320.44474185773385,50,100.0
80,74.0,538.7104079551839,50,100.0
95,90.0,390.27651064244,50,100.0
85,113.0,1113.4517000010796,50,100.0
85,115.0,602.6300196772863,50,100.0
93,142.0,445.13745795539194,50,100.0
104,64.0,376.7470506576505,50,100.0
104,54.0,335.0219097089972,50,100.0
83,171.0,464.83857517393346,50,100.0
96,41.0,416.91577136954976,50,100.0
82,97.5,580.9842385868134,50,100.0
111,37.0,501.775175206712,50,100.0
90,51.5,334.87286964826956,50,100.0
86,148.0,846.587821271064,50,100.0
90,189.0,1027.8163335954011,50,100.0
87,72.0,711.5348269367181,50,100.0
107,111.0,414.26650873254306,50,100.0
109,66.0,441.6713370783779,50,100.0
89,120.0,399.3759131700721,50,100.0
85,32.0,340.29476553567554,50,100.0
105,88.0,467.4345886738001,50,100.0
81,126.0,752.8179716616694,50,95.34625892455924
91,60.0,734.3489911353054,50,100.0
104,86.5,649.2305866554592,50,100.0
88,100.0,643.4554282872027,50,100.0
81,111.0,722.8416604273598,50,85.28028654224417
76,89.5,585.9457504378202,50,100.0
100,106.0,429.3621554178366,50,100.0
105,35.0,338.6991211807977,50,95.34625892455924
84,105.0,747.1067693533099,50,100.0
91,59.0,352.90227074703375,50,95.34625892455924
97,46.0,525.7653750450099,50,100.0
98,48.0,525.5158339694223,50,100.0
89,46.0,621.250977313577,50,100.0
106,92.5,772.8768758535284,50,100.0
100,124.0,1039.5895737834196,50,95.34625892455924
95,127.0,484.14974986170694,50,100.0
103,49.0,471.62218021216444,50,100.0
97,72.0,584.9113904019933,50,95.34625892455924
95,53.0,391.0182194327158,50,100.0
101,32.0,408.16892566826806,50,100.0
108,55.5,544.1155435491079,50,100.0
101,59.0,530.1010013980056,50,95.34625892455924
103,53.0,407.7795696481437,50,100.0
95,133.0,870.4065057950493,50,100.0
102,78.0,661.5974230338389,50,100.0
95,64.0,609.4681888632762,50,100.0
97,48.0,334.4930789199693,50,100.0
90,115.0,615.8386500913344,50,100.0
90,45.5,355.2176094486618,50,100.0
95,70.0,486.72678894557225,50,100.0
92,72.5,534.5166447158225,50,100.0
105,39.0,391.9662718165406,50,100.0
80,46.0,403.12245760163853,50,95.34625892455924
100,59.0,476.6666132655194,50,100.0
91,137.0,652.2409724961215,50,100.0
90,63.5,475.13116449109253,50,100.0
95,71.0,827.9746765146915,50,100.0
99,61.0,259.14937602273045,50,100.0
93,48.0,463.5140226377846,50,100.0
95,95.0,476.183507495535,50,100.0
93,79.0,450.3384935421115,50,100.0
84,64.5,402.8362161825487,50,100.0
92,117.5,563.8763451402228,50,95.34625892455924
88,61.5,403.5722254370345,50,100.0
89,111.0,1947.6709151229666,50,100.0
88,180.0,665.5244071756493,50,100.0
103,52.0,1174.9559185059388,50,100.0
80,257.5,651.0680950551441,50,100.0
96,84.5,460.9283305213436,50,100.0
106,46.0,658.0725617937616,50,100.0
80,121.0,602.8807510611033,50,100.0
91,122.0,760.6167884691338,50,100.0
84,107.0,419.94114192263726,50,100.0
91,80.0,351.8511010552579,50,100.0
95,62.0,468.55901496387776,50,100.0
91,70.0,654.6695412975987,50,100.0
104,54.0,958.6080272394844,50,100.0
92,144.0,1086.535111267556,50,100.0
93,64.0,398.3397674849717,50,100.0
90,53.0,416.7181129288075,50,100.0
87,50.0,718.9707957065126,50,100.0
97,62.0,452.7105882550275,50,100.0
80,126.0,442.8264538125546,50,100.0
103,37.0,403.21370066829917,50,100.0
91,60.0,354.5344192834518,50,100.0
97,51.0,405.9552356486063,50,100.0
92,56.0,569.9779507223094,50,95.34625892455924
106,51.0,444.0256491340886,50,100.0
96,58.0,373.5471597965982,50,95.34625892455924
89,122.0,891.8954789965836,50,100.0
84,100.0,1358.8809929224817,50,100.0
89,60.0,555.9757041964988,50,100.0
95,97.0,637.6144109617264,50,100.0
93,78.0,443.70822114002624,50,100.0
84,98.5,450.6746576152669,50,100.0
109,45.0,315.57119654421126,50,92.93203772845851
97,100.0,541.630177068579,50,100.0
87,87.0,547.6119281424502,50,100.0
108,50.0,454.17836609775003,50,100.0
94,77.5,599.0309913307465,50,100.0
94,124.5,624.0828556975157,50,100.0
84,148.5,640.8490410402283,50,100.0
87,318.0,1185.61931286512,50,100.0
88,76.5,791.7517118704188,50,100.0
83,81.0,574.6775497773016,50,100.0
84,51.0,384.4486264954374,50,100.0
89,147.0,387.8853653987225,50,100.0
86,104.0,463.87178697019505,50,100.0
93,61.0,441.1317654118246,50,100.0
78,85.0,360.42582116265277,50,100.0
86,127.5,429.2957515173681,50,100.0
94,95.5,559.2669562639959,50,95.34625892455924
98,96.5,545.2364142486086,50,100.0
80,198.5,1115.2441061478282,50,100.0
96,75.0,336.02027664382024,50,95.34625892455924
99,84.0,531.3529291074607,50,85.28028654224417
90,42.0,471.9023239726486,50,95.34625892455924
96,58.5,388.98427320732594,50,100.0
98,80.5,554.0024815166578,50,100.0
97,71.0,320.84823580777595,50,100.0
87,75.0,422.9315227967056,50,100.0
105,45.0,688.5693231770588,50,100.0
83,118.0,551.4019921258576,50,95.34625892455924
101,78.0,853.1787119094367,50,100.0
99,184.0,1350.7304090034538,50,100.0
91,100.0,880.2661639606054,50,100.0
86,40.0,396.9688537679412,50,100.0
97,66.0,762.1905595702024,50,100.0
99,115.0,645.135290128003,50,100.0
94,75.5,457.169555294101,50,92.93203772845851
91,31.0,376.24156601193863,50,100.0
96,95.5,445.6885889400844,50,100.0
99,58.0,398.07877070893426,50,100.0
91,45.0,506.56539280896124,50,100.0
91,137.0,733.0473654879609,50,100.0
93,69.0,801.0581984228124,50,100.0
92,252.5,1190.789361220124,50,100.0
97,60.0,417.25719296055223,50,100.0
96,69.0,734.200882867563,50,100.0
95,36.0,512.2323118677584,50,100.0
84,95.5,612.3872995709874,50,100.0
109,72.0,516.3885644621746,50,100.0
101,60.0,425.1552769341462,50,95.34625892455924
80,100.5,693.5796084513253,50,100.0
86,64.0,598.8737647004682,50,100.0
86,50.5,581.6882260620902,50,100.0
93,59.0,945.414663853521,50,100.0
90,97.5,587.5088108883226,50,100.0
82,303.0,1044.3448964408606,50,100.0
89,115.0,777.1083105677238,50,100.0
112,30.5,344.85138357492383,50,100.0
84,120.5,629.0097080740532,50,100.0
96,102.5,988.1240377781971,50,100.0
98,90.0,760.2544772556424,50,100.0
93,79.0,442.99002813876984,50,100.0
87,69.0,337.27138425100594,50,92.93203772845851
102,47.0,382.6672076457767,50,100.0
92,42.5,384.3670274947259,50,100.0
96,43.5,1081.8784824910758,50,100.0
86,94.0,2063.4153905951675,50,95.34625892455924
91,139.0,616.4797255503638,50,100.0
90,46.0,426.1069913061156,50,100.0
104,31.0,424.1046808746702,50,100.0
70,103.0,528.5654206753857,50,100.0
100,98.5,638.1493706750241,50,95.34625892455924
93,37.0,437.2904330775487,50,100.0
100,46.0,326.7689444092003,50,100.0
87,67.0,675.5460978641513,50,100.0
104,74.0,464.3391771674845,50,100.0
93,91.0,606.2662464386643,50,100.0
90,83.5,541.4379725807099,50,100.0
86,138.0,629.7032575847604,50,100.0
100,79.5,427.9041064811535,50,90.4534033733291
97,68.0,648.8217817454605,50,100.0
86,78.5,460.57026746440096,50,100.0
93,80.0,416.67937998369894,50,100.0
103,48.0,902.5892027878182,50,100.0
75,104.0,435.2330190839166,50,100.0
98,65.0,1010.727874198949,50,100.0
95,81.0,497.36649871352733,50,100.0
89,75.0,1277.1261125089795,50,100.0
90,41.0,666.0330599555908,50,100.0
108,76.0,406.91584087822434,50,100.0
92,47.0,447.88826747676137,50,100.0
87,253.0,725.4425490743458,50,100.0
103,72.0,806.6723098606442,50,100.0
104,50.0,421.1727851328001,50,100.0
89,69.0,371.7097783839856,50,100.0
104,68.5,850.8074318165974,50,100.0
94,67.0,619.9952723415888,50,100.0
89,150.0,989.5685533903347,50,100.0
91,221.0,714.245943557027,50,100.0
96,46.5,427.63655547036836,50,100.0
86,72.5,508.78399384609264,50,100.0
96,58.0,563.9266702982616,50,100.0
95,70.0,332.01444200162194,50,95.34625892455924
106,48.5,275.0693322712558,50,95.34625892455924
85,153.0,430.155160593098,50,100.0
90,113.5,524.1086250115386,50,100.0
74,156.0,992.9495983432671,50,100.0
88,62.0,662.9894496285023,50,100.0
94,82.0,415.1820593618216,50,100.0
95,117.0,933.9494076665113,50,100.0
91,61.0,506.5995550309032,50,100.0
78,91.0,372.81214363120523,50,95.34625892455924
96,45.0,343.21408591712816,50,100.0
99,63.0,597.9587944428754,50,92.93203772845851
97,39.0,406.75484175195726,50,100.0
87,102.0,513.6300129111012,50,100.0
99,62.0,233.25696736024528,50,100.0
93,69.0,593.0106773019432,50,100.0
104,76.5,1248.2266018817488,50,95.34625892455924
98,43.0,403.57853865255265,50,95.34625892455924
104,45.0,409.43320400730727,50,100.0
91,52.0,640.8146455974692,50,100.0
87,133.0,623.4522193996627,50,100.0
108,84.0,528.8284016259117,50,95.34625892455924
89,89.0,492.3472593605003,50,100.0
93,105.0,384.0757462036354,50,100.0
98,27.0,507.16165909264896,50,100.0
97,30.0,511.39909835732726,50,95.34625892455924
92,59.5,820.6998260577134,50,100.0
99,89.0,852.2425399724984,50,100.0
88,96.0,501.68624695782216,50,100.0
100,54.0,493.09886360944836,50,100.0
89,77.0,918.6322015953759,50,95.34625892455924
97,103.0,420.22577566632475,50,100.0
90,81.5,530.0840787901167,50,100.0
97,61.0,604.1844207013394,50,100.0
86,79.5,674.3568451367297,50,100.0
99,67.0,308.4857788913293,50,100.0
91,99.0,955.8881883209084,50,100.0
88,87.5,845.8923261595357,50,95.34625892455924
98,72.5,915.7676178468571,50,100.0
95,147.0,684.3489619190865,50,92.93203772845851
96,126.5,625.1977265303927,50,95.34625892455924
93,62.0,460.15281574520674,50,100.0
97,65.0,534.9008173953109,50,100.0
98,61.0,509.8818785623405,50,100.0
94,119.5,1039.410202019505,50,100.0
98,34.5,481.88419211000513,50,100.0
82,80.5,417.3224766691498,50,95.34625892455924
93,108.0,926.700553621439,50,76.87061147858074
84,143.0,709.156264464835,50,100.0
97,130.0,384.33784827300093,50,100.0
92,122.5,433.52026783419154,50,100.0
84,76.0,581.9231406250753,50,100.0
100,63.5,384.8365519505283,50,100.0
95,97.0,419.20265673444135,50,95.34625892455924
80,169.0,525.7310664894666,50,85.28028654224417
87,100.0,632.6310941692719,50,95.34625892455924
101,120.0,463.7657653908003,50,100.0
97,76.0,899.8473096182195,50,100.0
87,110.0,603.3360672550486,50,90.4534033733291
92,100.5,895.9701019979138,50,100.0
90,88.5,429.4762203489193,50,87.90490729915325
96,63.5,626.2351889203491,50,95.34625892455924
93,118.0,507.95139269870447,50,100.0
86,53.5,461.1087814656465,50,92.93203772845851
88,107.5,325.162147277237,50,100.0
88,90.5,730.2069641915325,50,100.0
84,58.0,442.3417726515016,50,100.0
84,60.5,776.8046694029305,50,100.0
92,57.0,453.996917551958,50,100.0
90,133.0,918.8396033743259,50,100.0
90,214.5,1045.6993702942104,50,100.0
96,52.0,640.823102489455,50,95.34625892455924
98,48.0,836.7954968543086,50,100.0
94,71.5,448.3835356172023,50,100.0
89,74.0,376.1137862188265,50,95.34625892455924
98,71.0,510.7781520773927,50,100.0
92,101.0,577.2231716958927,50,95.34625892455924
85,81.0,561.5280490411355,50,100.0
93,98.0,950.1123994184856,50,100.0
98,67.0,1061.5807681613808,50,100.0
93,145.0,843.9004443819487,50,100.0
97,175.0,771.3705876866902,50,100.0
84,64.5,570.7415785732936,50,100.0
110,61.0,425.9713949994743,50,100.0
92,155.0,473.15517778493324,50,100.0
91,105.0,344.54774200413283,50,100.0
107,43.0,410.59962453267383,50,100.0
101,53.0,770.5021358738329,50,95.34625892455924
94,87.0,757.6207024649456,50,100.0
105,40.0,520.6494118629734,50,100.0
96,73.0,554.0384462204323,50,100.0
93,145.0,1348.8183539108063,50,95.34625892455924
91,119.0,587.3244948672432,50,100.0
84,53.5,491.3002244037136,50,100.0
107,37.0,720.5783464773949,50,100.0
102,93.0,426.72677981666044,50,100.0
83,63.0,521.6196776939191,50,100.0
96,92.5,547.9791669709813,50,100.0
97,59.0,406.9023319323186,50,100.0
93,48.0,578.1872372334699,50,100.0
90,74.0,683.0092956925967,50,100.0
88,86.0,856.2687995327702,50,92.93203772845851
93,48.0,563.0256729212234,50,95.34625892455924
90,57.0,258.25206067222035,50,100.0
88,112.0,641.5828078642049,50,100.0
94,43.0,435.0421250150776,50,100.0
88,74.5,523.34039023788,50,100.0
71,155.0,413.4737812810397,50,90.4534033733291
103,32.0,356.2861155258577,50,100.0
98,48.5,385.3395075546682,50,100.0
98,62.0,402.05080588834034,50,100.0
96,43.0,620.5547260173402,50,100.0
91,61.0,895.2446707536552,50,100.0
95,70.0,629.909660065017,50,90.4534033733291
89,71.0,491.75213409722244,50,100.0
92,73.0,500.57091915404294,50,100.0
98,57.0,322.6064596920706,50,100.0
93,147.0,572.5936869963132,50,100.0
99,83.0,531.9936755939727,50,100.0
99,59.0,567.7458658339232,50,100.0
98,81.0,387.85976871719254,50,85.28028654224417
89,95.0,520.5767584028052,50,100.0
88,86.5,819.1468819994654,50,100.0
99,244.0,982.2066508469834,50,100.0
92,61.0,560.0012883064834,50,100.0
94,138.0,494.08610905564615,50,100.0
100,44.0,340.70925488403805,50,100.0
98,105.0,516.8070848078975,50,100.0
86,106.0,487.72093075113116,50,100.0
98,95.5,302.04178389311704,50,85.28028654224417
89,152.0,439.28385691470976,50,100.0
103,45.0,362.4493155977925,50,85.28028654224417
89,50.0,457.9078190372428,50,100.0
85,91.0,907.8012370526919,50,100.0
101,86.0,401.7834138975479,50,92.93203772845851
89,228.0,985.875588601424,50,100.0
97,103.0,527.0719236639119,50,100.0
93,109.0,669.4877052773497,50,100.0
93,63.0,720.3151922298201,50,100.0
97,76.0,571.74604535406,50,100.0
90,92.5,412.5969955950145,50,100.0
86,88.5,472.98601897414136,50,100.0
87,63.0,559.3992921249887,50,100.0
102,56.5,315.0191689107308,50,100.0
110,104.5,461.8998300073304,50,95.34625892455924
90,82.0,771.0000189451898,50,100.0
87,130.0,1495.5561710924833,50,100.0
98,67.5,426.06494982402177,50,95.34625892455924
105,47.0,508.0284905915683,50,100.0
88,81.0,482.859940405152,50,100.0
94,167.0,577.2639880079435,50,100.0
103,38.0,530.0984183554654,50,100.0
105,21.0,297.7366415010213,50,100.0
92,167.5,567.7810767985919,50,100.0
89,41.0,409.93389810695135,50,100.0
86,187.5,1150.0366003811107,50,90.4534033733291
98,47.0,682.7182215988473,50,100.0
108,60.5,1332.5281104385883,50,100.0
80,127.5,670.8165852012104,50,100.0
87,64.0,620.8155208968017,50,100.0
106,50.5,455.9301562382941,50,100.0
87,75.0,461.2664533416104,50,100.0
86,119.5,1572.136823583006,50,100.0
91,109.0,461.54885419719636,50,100.0
101,85.0,538.834093572446,50,100.0
94,106.5,782.4995584094629,50,100.0
95,110.0,1035.3586575829784,50,100.0
91,79.0,732.9938041838532,50,100.0
96,109.5,648.1747103624984,50,100.0
88,69.5,457.6996191315731,50,100.0
91,41.0,381.20632058277687,50,100.0
101,51.0,382.2026472492785,50,87.90490729915325
100,52.5,499.657327019673,50,100.0
88,115.0,647.4771608717753,50,100.0
97,57.0,311.80589719531156,50,100.0
98,49.5,323.0015501008584,50,100.0
97,76.0,438.7139899654546,50,100.0
91,76.0,797.0024158016403,50,100.0
106,153.5,867.8273547773832,50,100.0
90,65.5,926.2796365939065,50,100.0
94,48.5,416.9720145850938,50,100.0
104,53.0,460.3353532110933,50,100.0
99,37.0,293.9422462229877,50,100.0
98,38.5,445.21244843032383,50,100.0
99,91.0,620.9422560125859,50,100.0
100,53.5,383.79201793458793,50,100.0
105,112.0,797.3677492051755,50,100.0
90,90.5,347.6699512558458,50,100.0
100,54.5,703.7222204359854,50,100.0
85,72.0,985.848932893572,50,100.0
96,42.5,555.6400951613168,50,100.0
85,186.0,594.0686548427435,50,100.0
106,47.0,329.7769280621681,50,95.34625892455924
93,69.0,466.10725921412023,50,95.34625892455924
78,116.0,461.6905945849504,50,100.0
87,121.0,565.9837813380968,50,100.0
87,155.0,617.4428682363681,50,100.0
85,63.0,354.9942036059709,50,82.57228238447705
89,117.0,877.7869204318936,50,100.0
86,291.5,624.0429504186136,50,100.0
97,82.0,440.5577192058834,50,100.0
99,89.0,927.9055768973415,50,92.93203772845851
91,96.0,398.14096509029076,50,100.0
95,57.0,316.47846111447166,50,100.0
92,46.0,420.6501702069956,50,100.0
86,183.0,373.267410553241,50,100.0
87,50.0,429.91112202580456,50,79.77240352174655
96,33.0,767.594628716934,50,100.0
84,76.0,435.66221776306315,50,100.0
92,93.5,863.6310386680116,50,100.0
97,71.0,1097.192324719181,50,95.34625892455924
93,46.0,1219.7111619587752,50,95.34625892455924
95,77.0,663.105589513725,50,100.0
99,41.0,466.09986915154565,50,100.0
97,67.0,833.3188045554792,50,100.0
88,131.0,410.47408111154573,50,100.0
91,132.0,397.0131958205894,50,92.93203772845851
80,143.0,501.0910880079715,50,100.0
92,62.0,541.5494954921897,50,100.0
97,35.0,314.5259384159375,50,100.0
95,101.0,960.1785096724099,50,100.0
88,96.5,1094.1992143047637,50,100.0
92,86.0,2059.0196586265533,50,100.0
84,81.5,449.0012865634443,50,100.0
89,190.0,718.3131483631203,50,95.34625892455924
91,54.0,519.4842788719558,50,100.0
89,102.0,382.4252766043374,50,100.0
90,94.0,471.1906989548107,50,100.0
97,77.0,494.2324577502113,50,95.34625892455924
93,95.0,832.7321965514757,50,100.0
96,46.5,446.10639907789454,50,100.0
101,73.0,538.5745386326448,50,100.0
96,115.5,831.1581725430412,50,100.0
96,78.0,416.745727806221,50,79.77240352174655
82,231.5,585.5582199380922,50,100.0
92,74.0,727.7474973175017,50,100.0
94,225.5,423.69553964846625,50,95.34625892455924
94,94.5,515.1519711893471,50,100.0
99,76.0,546.0766545427206,50,95.34625892455924
88,79.5,462.1767022203035,50,100.0
95,61.0,502.2581533749143,50,95.34625892455924
81,126.0,417.08441206801706,50,95.34625892455924
97,156.0,1281.7055487189084,50,95.34625892455924
111,28.0,1088.6609229130092,50,95.34625892455924
78,75.5,505.3067132533215,50,100.0
99,74.0,624.2010150869843,50,100.0
96,64.0,482.6671349469474,50,95.34625892455924
92,57.0,656.3411463789275,50,100.0
99,55.0,364.83163067147075,50,100.0
88,43.0,901.292902100186,50,100.0
112,35.0,415.0851534375171,50,100.0
94,67.5,470.92456460692017,50,100.0
81,74.0,533.4534529082674,50,100.0
85,83.0,412.8982586410308,50,100.0
106,53.0,518.2445468429311,50,100.0
99,76.0,387.7182693667428,50,100.0
89,56.0,589.8494460444788,50,100.0
88,68.5,1290.6811373059934,50,100.0
96,81.0,1049.1819644976715,50,100.0
94,50.5,511.66575247496945,50,100.0
78,111.5,753.9355397083349,50,85.28028654224417
83,101.0,465.0648105264564,50,100.0
97,62.0,333.71073330406495,50,100.0
88,149.5,791.5842255100085,50,100.0
86,118.0,606.1744879566619,50,70.71067811865474
89,67.0,512.5576010880094,50,100.0
91,75.0,404.1084931511267,50,95.34625892455924
94,64.5,347.69926368692273,50,100.0
83,300.0,1078.1237789560687,50,90.4534033733291
88,70.0,876.2896798010404,50,100.0
87,132.0,606.0856430704878,50,100.0
90,74.5,604.6890184125754,50,100.0
108,58.5,491.091124142799,50,95.34625892455924
97,64.0,511.00037428282,50,100.0
90,52.0,527.6489933419579,50,95.34625892455924
80,100.5,517.1222021859736,50,100.0
87,83.0,678.0089577226877,50,100.0
94,85.0,864.6559743046417,50,100.0
78,179.5,573.6603766796411,50,92.93203772845851
89,85.0,745.251521080726,50,95.34625892455924
96,119.5,1093.2722357534278,50,100.0
110,93.5,408.7192907512361,50,100.0
78,83.0,421.8152003781553,50,100.0
86,105.0,524.0286211260163,50,100.0
99,101.0,491.75717666327466,50,100.0
94,63.5,381.7985067392765,50,100.0
87,78.0,828.2872217607593,50,95.34625892455924
101,48.0,313.8644703412195,50,95.34625892455924
89,79.0,401.86606318210954,50,100.0
88,62.0,615.5590266009306,50,100.0
95,178.0,671.0093178125512,50,100.0
95,78.0,911.0273903319539,50,95.34625892455924
81,167.0,730.347930783678,50,100.0
104,99.5,652.753826899917,50,100.0
99,66.0,329.1898330700092,50,95.34625892455924
100,64.0,452.17874929404996,50,100.0
94,46.0,336.23316976775277,50,100.0
91,143.0,540.1261388876176,50,100.0
101,66.0,447.10923997972526,50,100.0
109,51.0,443.08766866962253,50,100.0
90,42.5,309.9802546971699,50,100.0
88,178.0,612.976152754208,50,100.0
95,77.0,753.6330056989511,50,100.0
95,104.0,828.0858196757389,50,100.0
87,145.0,383.9064749418432,50,100.0
105,87.0,474.06979961649625,50,95.34625892455924
97,120.0,328.8783757554135,50,100.0
100,118.5,527.8070196577534,50,100.0
95,70.0,752.2646704308926,50,100.0
96,57.5,355.2298389590071,50,100.0
91,32.0,554.635826796557,50,92.93203772845851
95,125.0,745.2668651804843,50,100.0
96,174.0,866.5502955989523,50,100.0
97,93.0,1109.7626807966665,50,100.0
94,50.5,436.48895844477033,50,100.0
91,214.0,579.5142505103446,50,100.0
89,116.0,498.5459357482242,50,100.0
94,97.5,725.3323211414388,50,100.0
89,87.0,720.0871755192514,50,100.0
94,58.5,353.8437628216163,50,100.0
98,51.0,691.2072659746008,50,100.0
98,44.5,177.46374684227473,50,100.0
102,80.0,849.281541178865,50,100.0
87,129.0,1047.4097497675136,50,100.0
94,109.5,717.2992044519424,50,100.0
96,59.5,627.4652159751741,50,95.34625892455924
98,130.5,444.717761788199,50,100.0
95,86.0,445.6986354973622,50,100.0
87,80.0,339.12071232044497,50,100.0
94,163.5,883.1828645321178,50,100.0
97,65.0,303.98670157373164,50,100.0
92,73.0,367.189096104632,50,95.34625892455924
89,77.0,596.6832522142142,50,100.0
97,58.0,583.813106333823,50,100.0
85,109.0,932.2910641485934,50,100.0
101,65.0,511.6613203405875,50,100.0
96,76.5,570.6132272857935,50,100.0
79,160.0,423.0091150995674,50,100.0
96,45.0,548.2876325073604,50,100.0
105,104.0,563.7569396436172,50,100.0
96,161.0,433.8343637305703,50,95.34625892455924
106,60.0,329.2143618475971,50,100.0
102,71.0,410.53702264443217,50,100.0
96,48.0,265.34025739224427,50,100.0
97,50.0,627.6085479627767,50,100.0
89,77.0,655.6522900395578,50,100.0
96,93.0,1025.6312433125133,50,100.0
104,71.5,626.0928261382234,50,100.0
86,82.0,503.80885581844876,50,100.0
79,134.0,477.78586522495976,50,100.0
93,171.0,341.61445752142544,50,95.34625892455924
89,78.0,365.32724286866767,50,100.0
104,71.5,479.66671432720636,50,95.34625892455924
89,55.0,442.1017179441775,50,95.34625892455924
102,41.0,568.2509156057553,50,100.0
99,77.0,485.73303015354844,50,100.0
104,45.0,795.1741388113386,50,100.0
84,118.5,1034.0545457775156,50,100.0
84,58.5,486.5895521724849,50,95.34625892455924
101,46.0,334.44914159978293,50,100.0
87,49.0,456.03910651024955,50,100.0
96,113.5,585.8381935612322,50,100.0
75,241.0,531.4300415002986,50,92.93203772845851
83,113.0,404.50760764534715,50,100.0
93,48.0,516.2456071306761,50,100.0
86,60.5,599.7727395643178,50,100.0
100,57.0,1288.942923680118,50,100.0
102,119.0,729.2110666682895,50,100.0
96,79.5,611.8325579334337,50,100.0
94,79.5,656.2693913858902,50,100.0
90,105.0,614.6373741872643,50,100.0
74,283.0,476.8771985095836,50,95.34625892455924
96,49.5,578.3232204990744,50,100.0
92,32.0,370.8465958893947,50,100.0
82,77.5,513.7614188935473,50,100.0
103,93.0,883.5644667777319,50,100.0
96,87.5,751.6234496659342,50,100.0
97,112.0,715.7762315254946,50,100.0
99,62.0,973.206055673,50,100.0
87,72.0,1032.2707193421825,50,100.0
88,122.0,367.46199182891206,50,95.34625892455924
108,95.5,570.577924078283,50,100.0
91,55.0,755.9305520427122,50,92.93203772845851
97,77.0,546.6942440109534,50,100.0
89,52.0,444.55270728065733,50,95.34625892455924
101,90.0,517.7255377854636,50,100.0
85,193.0,556.913569676333,50,100.0
78,91.0,698.1222429970028,50,100.0
116,70.0,1229.1385951071625,50,100.0
97,147.0,932.5610681522865,50,95.34625892455924
96,59.5,468.12343551374676,50,85.28028654224417
98,31.0,321.03112066186117,50,100.0
90,52.0,539.8477863800367,50,100.0
93,87.0,434.5108027208983,50,100.0
87,71.0,355.69498818381714,50,92.93203772845851
97,54.0,610.0696324194015,50,100.0
86,146.0,722.7024178839597,50,92.93203772845851
92,145.5,618.3083927249367,50,100.0
87,109.0,742.7910100625735,50,100.0
95,84.0,375.1926477908742,50,100.0
87,76.0,550.2326068843028,50,100.0
75,71.0,431.15308416150987,50,100.0
96,51.0,815.0372491084138,50,100.0
87,65.0,661.5518900543095,50,100.0
96,89.5,602.376275423412,50,95.34625892455924
91,53.0,884.4521066387535,50,100.0
94,69.0,200.05496156268566,50,95.34625892455924
90,109.0,724.0052990370359,50,95.34625892455924
105,77.0,1312.140064164397,50,100.0
93,89.0,1477.7534208196826,50,82.57228238447705
87,133.0,572.0540378670908,50,100.0
93,74.0,634.9508872865775,50,100.0
98,73.5,400.2855713202706,50,100.0
91,51.0,367.70006124929466,50,100.0
91,126.0,1085.2890999752233,50,100.0
82,67.0,383.3564919755203,50,100.0
93,123.0,679.1089024271246,50,79.77240352174655
94,49.0,448.37616790286984,50,100.0
96,111.0,480.3399522596909,50,100.0
103,49.0,450.0040450777433,50,100.0
96,63.0,612.3128768942609,50,100.0
99,77.0,518.9793431801515,50,100.0
92,24.5,545.4264477580814,50,100.0
91,51.0,388.4016698507579,50,92.93203772845851
99,41.0,475.9736179371402,50,100.0
106,147.0,464.73430873766955,50,100.0
93,50.0,288.19961566000256,50,85.28028654224417
82,88.0,361.8491355503348,50,79.77240352174655
94,41.5,300.3747680120507,50,92.93203772845851
92,78.0,512.1792026184195,50,100.0
95,99.0,547.425371638909,50,100.0
88,52.0,1761.817308550892,50,100.0
98,73.5,593.2959208125831,50,100.0
93,50.0,483.15556829975134,50,100.0
86,138.0,448.07836670455123,50,100.0
97,71.0,595.7321915694711,50,100.0
88,156.5,507.5000304986324,50,100.0
82,101.0,461.2951844694397,50,100.0
90,52.5,523.6224909071136,50,95.34625892455924
92,98.5,312.88181719889656,50,100.0
91,109.0,653.6380408150128,50,100.0
94,75.5,946.7297624949673,50,100.0
87,148.0,1611.9034520009484,50,100.0
94,58.0,567.2617809820188,50,100.0
73,171.0,508.35124977783323,50,79.77240352174655
100,59.5,385.537734924229,50,100.0
84,188.0,666.2587890249214,50,100.0
94,92.0,708.4370432642875,50,100.0
70,80.0,680.6332084090769,50,100.0
85,79.0,767.4104670448351,50,100.0
87,52.0,317.0646457348721,50,100.0
85,144.0,1356.2307786398198,50,95.34625892455924
96,138.5,653.8993255544208,50,100.0
97,46.0,908.3288969830817,50,95.34625892455924
95,74.0,408.1451551068297,50,100.0
89,61.0,480.6375530006403,50,100.0
91,60.0,597.8130477405458,50,100.0
87,56.0,340.91808449656696,50,100.0
94,63.5,556.4905859481481,50,100.0
89,52.0,900.7405274005031,50,95.34625892455924
82,238.5,1043.6475420901493,50,95.34625892455924
97,41.0,812.3455914607008,50,100.0
96,65.0,581.0531983375064,50,100.0
96,98.0,702.5136765073152,50,100.0
88,85.5,566.9852665196563,50,100.0
103,40.0,338.87431624167385,50,100.0
99,118.0,392.9763804356347,50,95.34625892455924
86,79.0,584.4519254949669,50,100.0
104,38.5,698.1471262664589,50,95.34625892455924
99,56.0,546.5242251865225,50,95.34625892455924
97,85.0,461.2878196249759,50,90.4534033733291
89,195.0,455.1723256266171,50,100.0
81,194.0,667.8048120336576,50,100.0
97,117.0,1326.016280973012,50,100.0
98,49.0,370.99221918919943,50,95.34625892455924
83,58.0,506.3758640786725,50,100.0
82,78.5,713.6975946079908,50,100.0
101,90.0,503.52755929571225,50,95.34625892455924
84,85.0,327.4169013799333,50,100.0
99,155.0,487.89285108237783,50,95.34625892455924
80,163.5,528.5073745338932,50,100.0
86,81.0,471.7068845714681,50,100.0
86,76.0,574.2479776268103,50,95.34625892455924
107,107.0,648.4077925897368,50,100.0
91,114.0,860.5191043420995,50,95.34625892455924
92,56.5,552.3524498525361,50,92.93203772845851
107,70.0,534.7867525901331,50,95.34625892455924
85,209.0,587.0726237410654,50,100.0
88,64.0,367.02560403569106,50,100.0
82,121.0,451.2387079748665,50,95.34625892455924
75,53.0,577.3363976366257,50,95.34625892455924
91,67.0,519.1547398955768,50,100.0
110,36.0,590.0561460965291,50,100.0
83,132.0,821.9520165699115,50,100.0
98,64.0,573.1694659458188,50,100.0
90,112.5,578.9419097210537,50,95.34625892455924
97,70.0,642.665622080506,50,100.0
87,96.0,495.2144529905015,50,100.0
89,109.0,683.1099640113317,50,100.0
107,29.0,415.0308340273531,50,100.0
99,128.0,812.5889210971035,50,92.93203772845851
90,71.0,318.5283568339965,50,95.34625892455924
94,69.5,860.8878355959083,50,100.0
102,38.0,312.4165155812362,50,100.0
86,68.0,418.7525499442545,50,100.0
99,43.0,491.38658542412037,50,100.0
97,71.0,462.8479372951977,50,100.0
92,79.0,413.5796922589654,50,76.87061147858074
96,91.5,451.7796155789143,50,100.0
79,60.0,894.8619660772887,50,100.0
78,70.5,424.3387115946908,50,100.0
88,93.5,368.6610865477767,50,100.0
96,115.5,373.7844684276211,50,100.0
96,63.0,374.59669482248484,50,100.0
92,57.0,419.55782741437764,50,100.0
83,33.0,354.5988586741698,50,95.34625892455924
89,99.0,733.5915549259215,50,100.0
95,141.0,472.6392078834208,50,100.0
90,104.0,875.4318909859899,50,100.0
86,59.5,1128.1868472820895,50,100.0
90,75.0,703.0489228283743,50,100.0
92,61.0,325.2276608996196,50,95.34625892455924
91,107.0,595.6065161666065,50,100.0
96,60.0,480.0245469554912,50,90.4534033733291
94,182.0,571.4424911613104,50,67.4199862463242
92,109.0,851.7382414169397,50,100.0
103,118.0,519.3612259306525,50,100.0
98,57.5,353.8422006580722,50,100.0
89,58.0,323.4888467369899,50,100.0
99,87.0,567.9959684008004,50,100.0
85,202.0,879.2588451683171,50,100.0
89,90.0,784.6516630836766,50,100.0
87,109.0,779.4401617728904,50,100.0
90,140.0,554.1845603824526,50,100.0
92,70.0,374.3947751808939,50,95.34625892455924
90,53.0,265.8750424583834,50,92.93203772845851
100,69.5,830.0454737451729,50,95.34625892455924
87,309.0,1050.851491660323,50,100.0
76,123.0,397.4503643290104,50,73.85489458759965
89,79.0,446.34215056706154,50,100.0
100,88.0,984.199495051997,50,95.34625892455924
95,56.0,473.9954836040568,50,100.0
94,72.0,446.6247879512927,50,100.0
93,55.0,500.94312057500684,50,100.0
91,63.0,460.5174713210579,50,100.0
85,67.0,531.0501152715927,50,95.34625892455924
91,65.0,567.5354884473134,50,100.0
92,78.0,962.1352564334397,50,100.0
95,30.0,408.19039839734717,50,92.93203772845851
97,58.0,446.15440224694623,50,95.34625892455924
88,58.5,271.8811108322481,50,95.34625892455924
101,67.0,438.25272197310045,50,100.0
87,104.0,630.1147833555043,50,100.0
97,51.0,337.3682000507729,50,95.34625892455924
90,57.0,572.2635984337852,50,100.0
88,87.5,397.1506375652635,50,100.0
94,58.5,370.7803955078753,50,100.0
102,43.5,417.2231577541408,50,100.0
88,48.5,464.3756603424595,50,100.0
81,107.0,610.4894507233065,50,100.0
87,197.0,586.4060316437257,50,100.0
89,187.0,622.509789028381,50,100.0
94,82.5,729.8681991941565,50,92.93203772845851
88,104.5,2968.400789921764,50,95.34625892455924
102,89.0,390.28138926079885,50,100.0
80,88.5,1016.5329073574088,50,100.0
101,56.0,303.70079758776654,50,95.34625892455924
98,110.0,460.72809914102515,50,100.0
98,82.5,419.4425379055762,50,100.0
92,67.5,520.8869575325077,50,100.0
106,71.0,474.6749721655434,50,100.0
80,108.5,433.6425283630093,50,95.34625892455924
100,73.5,1033.4603860796792,50,100.0
89,194.0,793.1562890606141,50,73.85489458759965
87,74.0,1502.8545704526769,50,100.0
97,53.0,806.0735236679214,50,100.0
87,105.0,413.8506866064109,50,100.0
86,142.0,437.9680030351836,50,100.0
94,104.0,642.9000317406828,50,100.0
106,58.0,557.3268380425579,50,100.0
77,55.0,461.3685713685063,50,100.0
91,62.0,556.8058951591702,50,100.0
95,65.0,415.2938133415619,50,100.0
100,98.5,1341.8587958048297,50,100.0
80,203.5,714.0022333582062,50,100.0
91,152.0,1010.6153662789907,50,95.34625892455924
87,164.0,601.9759226864916,50,100.0
87,81.0,895.7697107884958,50,100.0
88,59.0,718.4503278329117,50,100.0
86,44.0,701.7354453739084,50,100.0
95,130.0,389.911335141871,50,100.0
90,51.0,1044.728063763954,50,100.0
95,49.0,445.11288199238345,50,95.34625892455924
100,42.0,504.27140800296513,50,100.0
108,90.5,883.2583896184793,50,100.0
80,122.0,662.2725230435587,50,100.0
90,58.0,998.3402996011632,50,100.0
99,111.0,459.0552169711249,50,100.0
104,52.5,432.6865222001397,50,95.34625892455924
100,57.0,435.81854474011766,50,95.34625892455924
95,56.0,796.3770022264906,50,100.0
99,75.0,386.4334421278847,50,100.0
89,47.0,468.9927251037102,50,100.0
85,50.0,381.21811801303534,50,100.0
89,102.0,515.7940871581344,50,100.0
92,81.5,906.3209914860284,50,100.0
77,73.0,1256.6911133370827,50,100.0
77,112.0,306.4198604781034,50,100.0
80,83.5,418.3170743390046,50,100.0
96,69.0,488.2891561359928,50,100.0
99,44.0,328.6385137613556,50,100.0
95,51.0,662.9585856041112,50,95.34625892455924
100,29.0,368.0472382669915,50,100.0
93,80.0,582.3076709976134,50,100.0
96,46.5,325.7044160994239,50,95.34625892455924
101,92.0,473.90466476616234,50,95.34625892455924
79,274.0,727.4567166410476,50,100.0
101,60.0,394.9697604667582,50,95.34625892455924
109,44.0,1077.762271844279,50,100.0
101,42.0,441.18582802656425,50,100.0
94,67.5,467.4880611093707,50,100.0
85,120.0,433.7946848123299,50,100.0
81,70.0,361.6205095140963,50,100.0
87,67.0,336.0526138303783,50,100.0
97,94.0,727.6021258368729,50,100.0
105,52.0,490.5779655600527,50,100.0
89,79.0,545.603490687194,50,100.0
97,65.0,879.766301267195,50,100.0
106,44.0,797.4962503186063,50,100.0
91,57.0,534.0767229825187,50,95.34625892455924
97,128.0,491.2584432176673,50,100.0
94,76.0,348.6089978130389,50,100.0
89,36.0,390.8555275439309,50,100.0
80,63.0,388.24555044032235,50,100.0
96,86.5,383.1037751340097,50,100.0
87,108.0,529.6945007270775,50,100.0
100,99.0,468.39953764781507,50,100.0
84,143.5,474.0215121749115,50,100.0
91,154.0,497.1371385788177,50,100.0
97,61.0,550.6259063517666,50,100.0
86,132.5,1763.0156163445329,50,100.0
92,55.5,369.77491168029513,50,100.0
90,97.0,374.40136971296766,50,100.0
109,116.0,436.0379947408577,50,95.34625892455924
98,41.5,419.6379477041808,50,100.0
82,182.5,475.5500544219976,50,100.0
89,66.0,493.6372250023993,50,100.0
92,62.0,659.2766507481448,50,95.34625892455924
104,56.0,541.3694867739206,50,100.0
104,66.5,365.63390022231926,50,95.34625892455924
91,64.0,604.5352751503414,50,100.0
97,73.0,822.7672316796368,50,87.90490729915325
88,177.5,600.6856974153911,50,100.0
96,93.5,653.528220574842,50,100.0
90,74.5,346.1593810712349,50,100.0
82,99.5,1003.6470415793906,50,100.0
103,48.0,390.1717502199673,50,100.0
94,40.0,477.8676861946588,50,100.0
85,86.0,422.64678619664545,50,100.0
101,76.0,407.9492455326925,50,95.34625892455924
92,84.5,835.4468039076933,50,100.0
102,104.5,719.807152930708,50,95.34625892455924
95,60.0,1592.2755551251323,50,100.0
92,124.0,599.909690109791,50,100.0
91,57.0,717.8812185564154,50,100.0
87,77.0,579.4471346232044,50,100.0
87,95.0,436.4732202087193,50,100.0
85,51.0,470.180619087842,50,100.0
96,33.5,487.17052552774834,50,100.0
96,67.0,723.3678851447387,50,100.0
96,93.0,524.9490492193655,50,100.0
100,48.0,942.8608537291967,50,100.0
90,144.5,1227.8456903051779,50,100.0
87,223.0,1680.4628422970516,50,95.34625892455924
83,131.0,437.09612650139917,50,100.0
91,59.0,578.1083148402414,50,100.0
95,100.0,427.3409384970805,50,100.0
96,149.0,576.8279866703247,50,100.0
87,83.0,339.66347364332916,50,100.0
98,40.0,310.7831938216107,50,100.0
98,42.5,579.7736562927234,50,100.0
102,67.0,589.6392436753201,50,95.34625892455924
101,41.0,417.94398056568434,50,95.34625892455924
97,56.0,838.2714730324539,50,100.0
97,79.0,649.2712158134294,50,100.0
93,89.0,398.40005700689215,50,100.0
107,72.0,370.1229406335317,50,100.0
89,63.0,645.8334886377179,50,100.0
95,75.0,644.168102986181,50,100.0
92,98.0,487.1413458887913,50,85.28028654224417
96,44.5,746.9126055643171,50,95.34625892455924
92,78.5,665.7751998223716,50,100.0
109,52.0,482.845640804633,50,100.0
94,465.5,715.6704781924509,50,100.0
96,181.5,872.6642442679109,50,95.34625892455924
92,326.5,1176.01462973071,50,100.0
87,187.0,503.6178605636907,50,100.0
95,164.0,375.1981165354321,50,100.0
101,61.0,653.8889865509843,50,90.4534033733291
83,129.0,440.34417889417244,50,92.93203772845851
120,40.5,822.0670840547469,50,95.34625892455924
85,127.0,490.05617296496166,50,100.0
98,44.5,335.8517515380125,50,100.0
89,82.0,677.492972874389,50,95.34625892455924
83,447.0,1928.0640182214568,50,100.0
85,205.0,1399.574165729759,50,100.0
82,51.0,562.6327319726627,50,100.0
88,164.0,597.9286813169977,50,100.0
95,71.0,541.3049058708233,50,100.0
94,66.0,355.7482529712649,50,100.0
106,66.0,663.2988002948571,50,100.0
93,90.0,375.09359561294264,50,100.0
103,67.0,630.1942131123101,50,100.0
87,65.0,468.4824756508836,50,100.0
96,61.0,697.1404518025573,50,100.0
96,151.5,901.7247391269183,50,95.34625892455924
92,58.5,713.787790282001,50,95.34625892455924
89,61.0,544.7620857601197,50,100.0
90,109.5,444.6174948526977,50,100.0
82,137.0,457.41335311702056,50,100.0
97,78.0,517.2247304811574,50,87.90490729915325
89,73.0,692.3650257682344,50,100.0
98,53.0,266.3601390002306,50,100.0
99,34.0,587.2732680470018,50,100.0
89,156.0,691.9306128012857,50,76.87061147858074
98,86.0,1146.1736567559012,50,100.0
93,212.0,794.1923729459014,50,100.0
106,41.5,559.9200344812436,50,100.0
90,107.0,622.5884973870395,50,100.0
92,41.0,500.8191869117811,50,100.0
89,61.0,595.3141834505244,50,100.0
92,80.5,537.8628374557126,50,100.0
84,87.5,352.1554795602079,50,95.34625892455924
87,104.0,652.4961130096095,50,100.0
94,37.5,574.7109386519253,50,100.0
82,183.5,628.8482079596156,50,100.0
89,129.0,384.23001548657953,50,100.0
105,100.0,594.5668771707446,50,100.0
83,99.0,671.7353124579195,50,70.71067811865474
91,100.0,429.3266659323482,50,100.0
97,57.0,585.890766738842,50,100.0
87,55.0,323.1975841930564,50,95.34625892455924
92,100.5,524.1921096063264,50,100.0
96,95.5,762.3576219531094,50,90.4534033733291
103,29.0,416.990613913716,50,100.0
83,47.0,348.4443771747786,50,100.0
85,93.0,923.0736392170274,50,100.0
83,49.0,612.631161270006,50,100.0
96,38.0,760.578258124998,50,100.0
95,33.0,629.067095409,50,100.0
92,62.0,542.4996612582912,50,100.0
91,119.0,448.34067616575004,50,100.0
88,63.0,612.143045070353,50,100.0
96,47.5,627.0197973000057,50,100.0
98,59.5,775.8531844307205,50,100.0
86,49.5,460.32477026296016,50,100.0
93,102.0,667.4044044533149,50,100.0
99,50.0,376.4670896557867,50,95.34625892455924
90,38.5,436.3290028769123,50,100.0
95,71.0,792.5907703394759,50,100.0
82,118.0,1461.3755712419804,50,100.0
104,63.5,502.81766114044,50,100.0
83,73.0,697.977288968179,50,100.0
89,119.0,600.4296605963098,50,95.34625892455924
101,110.0,354.9819961966556,50,100.0
84,81.5,488.03510682176704,50,90.4534033733291
87,83.0,454.1044845836755,50,100.0
92,51.0,1021.1262288877432,50,100.0
94,69.0,500.47022775339605,50,100.0
90,162.0,731.2374442512884,50,100.0
87,97.0,838.919900888591,50,100.0
93,130.0,419.63761108566183,50,100.0
101,33.0,351.832758425065,50,100.0
88,108.5,536.857577497232,50,95.34625892455924
101,109.0,678.5349641866383,50,85.28028654224417
100,77.0,395.80793270974186,50,100.0
102,65.0,762.9039924198621,50,100.0
89,63.0,351.81643455948597,50,95.34625892455924
94,94.5,662.7373433001417,50,100.0
81,132.0,811.0969270068775,50,100.0
101,211.0,1838.551962930621,50,100.0
104,49.5,598.3846614372029,50,100.0
81,86.0,481.6259040165438,50,100.0
89,100.0,448.33771744815203,50,95.34625892455924
85,133.0,714.2777496474719,50,95.34625892455924
90,105.5,734.2517011721235,50,100.0
89,86.0,438.8980144159035,50,100.0
89,87.0,562.0659339855858,50,95.34625892455924
87,68.0,492.78812383279313,50,100.0
86,151.0,657.4673880486158,50,100.0
86,340.0,1373.6208516858087,50,100.0
97,61.0,540.2966453638305,50,100.0
84,75.5,491.82810641455103,50,100.0
97,63.0,302.07078549600226,50,100.0
82,225.5,995.7224120964736,50,100.0
93,112.0,667.7949219163473,50,95.34625892455924
83,163.0,458.8129018146546,50,100.0
91,100.0,336.1772037662761,50,100.0
96,85.5,514.8986230274985,50,100.0
97,39.0,819.243409339193,50,100.0
80,214.5,754.8629969375698,50,95.34625892455924
96,78.0,799.6578204610779,50,100.0
95,137.0,378.95654225551124,50,100.0
83,86.0,699.0826031605478,50,100.0
81,93.0,333.1911201260685,50,100.0
96,112.0,747.0698900464636,50,100.0
97,227.0,495.10665352800254,50,100.0
87,62.0,499.96716091036717,50,100.0
93,113.0,519.2501552264234,50,100.0
101,65.0,422.68174507986777,50,100.0
88,127.5,757.1314519472103,50,100.0
90,101.0,771.9399245188496,50,100.0
90,120.0,531.5321288454784,50,100.0
85,60.0,401.4851166351647,50,100.0
88,204.5,502.60106713003586,50,100.0
92,90.0,442.0106520293439,50,100.0
89,71.0,406.28359969484495,50,85.28028654224417
94,62.0,360.7047158210675,50,100.0
100,147.0,505.2005338417007,50,100.0
99,89.0,654.4108844207284,50,100.0
98,96.5,721.4832123258303,50,100.0
83,203.0,899.6187245408577,50,100.0
94,65.5,385.32708713694905,50,100.0
83,86.0,623.1410051606821,50,100.0
95,97.0,426.7255249972874,50,100.0
89,51.0,624.8283365887706,50,100.0
85,62.0,515.5796900642255,50,85.28028654224417
91,53.0,627.0184343158636,50,100.0
104,62.0,818.2277807409445,50,100.0
100,73.0,457.08449144904523,50,100.0
95,81.0,466.5872396279721,50,100.0
94,78.5,859.7035543961172,50,100.0
98,84.0,683.9016321499718,50,100.0
100,64.0,440.7150750470618,50,100.0
87,54.0,400.38133320049735,50,100.0
93,64.0,395.3080526902268,50,100.0
96,63.5,781.9700979582769,50,100.0
94,157.5,438.1266754679261,50,100.0
89,219.0,913.7195340334808,50,100.0
84,104.5,664.6126324660895,50,95.34625892455924
109,75.0,416.94580374669505,50,100.0
102,56.5,666.0591728105767,50,100.0
86,147.5,1240.011315865582,50,100.0
85,170.0,1170.256383721728,50,100.0
97,84.0,395.41557454069397,50,100.0
99,101.0,505.5962203511762,50,100.0
87,120.0,451.0145805082816,50,95.34625892455924
84,123.5,553.1759006160474,50,100.0
104,74.5,428.9982739406567,50,95.34625892455924
95,46.0,614.6884293473989,50,100.0
96,73.0,516.1028838637275,50,100.0
85,80.0,650.2269347440682,50,100.0
86,140.5,1080.3290840397485,50,100.0
98,128.5,866.4062835044189,50,100.0
100,70.0,350.2181219315941,50,100.0
90,67.5,681.9602026346759,50,100.0
81,119.0,616.5709565365892,50,100.0
89,71.0,476.97462340122837,50,100.0
106,105.5,636.7294743061098,50,100.0
82,211.5,529.0679539336647,50,100.0
94,78.0,496.4505618641198,50,100.0
89,82.0,541.3422810668721,50,100.0
88,66.0,741.0543506036445,50,92.93203772845851
97,117.0,752.3569231837658,50,100.0
76,341.5,1285.0797806484932,50,100.0
81,74.0,741.0213578418491,50,90.4534033733291
102,42.5,420.34382807323607,50,100.0
83,65.0,428.93647496944396,50,100.0
104,74.0,448.8143870193101,50,100.0
97,47.0,573.9572589814132,50,95.34625892455924
102,85.0,675.906595599968,50,100.0
102,68.5,470.32123342371233,50,100.0
104,54.5,522.4887689921454,50,95.34625892455924
98,89.0,593.5264493838848,50,95.34625892455924
88,128.5,684.3670481041775,50,100.0
97,164.0,1156.4321224637351,50,100.0
89,54.0,391.1840940062273,50,100.0
98,38.0,341.38521178205696,50,100.0
104,72.0,509.4917585546412,50,92.93203772845851
96,54.5,362.3312311306211,50,95.34625892455924
80,70.0,782.5243029145478,50,100.0
100,56.0,521.4115654701769,50,92.93203772845851
85,100.0,446.66860016722705,50,100.0
93,67.0,458.9433870226464,50,100.0
101,80.0,731.6561813603247,50,100.0
89,74.0,919.2439085362497,50,100.0
87,113.0,1187.653108631526,50,100.0
83,158.0,449.27223875901973,50,100.0
93,54.0,354.39264594349476,50,100.0
98,44.5,545.458277974338,50,100.0
93,54.0,545.4875291517012,50,100.0
92,87.5,665.1027139941966,50,100.0
99,27.0,352.39149861368224,50,100.0
95,78.0,458.83578098070626,50,95.34625892455924
99,86.0,591.9671316305847,50,100.0
90,106.5,1075.146504896547,50,100.0
96,50.5,837.2336150717674,50,100.0
95,240.0,865.0194594190192,50,100.0
98,101.5,551.0976160073914,50,100.0
88,87.0,503.6620019672969,50,100.0
85,55.0,974.1802426132646,50,100.0
92,60.0,581.8534493962335,50,100.0
82,119.0,401.7910408406955,50,95.34625892455924
89,159.0,595.8585596732273,50,100.0
93,68.0,305.6729078626621,50,92.93203772845851
91,57.0,354.69180279430617,50,100.0
85,214.0,973.4772065686404,50,100.0
88,253.5,1276.463293112061,50,100.0
97,116.0,507.2464066863559,50,100.0
92,68.0,439.54028276914477,50,100.0
95,55.0,252.0608873456001,50,100.0
104,127.0,503.0619029430484,50,100.0
89,45.0,442.2378986923629,50,100.0
109,57.0,456.3279873907722,50,100.0
91,84.0,730.8865857443282,50,95.34625892455924
83,73.0,820.9057192051259,50,85.28028654224417
107,87.0,538.4340217080222,50,100.0
91,108.0,850.7176156272195,50,100.0
84,134.0,2090.911937732909,50,85.28028654224417
105,40.0,430.40261775454314,50,100.0
98,152.5,552.561233425038,50,100.0
89,93.0,568.4299854561503,50,100.0
92,64.0,382.00137878319225,50,100.0
100,55.0,439.3006742815704,50,100.0
91,65.0,856.8555627604079,50,100.0
98,60.0,382.13899479143214,50,95.34625892455924
94,85.0,375.23065612841214,50,100.0
96,56.0,825.2895310663521,50,100.0
93,146.0,772.895692371,50,95.34625892455924
80,141.5,471.1976553207229,50,92.93203772845851
84,154.5,635.703441216882,50,100.0
87,54.0,381.97171326600204,50,95.34625892455924
92,158.0,414.82080287153315,50,95.34625892455924
91,60.0,456.1412857081373,50,100.0
100,84.0,363.75022454781504,50,100.0
105,32.0,538.63283348124,50,100.0
96,140.5,443.01007065005695,50,95.34625892455924
95,90.0,644.6351263595695,50,100.0
96,62.5,444.7684671422144,50,100.0
90,165.5,1083.4654094654409,50,100.0
87,77.0,640.7156579928572,50,100.0
94,89.0,592.1868897568643,50,100.0
90,51.0,555.4869978172935,50,100.0
98,85.5,388.8920465626096,50,100.0
94,100.0,505.98596009143824,50,95.34625892455924
93,72.0,364.0357359711387,50,100.0
84,95.5,426.5694661675132,50,100.0
93,63.0,808.6754576419556,50,95.34625892455924
97,45.0,601.130311689822,50,90.4534033733291
105,107.0,540.5987367162396,50,100.0
92,66.0,636.1376515203266,50,100.0
96,66.0,1816.9757980989161,50,100.0
112,89.5,413.13029913540174,50,95.34625892455924
83,133.0,992.0140328223616,50,100.0
95,53.0,429.1083956642695,50,100.0
107,31.0,497.15170027277605,50,100.0
77,147.0,503.13719355997125,50,100.0
96,75.0,560.290290420487,50,100.0
93,121.0,400.9627631681093,50,100.0
97,143.0,504.8514679834911,50,100.0
90,93.0,771.2883399681255,50,100.0
96,92.5,669.4117363008871,50,100.0
89,78.0,384.1049742666503,50,100.0
93,59.0,383.4766490230612,50,100.0
92,92.0,412.5084757848766,50,100.0
102,80.0,451.49623822941595,50,100.0
93,108.0,660.9474400181706,50,100.0
95,57.0,397.91605579318696,50,100.0
104,40.5,320.28489683701434,50,100.0
102,94.0,560.1254796913078,50,100.0
92,90.0,392.7410218863524,50,100.0
99,92.0,913.7889833667557,50,100.0
80,71.5,541.1107117526113,50,100.0
95,93.0,1183.35810132379,50,100.0
75,79.0,697.9562313647618,50,100.0
89,50.0,442.7724391147582,50,100.0
90,66.0,690.5899253130038,50,100.0
91,77.0,424.90836906340417,50,100.0
70,231.5,492.3955394677988,50,100.0
96,66.5,559.7579096665008,50,100.0
86,92.0,313.2900047658452,50,100.0
99,53.0,291.7883626317295,50,100.0
92,85.5,620.6872840735557,50,67.4199862463242
87,101.0,1198.182019490804,50,100.0
88,84.5,922.2763385900632,50,100.0
101,79.0,577.6021929211546,50,100.0
102,101.0,440.4728253170098,50,92.93203772845851
84,119.5,427.3630487254947,50,100.0
91,51.0,758.0302114462203,50,100.0
96,67.0,511.5904019467479,50,100.0
93,62.0,368.1060195218603,50,95.34625892455924
83,81.0,505.2110721731768,50,76.87061147858074
78,330.5,754.2650751094098,50,100.0
95,150.0,483.10972487727537,50,100.0
94,222.5,907.1734394066831,50,100.0
95,142.0,686.0476116275989,50,100.0
104,84.5,487.32457482133464,50,100.0
92,38.5,643.689227274409,50,100.0
84,46.0,578.6588609096355,50,100.0
94,63.0,384.83282179681333,50,100.0
100,60.0,336.42920458392086,50,100.0
91,57.0,791.0282314833415,50,100.0
106,45.5,290.3771957525551,50,100.0
89,117.0,1065.3063361717325,50,90.4534033733291
99,52.0,1009.327739678913,50,95.34625892455924
102,70.0,1026.642119364935,50,100.0
98,39.5,439.2044354084715,50,100.0
93,94.0,398.2048166083372,50,100.0
91,82.0,403.5400950374179,50,100.0
96,50.5,895.7855769604415,50,100.0
88,122.5,468.81493977197016,50,95.34625892455924
93,76.0,376.0489484019373,50,82.57228238447705
86,103.0,446.15792953259864,50,100.0
85,149.0,428.77935012362354,50,100.0
98,151.0,928.2601515765067,50,100.0
86,147.0,721.5743087423052,50,100.0
88,44.5,383.3218305597779,50,95.34625892455924
93,131.0,833.1574262212965,50,100.0
88,154.0,462.6188316374291,50,100.0
103,114.0,824.3120488583272,50,100.0
88,63.0,427.9344370872027,50,70.71067811865474
83,152.0,463.3066307399127,50,95.34625892455924
94,106.0,487.1956112292131,50,100.0
87,77.0,322.1203670588028,50,100.0
98,94.0,607.264062145946,50,100.0
81,92.0,786.6125254046344,50,100.0
95,75.0,693.2377240119591,50,95.34625892455924
89,171.0,541.5450961503146,50,100.0
86,102.0,741.0077339900747,50,100.0
85,64.0,476.62314153597185,50,100.0
83,47.0,545.6979527694542,50,100.0
73,145.0,516.3794661333272,50,90.4534033733291
98,121.5,414.80481127129974,50,100.0
91,71.0,301.49333939514105,50,100.0
103,88.0,451.20964857108254,50,90.4534033733291
82,75.5,390.54577292909636,50,100.0
96,100.0,1031.5107570915652,50,100.0
95,85.0,487.3921006729922,50,100.0
75,145.0,408.82236588382347,50,95.34625892455924
81,148.0,500.17699645003444,50,70.71067811865474
86,45.5,273.01288459946124,50,100.0
99,96.0,772.9303539753596,50,92.93203772845851
77,69.0,369.21106704712304,50,100.0
94,62.0,404.61050975925144,50,100.0
83,163.0,515.8613978393631,50,92.93203772845851
94,60.5,548.1039797891623,50,100.0
102,86.5,533.0707899461086,50,100.0
80,131.0,1042.7921231124237,50,100.0
93,173.0,785.7886223403419,50,100.0
95,41.0,444.63122608701934,50,100.0
95,61.0,660.8492064640847,50,100.0
93,112.0,348.99687879961726,50,100.0
90,34.0,399.35580226659414,50,100.0
98,94.5,699.1695751262656,50,100.0
110,89.5,342.9656609932212,50,100.0
103,62.0,476.10225250974247,50,100.0
95,77.0,665.9897200999692,50,100.0
91,53.0,565.9779063498773,50,95.34625892455924
79,66.0,642.0857310445664,50,100.0
90,102.5,738.5756874331944,50,92.93203772845851
91,81.0,520.1726929828503,50,100.0
87,82.0,519.6016965091978,50,100.0
108,51.0,525.8405724479605,50,100.0
84,148.0,488.7915420128668,50,100.0
87,62.0,351.8966360290237,50,95.34625892455924
96,79.5,373.9293662484701,50,100.0
91,65.0,346.9733220331013,50,100.0
81,93.0,742.6011462054707,50,100.0
82,93.5,374.14664301416826,50,100.0
90,141.5,620.2823532495577,50,100.0
85,92.0,396.23845917150777,50,100.0
90,203.5,916.9492476258421,50,100.0
87,191.0,1029.7122927176586,50,100.0
90,91.5,1831.3504522350092,50,95.34625892455924
96,66.5,554.4459181977448,50,100.0
97,92.0,497.12567813636724,50,100.0
73,83.0,681.5551725255608,50,100.0
92,106.5,467.9119729490251,50,100.0
101,58.0,599.6955040883352,50,100.0
100,84.0,851.54959902284,50,100.0
89,79.0,560.4361411293559,50,100.0
88,63.5,373.4118874593105,50,100.0
101,127.0,1106.3766551090532,50,100.0
96,170.5,1083.1268575165534,50,100.0
93,34.0,2471.2677011454343,50,100.0
85,54.0,434.9792448121714,50,79.77240352174655
107,32.0,816.5195228491435,50,95.34625892455924
111,46.0,330.63866523007704,50,95.34625892455924
90,60.5,747.5036661858579,50,100.0
105,64.0,272.0062593548265,50,100.0
84,84.5,449.4855903117221,50,100.0
93,67.0,461.5856029137004,50,100.0
86,241.0,456.10633210174854,50,100.0
93,78.0,486.11793218571955,50,100.0
87,165.0,945.821724090236,50,95.34625892455924
101,87.0,1218.6031539966953,50,100.0
85,32.0,324.1214295915162,50,100.0
91,59.0,714.4363132326391,50,100.0
87,76.0,383.1863968820045,50,100.0
94,61.5,521.240718077216,50,100.0
87,134.0,541.5177498502089,50,90.4534033733291
100,238.5,447.840567207085,50,95.34625892455924
100,118.0,693.8055893826352,50,100.0
97,48.0,730.1786975887281,50,100.0
86,60.0,1628.3494989818596,50,95.34625892455924
92,51.5,723.0985038356825,50,100.0
96,76.0,909.2046099186741,50,100.0
90,112.0,608.3316372661186,50,100.0
90,78.0,644.6195637912892,50,100.0
93,88.0,579.7333750225245,50,100.0
99,71.0,367.0593593464945,50,100.0
88,77.5,529.5213765205966,50,100.0
95,53.0,628.0257544593835,50,100.0
96,117.0,460.2530120354665,50,100.0
87,94.0,455.93288868453965,50,95.34625892455924
92,154.0,661.1298061955983,50,100.0
88,159.5,836.1572199180652,50,100.0
74,131.0,1528.6919743201966,50,100.0
94,63.5,389.2716404892918,50,100.0
102,72.0,580.1680180257895,50,100.0
91,65.0,347.1272574214431,50,100.0
100,57.0,389.2018151670068,50,100.0
81,79.0,714.7019582997733,50,100.0
90,51.5,363.3535375614595,50,100.0
91,56.0,363.11544799337383,50,100.0
93,57.0,292.3165687928702,50,100.0
81,114.0,488.22713988824586,50,100.0
96,98.0,647.3175349999574,50,100.0
102,53.0,777.3293314522567,50,100.0
98,76.5,495.1985496937235,50,100.0
93,90.0,721.4040215247554,50,100.0
90,243.5,681.0371440938119,50,90.4534033733291
83,254.0,1573.8017429910133,50,100.0
99,41.0,459.2884772997619,50,100.0
99,68.0,738.4621614155371,50,100.0
108,47.0,406.0928525570089,50,100.0
97,78.0,576.4582049641125,50,95.34625892455924
95,58.0,340.70993597241153,50,100.0
108,52.0,338.43660509729426,50,100.0
94,98.5,528.7056995811733,50,100.0
98,99.0,573.4030670650338,50,82.57228238447705
96,96.0,593.9032468901535,50,95.34625892455924
89,193.0,944.3773129385596,50,100.0
89,100.0,372.5052556340306,50,100.0
91,93.0,414.07012229605044,50,100.0
97,60.0,506.46735332380297,50,100.0
88,73.0,548.5230149320407,50,100.0
98,50.0,436.9709742505457,50,100.0
98,76.0,439.90918111454096,50,100.0
93,39.0,467.7009946858223,50,100.0
88,97.5,485.5800771897837,50,100.0
88,108.5,513.4568890188131,50,95.34625892455924
78,88.0,375.28651037369417,50,100.0
83,158.0,904.5330075781719,50,100.0
93,38.0,956.4161797229826,50,100.0
102,198.0,579.3219662623362,50,100.0
96,50.0,627.1050080476324,50,100.0
103,54.0,295.4415101061037,50,100.0
100,42.0,832.2661372009034,50,95.34625892455924
110,16.0,654.8765181658582,50,100.0
87,108.0,631.068072865532,50,100.0
100,56.5,268.0820428845836,50,100.0
91,65.0,573.7741130836532,50,95.34625892455924
82,176.0,886.0296464154063,50,100.0
100,152.0,628.7182969094242,50,100.0
96,180.5,979.6329271363967,50,100.0
90,67.0,625.044074450948,50,100.0
90,99.5,466.5080072720497,50,100.0
96,127.5,634.7323126893177,50,100.0
90,165.5,494.6093510158896,50,95.34625892455924
90,39.0,562.3415647590709,50,100.0
104,62.5,338.57938824908507,50,100.0
96,117.0,686.3116626180952,50,100.0
83,78.0,484.2967102466072,50,100.0
95,61.0,817.7090789137429,50,95.34625892455924
95,237.0,845.1677215154406,50,100.0
97,37.0,589.8520078021668,50,92.93203772845851
88,92.0,427.89625701323354,50,100.0
96,51.5,338.97436377732987,50,100.0
84,77.5,442.86539266925837,50,100.0
94,88.5,445.5772481589138,50,95.34625892455924
95,60.0,259.5491020870173,50,100.0
94,78.5,496.1233639371741,50,100.0
86,69.0,807.0893159279765,50,100.0
99,55.0,395.75376702517383,50,95.34625892455924
93,131.0,887.3201306512772,50,100.0
80,340.0,696.235577652139,50,95.34625892455924
95,56.0,479.7438024752772,50,100.0
88,60.5,471.3728277464899,50,100.0
96,62.0,423.0123033339927,50,100.0
91,75.0,392.8100669763298,50,90.4534033733291
93,61.0,464.3780918122782,50,100.0
86,141.5,350.38279496798344,50,95.34625892455924
97,39.0,511.98809674770786,50,95.34625892455924
85,124.0,312.5057476222138,50,100.0
73,128.0,498.76661880126,50,100.0
86,129.5,386.1764006884683,50,100.0
78,131.5,819.6800132831253,50,100.0
103,81.0,872.0743267914129,50,100.0
96,65.5,477.3406375016968,50,100.0
103,85.0,342.14848468194384,50,100.0
94,119.0,514.4292100457068,50,79.77240352174655
87,107.0,492.1374358997225,50,100.0
102,59.0,414.629237373061,50,100.0
94,121.0,351.1314554639664,50,100.0
106,43.0,391.64968027243714,50,100.0
113,46.0,430.30307488046174,50,92.93203772845851
98,110.5,424.5448925249107,50,100.0
90,61.0,773.3446968201664,50,100.0
93,68.0,491.2759251129709,50,95.34625892455924
87,98.0,574.5272565897591,50,100.0
94,52.0,360.69748914796753,50,100.0
98,55.0,952.183646253116,50,100.0
83,270.0,2834.4899310568057,50,100.0
91,53.0,375.84509155359854,50,100.0
90,153.0,502.31602131368896,50,100.0
92,110.5,533.1908195680675,50,82.57228238447705
89,85.0,532.4440604204515,50,100.0
89,42.0,487.02846685598354,50,100.0
108,31.0,637.5711624538866,50,100.0
96,76.5,377.79999567556393,50,100.0
82,98.5,776.881432402683,50,95.34625892455924
90,53.0,419.86820415925774,50,100.0
98,47.0,318.72338781166394,50,100.0
95,40.0,647.5138848943851,50,95.34625892455924
92,48.5,558.493043871234,50,100.0
87,130.0,559.7978713573883,50,100.0
95,42.0,893.8578762999833,50,100.0
94,158.5,1095.345272329358,50,100.0
82,93.0,448.2369855470267,50,100.0
84,59.5,406.726069746972,50,100.0
101,126.0,522.5180756738857,50,82.57228238447705
89,89.0,543.8761979463188,50,100.0
98,80.5,444.87265758229995,50,100.0
103,51.0,568.3064592956312,50,100.0
98,55.5,547.0269603697284,50,100.0
98,117.5,511.2690646720545,50,100.0
87,56.0,503.654843668149,50,100.0
89,102.0,487.3436728477758,50,100.0
87,49.0,1221.2195343299813,50,100.0
97,65.0,994.3107709109282,50,100.0
100,59.0,2041.4472312256294,50,100.0
81,73.0,628.2781584970502,50,100.0
100,34.5,312.6046347653336,50,100.0
