0,(6, 24),1,1,4
0,(20, 23),1,1,4
0,(5, 22),1,1,4
0,(5, 9),1,1,4
0,(26, 13),1,1,3
0,(16, 22),1,1,4
0,(3, 16),1,1,4
0,(13, 24),1,1,4
0,(17, 23),1,1,4
0,(11, 25),1,1,4
0,(14, 2),1,1,4
0,(21, 3),1,1,4
0,(24, 7),1,1,4
0,(9, 10),1,1,4
0,(5, 0),1,1,3
0,(5, 4),1,1,4
0,(18, 17),1,1,4
0,(8, 5),1,1,4
0,(8, 12),1,1,4
0,(15, 17),1,1,4
0,(19, 12),1,1,4
0,(18, 11),1,1,4
0,(10, 25),1,1,3
0,(14, 17),1,1,3
0,(15, 3),1,1,4
0,(4, 18),1,1,4
0,(14, 3),1,1,2
0,(3, 7),1,1,4
0,(16, 24),1,1,4
0,(0, 6),1,1,3
0,(6, 3),1,1,4
0,(12, 2),1,1,4
0,(6, 23),1,1,3
0,(1, 25),1,1,4
0,(8, 2),1,1,4
0,(9, 14),1,1,4
0,(16, 21),1,1,3
0,(3, 11),1,1,4
0,(16, 12),1,1,4
0,(15, 6),1,1,4
0,(1, 3),1,1,4
0,(2, 11),1,1,3
0,(13, 21),1,1,4
0,(6, 6),1,1,4
0,(7, 18),1,1,4
0,(8, 4),1,1,3
0,(11, 4),1,1,4
0,(9, 7),1,1,4
0,(1, 24),1,1,3
0,(9, 6),1,1,3
0,(18, 12),1,1,2
0,(20, 18),1,1,4
0,(1, 0),1,1,3
0,(4, 4),1,1,3
0,(0, 20),1,1,3
0,(15, 21),1,1,3
0,(10, 9),1,1,4
0,(24, 19),1,1,4
0,(4, 8),1,1,4
0,(7, 15),1,1,4
0,(22, 17),1,1,4
0,(8, 24),1,1,4
0,(18, 0),1,1,3
0,(13, 18),1,1,4
0,(10, 3),1,1,4
0,(2, 0),1,1,2
0,(19, 2),1,1,4
0,(17, 15),1,1,4
0,(10, 0),1,1,3
0,(3, 12),1,1,3
0,(20, 22),1,1,3
0,(1, 8),1,1,4
0,(26, 8),1,1,3
0,(15, 8),1,1,4
0,(19, 18),1,1,3
0,(17, 10),1,1,4
0,(3, 17),1,1,3
0,(2, 16),1,1,3
0,(8, 26),1,1,3
0,(2, 24),1,1,3
0,(9, 18),1,1,4
0,(26, 0),1,1,2
0,(26, 6),1,1,3
0,(12, 14),1,1,4
0,(9, 11),1,1,3
0,(6, 26),1,1,3
0,(15, 13),1,1,4
0,(8, 11),1,1,2
0,(25, 16),1,1,4
0,(7, 24),1,1,2
0,(22, 18),1,1,3
0,(17, 3),1,1,4
0,(25, 15),1,1,3
0,(14, 23),1,1,4
0,(14, 25),1,1,4
0,(24, 26),1,1,3
0,(23, 24),1,1,4
0,(6, 25),1,1,2
0,(25, 24),1,1,4
0,(22, 14),1,1,4
0,(18, 16),1,1,3
0,(22, 0),1,1,3
0,(9, 12),1,1,2
0,(21, 13),1,1,4
0,(23, 1),1,1,4
0,(8, 19),1,1,4
0,(1, 5),1,1,4
0,(3, 3),1,1,4
0,(21, 20),1,1,4
0,(0, 12),1,1,3
0,(13, 8),1,1,4
0,(24, 21),1,1,4
0,(20, 20),1,1,3
0,(9, 25),1,1,3
0,(6, 2),1,1,3
0,(2, 2),1,1,4
0,(8, 23),1,1,3
0,(13, 10),1,1,4
0,(7, 7),1,1,4
0,(9, 19),1,1,2
0,(9, 21),1,1,4
0,(17, 20),1,1,4
0,(1, 17),1,1,4
0,(18, 1),1,1,3
0,(14, 16),1,1,3
0,(24, 18),1,1,3
0,(2, 17),1,1,1
0,(20, 12),1,1,3
0,(19, 25),1,1,4
0,(4, 26),1,1,3
0,(12, 19),1,1,4
0,(20, 25),1,1,3
0,(10, 22),1,1,4
0,(2, 13),1,1,4
0,(10, 19),1,1,3
0,(18, 10),1,1,2
0,(19, 7),1,1,4
0,(9, 17),1,1,3
0,(19, 15),1,1,4
0,(7, 8),1,1,3
0,(21, 11),1,1,4
0,(26, 21),1,1,3
0,(21, 12),1,1,1
0,(14, 21),1,1,2
0,(16, 11),1,1,3
0,(22, 26),1,1,3
0,(11, 22),1,1,3
0,(3, 21),1,1,4
1,(7, 23),1,1,1
1,(25, 8),1,2,4
1,(14, 0),1,2,3
1,(16, 26),1,4,3
1,(24, 4),1,33,4
1,(6, 4),1,1,2
1,(7, 5),1,1,3
1,(13, 0),1,1,2
1,(6, 14),1,1,4
1,(17, 6),1,123,4
1,(17, 14),1,20,3
1,(10, 21),1,8,2
1,(0, 4),1,113,3
1,(16, 17),1,2,3
1,(1, 24),2,38,1
1,(0, 2),1,36,3
1,(16, 3),1,154,2
1,(24, 5),1,19,3
1,(13, 22),1,40,3
1,(8, 13),1,1,3
1,(6, 13),1,38,3
1,(9, 10),2,70,1
1,(0, 5),1,25,1
1,(7, 4),1,366,1
1,(12, 10),1,321,3
1,(18, 24),1,12,4
1,(3, 15),1,21,3
1,(13, 11),1,149,3
1,(0, 3),1,11,1
1,(17, 24),1,1,1
1,(21, 15),1,1,4
1,(12, 15),1,1,3
1,(6, 3),2,1,1
1,(18, 3),1,16,3
1,(9, 0),1,131,2
1,(7, 12),1,106,4
1,(5, 25),1,194,3
1,(7, 9),1,9,3
1,(18, 25),1,1,2
1,(0, 20),2,2,1
1,(17, 19),1,2,3
1,(3, 13),1,1,2
1,(17, 23),2,1,1
1,(18, 2),1,1,1
1,(9, 7),2,2,2
1,(3, 16),2,1,1
1,(4, 21),1,17,3
1,(20, 15),1,56,2
1,(9, 2),1,57,4
1,(3, 20),1,286,3
1,(9, 11),2,1,1
1,(8, 3),1,1,2
1,(19, 22),1,1,3
1,(21, 4),1,1,3
1,(2, 16),2,1,1
1,(5, 26),1,1,0
1,(14, 23),2,2,4
1,(26, 10),1,1,3
1,(21, 5),1,1,3
1,(6, 23),2,1,1
1,(5, 24),1,2,3
1,(8, 24),2,1,1
1,(2, 21),1,2,3
1,(26, 0),2,1,2
1,(25, 7),1,2,3
1,(25, 2),1,175,4
1,(0, 7),1,469,3
1,(26, 24),1,3,2
1,(12, 1),1,2,4
1,(9, 12),2,1,3
1,(13, 5),1,2,4
1,(8, 21),1,8,3
1,(3, 19),1,85,3
1,(17, 16),1,110,2
1,(1, 2),1,208,1
1,(13, 13),1,86,4
1,(4, 22),1,137,3
1,(12, 18),1,199,2
1,(26, 18),1,811,3
1,(18, 17),2,58,3
1,(22, 24),1,270,3
1,(2, 10),1,40,3
1,(15, 14),1,93,3
1,(1, 9),1,284,3
1,(5, 19),1,187,4
1,(21, 2),1,15,4
1,(20, 14),1,62,3
1,(11, 18),1,23,3
1,(4, 10),1,72,4
1,(25, 9),1,361,3
1,(16, 15),1,119,3
1,(14, 21),2,1,1
1,(0, 1),1,726,2
1,(13, 20),1,112,3
1,(16, 21),2,1,2
1,(23, 11),1,181,4
1,(10, 6),1,496,3
1,(19, 21),1,70,3
1,(24, 25),1,60,3
1,(13, 15),1,342,3
1,(9, 26),1,36,1
1,(19, 20),1,185,2
1,(16, 22),2,18,3
1,(1, 18),1,278,3
1,(4, 6),1,145,4
1,(12, 21),1,185,3
1,(15, 22),1,4,2
1,(22, 16),1,209,3
1,(11, 21),1,335,1
1,(14, 12),1,527,4
1,(15, 16),1,262,2
1,(1, 4),1,54,2
1,(24, 8),1,134,3
1,(8, 8),1,109,3
1,(6, 22),1,18,3
1,(14, 13),1,3,2
1,(7, 1),1,265,4
1,(11, 5),1,30,4
1,(7, 22),1,254,2
1,(26, 23),1,209,2
1,(10, 14),1,274,4
1,(13, 12),1,55,1
1,(15, 9),1,3,3
1,(7, 0),1,2,2
1,(4, 24),1,208,3
1,(19, 5),1,122,4
1,(22, 21),1,144,4
1,(10, 16),1,9,4
1,(19, 3),1,33,2
1,(17, 0),1,75,2
1,(8, 2),2,7,2
1,(10, 26),1,31,2
1,(19, 8),1,7,3
1,(4, 1),1,12,4
1,(19, 0),1,4,2
1,(23, 26),1,273,2
1,(18, 26),1,53,2
1,(13, 16),1,121,2
1,(21, 7),1,7,4
1,(25, 18),1,28,2
1,(16, 18),1,71,3
1,(0, 8),1,5,1
1,(7, 16),1,281,3
1,(12, 2),2,42,2
1,(5, 2),1,62,3
1,(0, 16),1,7,3
1,(1, 17),2,1,1
1,(21, 14),1,2,1
1,(9, 1),1,121,2
1,(3, 2),1,8,2
2,(16, 16),1,15,0
2,(17, 5),1,284,3
2,(20, 10),1,103,4
2,(11, 11),1,7,4
2,(8, 18),1,80,2
2,(9, 15),1,360,3
2,(19, 26),1,258,1
2,(1, 10),1,89,2
2,(14, 1),1,194,2
2,(1, 14),1,644,4
2,(2, 3),1,69,2
2,(6, 8),1,203,3
2,(16, 13),1,28,4
2,(3, 5),1,2,4
2,(26, 8),2,19,2
2,(5, 14),1,20,3
2,(18, 21),1,3,3
2,(7, 11),1,4,3
2,(4, 16),1,13,3
2,(4, 11),1,368,3
2,(19, 12),2,4,3
2,(20, 12),2,3,3
2,(24, 6),1,403,3
2,(15, 20),1,2,4
2,(15, 21),2,1,0
2,(15, 22),2,1,1
2,(25, 13),1,53,4
2,(26, 11),1,5,2
2,(1, 15),1,33,3
2,(8, 16),1,516,3
2,(21, 11),2,1,4
2,(19, 10),1,23,2
2,(11, 4),2,14,3
2,(22, 4),1,4,3
2,(23, 26),2,1,1
2,(25, 10),1,123,2
2,(22, 22),1,8,3
2,(8, 10),1,22,3
2,(4, 3),1,25,3
2,(12, 6),1,48,4
2,(24, 7),2,115,1
2,(4, 7),1,28,2
2,(17, 13),1,72,2
2,(3, 22),1,2,2
2,(22, 15),1,2,2
2,(17, 10),2,1,3
2,(5, 3),1,205,0
2,(13, 17),1,4,2
2,(3, 9),1,2,4
2,(6, 7),1,40,3
2,(7, 7),2,1,2
2,(14, 10),1,165,3
2,(4, 2),1,220,0
2,(5, 21),1,52,3
2,(9, 23),1,136,4
2,(20, 16),1,2,3
2,(22, 17),2,2,2
2,(22, 8),1,2,4
2,(17, 23),3,1,1
2,(23, 6),1,10,3
2,(12, 17),1,9,2
2,(26, 12),1,6,2
2,(15, 23),1,2,2
2,(1, 11),1,2,3
2,(19, 7),2,1,3
2,(18, 7),1,51,3
2,(23, 0),1,18,2
2,(23, 8),1,8,2
2,(19, 17),1,2,2
2,(1, 25),2,1,3
2,(9, 20),1,3,3
2,(17, 22),1,27,2
2,(12, 3),1,2,3
2,(5, 23),1,3,3
2,(13, 8),2,98,4
2,(12, 8),1,176,3
2,(6, 24),2,104,3
2,(7, 24),2,2,1
2,(6, 16),1,3,3
2,(0, 0),1,17,1
2,(15, 12),1,146,3
2,(1, 0),2,63,2
2,(1, 19),1,85,3
2,(14, 9),1,185,2
2,(21, 7),2,1,1
2,(16, 14),1,3,1
2,(8, 12),2,858,1
2,(10, 12),1,205,4
2,(3, 19),2,1,1
2,(2, 17),2,1,2
2,(21, 3),2,324,2
2,(15, 3),2,41,4
2,(3, 24),1,455,2
2,(20, 9),1,33,3
2,(12, 26),1,136,3
2,(8, 17),1,189,2
2,(4, 19),1,85,2
2,(18, 5),1,39,2
2,(18, 20),1,153,2
2,(23, 18),1,127,3
2,(17, 18),1,87,2
2,(26, 18),2,1,1
2,(17, 1),1,23,3
2,(24, 22),1,123,3
2,(14, 15),1,129,2
2,(12, 22),1,257,2
2,(8, 5),2,1,2
2,(16, 26),2,11,3
2,(15, 26),1,208,2
2,(14, 13),2,1,1
2,(11, 8),1,508,3
2,(6, 21),1,9,2
2,(12, 1),2,72,3
2,(23, 25),1,38,1
2,(21, 13),2,1,3
2,(23, 14),1,7,4
2,(12, 23),1,16,3
2,(24, 4),2,109,3
2,(23, 22),1,354,2
2,(4, 25),1,32,2
2,(25, 3),1,9,3
2,(17, 24),2,1,3
2,(22, 18),2,1,2
2,(3, 0),1,125,3
2,(19, 9),1,496,1
2,(25, 26),1,784,2
2,(12, 4),1,12,2
2,(7, 15),2,1,3
2,(13, 5),2,1,4
2,(22, 0),2,26,2
2,(15, 13),2,7,0
2,(12, 15),2,28,2
2,(20, 17),1,33,2
2,(24, 2),1,25,4
2,(6, 4),2,1,1
2,(12, 21),2,1,1
2,(12, 20),1,13,3
2,(0, 13),1,96,3
2,(11, 23),1,141,2
2,(11, 16),1,5,3
2,(11, 10),1,3,3
2,(24, 19),2,12,4
2,(26, 14),1,471,3
2,(12, 14),2,1,3
2,(16, 7),1,84,4
2,(14, 18),1,114,3
2,(2, 24),2,1,2
2,(7, 18),2,3,3
2,(21, 19),1,360,4
2,(2, 4),1,22,2
2,(5, 26),2,39,2
2,(10, 13),1,33,3
2,(23, 21),1,158,2
2,(16, 11),2,1,4
3,(10, 20),1,197,3
3,(18, 8),1,488,3
3,(24, 5),2,28,2
3,(24, 23),1,409,3
3,(14, 5),1,292,3
3,(0, 17),1,124,2
3,(2, 15),1,414,2
3,(22, 14),2,65,2
3,(19, 4),1,5,2
3,(13, 0),2,1,2
3,(12, 0),1,664,1
3,(24, 17),1,17,4
3,(8, 1),1,3,3
3,(22, 24),2,1,3
3,(24, 0),1,674,2
3,(26, 6),2,1,3
3,(18, 22),1,671,2
3,(25, 14),1,93,2
3,(10, 8),1,82,3
3,(1, 23),1,1334,3
3,(19, 11),1,8,2
3,(21, 12),2,115,1
3,(1, 24),3,1,1
3,(10, 4),1,55,3
3,(21, 26),1,135,3
3,(10, 9),2,22,3
3,(0, 10),1,3,3
3,(5, 5),1,43,4
3,(0, 4),2,1,1
3,(6, 2),2,1,2
3,(25, 25),1,62,2
3,(19, 1),1,11,3
3,(1, 26),1,5,2
3,(4, 17),1,230,3
3,(16, 10),1,3,2
3,(13, 25),1,50,4
3,(13, 19),1,56,3
3,(6, 17),1,163,3
3,(16, 0),1,16,3
3,(17, 0),2,1,0
3,(4, 7),2,1,3
3,(3, 7),2,2,3
3,(16, 23),1,10,2
3,(4, 18),2,2,2
3,(19, 24),1,743,4
3,(19, 25),2,13,2
3,(10, 18),1,14,4
3,(12, 18),2,1,2
3,(9, 4),1,53,2
3,(13, 7),1,103,3
3,(12, 6),2,1,4
3,(11, 11),2,1,3
3,(20, 23),2,2,4
3,(14, 19),1,3,2
3,(12, 20),2,1,1
3,(7, 24),3,1,1
3,(7, 7),3,1,2
3,(3, 22),2,2,2
3,(26, 16),1,6,3
3,(25, 0),1,24,2
3,(26, 0),3,1,1
3,(15, 6),2,85,4
3,(16, 12),2,120,1
3,(16, 2),1,32,4
3,(3, 8),1,113,2
3,(1, 9),2,1,4
3,(17, 13),2,1,3
3,(18, 4),1,45,2
3,(5, 1),1,38,4
3,(5, 20),1,25,2
3,(16, 3),2,5,2
3,(0, 21),1,59,3
3,(15, 5),1,211,2
3,(23, 20),1,223,3
3,(17, 16),2,1,2
3,(19, 17),2,3,3
3,(22, 6),1,118,4
3,(5, 17),1,225,2
3,(25, 18),2,5,3
3,(3, 13),2,1,4
3,(2, 13),2,2,3
3,(14, 21),3,1,2
3,(14, 20),1,201,2
3,(15, 20),2,1,2
3,(8, 6),1,20,3
3,(12, 13),1,5,3
3,(6, 16),2,1,2
3,(0, 18),1,327,2
3,(1, 18),2,1,1
3,(5, 15),1,140,3
3,(16, 20),1,8,3
3,(16, 21),3,7,2
3,(4, 5),1,4,2
3,(15, 15),1,11,3
3,(18, 20),2,1,3
3,(10, 5),1,117,3
3,(19, 15),2,4,4
3,(0, 23),1,92,2
3,(2, 9),1,189,2
3,(18, 16),2,20,3
3,(15, 18),1,75,3
3,(8, 25),1,452,3
3,(20, 13),1,73,3
3,(23, 4),1,391,2
3,(14, 9),2,1,2
3,(14, 10),2,1,3
3,(15, 0),1,155,1
3,(15, 24),1,163,3
3,(5, 0),2,20,2
3,(7, 12),2,3,4
3,(8, 12),3,1,3
3,(6, 12),1,82,3
3,(11, 9),1,42,1
3,(5, 14),2,1,3
3,(12, 17),2,1,2
3,(4, 20),1,562,2
3,(12, 11),1,78,3
3,(21, 0),1,83,2
3,(11, 19),1,4,4
3,(12, 19),2,15,0
3,(12, 8),2,1,2
3,(2, 12),1,162,3
3,(3, 12),2,4,2
3,(9, 13),1,115,3
3,(12, 15),3,1,2
3,(20, 21),1,83,3
3,(19, 9),2,1,2
3,(10, 17),1,57,3
3,(7, 5),2,2,3
3,(6, 5),1,32,1
3,(26, 17),1,213,1
3,(22, 10),1,4,4
3,(17, 6),2,3,4
3,(8, 3),2,2,4
3,(19, 18),2,17,3
3,(7, 21),1,231,3
3,(15, 4),1,258,2
3,(7, 10),1,443,4
3,(8, 10),2,1,3
3,(24, 9),1,239,3
3,(15, 14),2,2,3
3,(15, 7),1,130,3
3,(12, 23),2,260,2
3,(6, 18),1,36,2
3,(3, 26),1,486,3
3,(18, 14),1,399,4
3,(24, 22),2,1,2
4,(3, 24),2,1,2
4,(10, 1),1,67,4
4,(10, 0),2,2,2
4,(15, 11),1,20,2
4,(22, 25),1,8,3
4,(11, 2),1,70,4
4,(10, 21),2,5,3
4,(19, 8),2,3,1
4,(18, 7),2,1,2
4,(23, 17),1,379,2
4,(14, 26),1,265,3
4,(25, 17),1,392,1
4,(26, 20),1,306,3
4,(22, 15),2,1,3
4,(1, 20),1,63,3
4,(9, 9),1,261,3
4,(3, 10),1,391,3
4,(5, 12),1,259,3
4,(13, 24),2,123,3
4,(3, 2),2,52,3
4,(17, 1),2,1,3
4,(18, 2),2,2,4
4,(17, 2),1,9,1
4,(7, 14),1,7,3
4,(10, 25),2,466,4
4,(10, 26),2,2,2
4,(8, 7),1,55,2
4,(8, 8),2,41,2
4,(20, 19),1,109,4
4,(21, 19),2,2,3
4,(2, 6),1,192,4
4,(13, 26),1,146,1
4,(1, 7),1,12,4
4,(14, 22),1,332,3
4,(15, 22),3,331,1
4,(25, 21),1,120,4
4,(26, 14),2,732,2
4,(5, 11),1,6,2
4,(24, 1),1,75,3
4,(5, 23),2,1,4
4,(10, 9),3,1,1
4,(10, 10),1,61,3
4,(11, 9),2,1,1
4,(2, 10),2,1,2
4,(0, 5),2,408,2
4,(16, 4),1,226,2
4,(8, 22),1,15,4
4,(23, 7),1,32,3
4,(19, 0),2,2,1
4,(3, 8),2,1,1
4,(25, 7),2,1,4
4,(4, 15),1,18,3
4,(4, 16),2,2,1
4,(15, 3),3,1,2
4,(22, 11),1,378,3
4,(15, 17),2,68,3
4,(5, 22),2,140,2
4,(18, 21),2,32,3
4,(17, 21),1,320,1
4,(15, 25),1,11,3
4,(1, 2),2,2,3
4,(22, 12),1,6,3
4,(20, 8),1,80,2
4,(9, 19),2,5,3
4,(21, 25),1,9,2
4,(22, 17),3,1,2
4,(0, 20),3,84,1
4,(19, 5),2,1,2
4,(17, 22),2,1,2
4,(22, 19),1,4,2
4,(26, 5),1,30,3
4,(20, 4),1,317,3
4,(3, 12),3,1,1
4,(12, 16),1,5,1
4,(4, 11),2,1,3
4,(13, 16),2,2,1
4,(25, 5),1,62,3
4,(0, 25),1,11,3
4,(1, 25),3,2,1
4,(20, 16),2,270,3
4,(19, 16),1,313,0
4,(14, 23),3,3,3
4,(26, 22),1,6,3
4,(6, 11),1,173,2
4,(6, 25),2,173,3
4,(6, 26),2,1,1
4,(23, 23),1,394,3
4,(3, 0),2,1,3
4,(21, 7),3,1,4
4,(4, 13),1,7,4
4,(12, 9),1,5,2
4,(16, 2),2,1,2
4,(16, 12),3,1,1
4,(18, 12),2,3,4
4,(2, 18),1,329,3
4,(9, 15),2,2,4
4,(21, 3),3,2,4
4,(18, 3),2,3,2
4,(6, 2),3,1,3
4,(17, 3),2,3,1
4,(12, 4),2,1,1
4,(12, 3),2,2,3
4,(22, 2),1,11,4
4,(22, 21),2,2,4
4,(23, 21),2,1,2
4,(23, 16),1,117,3
4,(1, 13),1,334,2
4,(5, 19),2,117,2
4,(21, 26),2,1,2
4,(22, 1),1,46,2
4,(18, 5),2,1,2
4,(5, 16),1,373,1
4,(16, 16),2,2,4
4,(17, 15),2,2,4
4,(16, 18),2,2,3
4,(13, 1),1,184,3
4,(24, 15),1,172,4
4,(14, 0),2,1,1
4,(11, 26),1,716,2
4,(25, 14),2,1,3
4,(5, 25),2,165,2
4,(13, 10),2,35,3
4,(20, 5),1,439,2
4,(26, 3),1,186,3
4,(25, 13),2,7,3
4,(12, 22),2,1,3
4,(10, 22),2,3,3
4,(10, 23),1,61,3
4,(0, 26),1,410,1
4,(5, 21),2,2,2
4,(12, 8),3,2,2
4,(0, 11),1,154,3
4,(1, 11),2,6,3
4,(3, 20),2,3,4
4,(11, 15),1,150,3
4,(20, 18),2,338,1
4,(0, 12),2,273,2
4,(21, 6),1,215,3
4,(24, 19),3,622,4
4,(18, 11),2,5,3
4,(5, 3),2,2,4
4,(16, 6),1,454,3
4,(6, 4),3,2,4
4,(7, 4),2,1,2
4,(22, 13),1,177,3
4,(24, 10),1,443,3
4,(18, 18),1,47,3
4,(26, 10),2,2,3
4,(11, 14),1,207,3
4,(12, 15),4,1,1
4,(14, 15),2,25,3
4,(15, 14),3,1,3
4,(12, 24),1,178,2
4,(8, 2),3,59,4
4,(10, 14),2,3,3
4,(10, 13),2,3,3
4,(24, 21),2,3,1
5,(9, 22),1,48,2
5,(5, 8),1,7,4
5,(7, 8),2,1,2
5,(23, 15),1,98,0
5,(17, 25),1,132,4
5,(8, 9),1,76,1
5,(9, 21),2,15,1
5,(19, 25),3,1,4
5,(11, 21),2,3,3
5,(17, 7),1,389,2
5,(22, 20),1,11,2
5,(23, 20),2,1,2
5,(9, 3),1,55,3
5,(23, 3),1,95,3
5,(14, 8),1,50,3
5,(8, 0),1,400,3
5,(24, 3),1,182,3
5,(24, 4),3,1,3
5,(22, 9),1,25,3
5,(0, 15),1,29,3
5,(0, 18),2,1,2
5,(0, 17),2,6,2
5,(2, 2),2,22,2
5,(19, 14),1,6,2
5,(20, 14),2,200,2
5,(26, 17),2,1,1
5,(26, 16),2,1,2
5,(21, 16),1,71,3
5,(13, 2),1,556,3
5,(18, 26),2,6,3
5,(4, 10),2,138,2
5,(11, 12),1,547,4
5,(19, 2),2,2,3
5,(7, 13),1,43,2
5,(22, 7),1,10,2
5,(21, 8),1,63,2
5,(19, 20),2,1,4
5,(20, 9),2,1,3
5,(21, 13),3,2,2
5,(22, 26),2,15,1
5,(4, 24),2,1,3
5,(7, 18),3,1,2
5,(1, 7),2,1,4
5,(0, 8),2,107,3
5,(8, 24),3,3,3
5,(7, 1),2,36,4
5,(1, 4),2,2,3
5,(2, 4),2,1,3
5,(0, 3),2,2,2
5,(20, 25),2,4,2
5,(13, 3),1,21,2
5,(14, 17),2,11,2
5,(16, 17),2,3,1
5,(6, 22),2,3,3
5,(1, 1),1,26,4
5,(7, 19),1,6,3
5,(21, 1),1,132,3
5,(1, 19),2,2,3
5,(16, 25),1,486,3
5,(19, 6),1,613,3
5,(16, 23),2,2,4
5,(16, 22),3,4,1
5,(3, 17),2,8,4
5,(13, 18),2,1,3
5,(9, 19),3,1,4
5,(10, 12),2,2,2
5,(11, 11),3,33,3
5,(12, 11),2,2,3
5,(24, 2),2,2,2
5,(7, 26),1,5,2
5,(22, 5),1,170,4
5,(1, 16),1,8,4
5,(2, 17),3,82,2
5,(4, 16),3,1,2
5,(13, 23),1,446,1
5,(21, 10),1,7,4
5,(6, 23),3,6,2
5,(2, 22),1,8,4
5,(3, 25),1,31,2
5,(4, 25),2,2,1
5,(3, 1),1,284,2
5,(5, 1),2,1,3
5,(18, 23),1,72,4
5,(3, 0),3,1,1
5,(23, 23),2,53,4
5,(20, 8),2,1,1
5,(20, 7),1,29,2
5,(18, 14),2,1,3
5,(19, 24),2,2,3
5,(8, 20),1,35,4
5,(5, 19),3,1,1
5,(4, 8),2,8,2
5,(17, 13),3,1,4
5,(11, 4),3,4,3
5,(21, 23),1,119,4
5,(15, 11),2,31,3
5,(19, 17),3,276,3
5,(0, 23),2,1,3
5,(23, 7),2,1,1
5,(24, 6),2,2,4
5,(5, 10),1,352,3
5,(5, 11),2,1,0
5,(18, 0),2,2,2
5,(18, 1),2,75,2
5,(19, 1),2,20,2
5,(22, 3),1,196,2
5,(14, 4),1,138,4
5,(21, 26),3,1,1
5,(13, 22),2,9,2
5,(25, 26),2,2,2
5,(16, 15),2,17,2
5,(18, 16),3,1,4
5,(16, 16),3,1,2
5,(12, 1),3,4,3
5,(18, 21),3,1,4
5,(26, 4),1,323,2
5,(19, 15),3,1,3
5,(10, 6),2,3,3
5,(20, 15),2,5,2
5,(19, 18),3,1,1
5,(25, 15),2,252,2
5,(3, 5),2,144,4
5,(5, 5),2,1,4
5,(5, 24),2,3,1
5,(6, 24),3,2,2
5,(17, 3),3,1,1
5,(18, 4),2,2,2
5,(2, 26),1,84,3
5,(4, 14),1,14,2
5,(22, 18),3,2,3
5,(3, 26),2,1,1
5,(11, 17),1,453,4
5,(11, 22),2,7,1
5,(13, 17),2,1,1
5,(11, 7),1,16,4
5,(15, 19),1,9,3
5,(1, 26),2,2,1
5,(4, 22),2,10,4
5,(15, 1),1,145,4
5,(18, 13),1,75,2
5,(7, 21),2,1,4
5,(12, 12),1,137,2
5,(13, 12),2,21,3
5,(9, 4),2,1,3
5,(0, 10),2,2,3
5,(2, 13),3,1,1
5,(19, 9),3,2,2
5,(9, 14),2,134,2
5,(9, 17),2,20,4
5,(13, 19),2,2,3
5,(14, 20),2,2,4
5,(13, 21),2,3,3
5,(1, 22),1,299,3
5,(13, 10),3,1,3
5,(25, 4),1,26,1
5,(2, 14),1,7,3
5,(5, 4),2,77,1
5,(6, 5),2,82,2
5,(7, 3),1,1419,4
5,(25, 10),2,5,2
5,(7, 22),2,8,2
5,(26, 23),2,4,3
5,(12, 14),3,3,2
6,(21, 6),2,1,3
6,(16, 7),2,111,2
6,(7, 2),1,224,0
6,(1, 14),2,20,3
6,(17, 8),1,103,3
6,(19, 8),3,1,2
6,(9, 24),1,147,3
6,(4, 26),2,1113,1
6,(8, 25),2,203,3
6,(7, 8),3,2,3
6,(23, 14),2,2,4
6,(23, 15),2,1,1
6,(18, 25),2,145,1
6,(23, 18),2,3,3
6,(3, 15),2,45,4
6,(4, 15),2,1,0
6,(23, 17),2,1,1
6,(17, 7),2,1,1
6,(3, 13),3,7,2
6,(4, 13),2,193,2
6,(25, 3),2,3,2
6,(26, 3),2,623,1
6,(2, 1),1,161,1
6,(1, 18),3,1,1
6,(24, 16),1,16,2
6,(21, 14),2,42,2
6,(22, 16),2,4,2
6,(23, 16),2,1,0
6,(22, 24),3,185,4
6,(23, 10),1,365,4
6,(19, 26),2,4,1
6,(25, 24),2,31,4
6,(15, 9),2,2,4
6,(15, 10),1,399,1
6,(10, 23),2,1,3
6,(25, 1),1,22,4
6,(20, 19),2,2,3
6,(8, 11),2,16,4
6,(26, 19),1,79,3
6,(26, 18),3,18,1
6,(26, 13),2,66,3
6,(5, 7),1,15,3
6,(24, 9),2,4,4
6,(13, 15),2,2,2
6,(0, 24),1,10,2
6,(21, 12),3,225,3
6,(26, 1),1,199,2
6,(26, 0),4,2,1
6,(25, 0),2,2,1
6,(24, 26),2,2,2
6,(1, 5),2,160,3
6,(13, 6),1,142,4
6,(6, 1),1,130,1
6,(1, 4),3,71,2
6,(3, 3),2,11,3
6,(2, 9),2,2,4
6,(3, 8),3,1,3
6,(14, 3),2,16,2
6,(26, 7),1,36,3
6,(15, 25),2,55,3
6,(14, 18),2,7,2
6,(16, 18),3,1,3
6,(2, 2),3,1,2
6,(0, 3),3,23,3
6,(0, 1),2,3,3
6,(8, 19),2,9,1
6,(3, 7),3,2,3
6,(17, 23),4,2,1
6,(17, 21),2,2,3
6,(5, 17),2,3,3
6,(10, 7),1,9,2
6,(11, 9),3,1,4
6,(25, 4),2,1,1
6,(9, 20),2,4,2
6,(16, 9),1,251,3
6,(10, 12),3,1,2
6,(10, 10),2,2,4
6,(8, 26),2,7,1
6,(3, 17),3,29,3
6,(4, 9),1,6,3
6,(19, 23),1,136,2
6,(16, 22),4,2,4
6,(7, 11),2,68,2
6,(7, 12),3,6,2
6,(22, 10),2,4,1
6,(7, 23),2,5,2
6,(3, 22),3,2,2
6,(2, 0),2,32,1
6,(18, 24),2,192,1
6,(9, 12),3,22,3
6,(2, 19),1,549,2
6,(3, 19),3,3,2
6,(19, 12),3,32,4
6,(10, 14),3,1,1
6,(6, 14),2,4,4
6,(12, 16),2,7,3
6,(11, 16),2,7,2
6,(13, 3),2,1,2
6,(19, 5),3,3,2
6,(20, 5),2,1,3
6,(14, 11),1,655,3
6,(16, 12),4,2,3
6,(0, 21),2,4,3
6,(0, 23),3,1,2
6,(21, 21),1,99,4
6,(23, 21),3,1,3
6,(25, 18),3,23,3
6,(12, 13),2,2,2
6,(25, 20),1,174,3
6,(19, 2),3,1,3
6,(26, 26),1,218,1
6,(9, 6),2,226,3
6,(16, 5),1,216,4
6,(18, 5),3,1,2
6,(19, 13),1,114,2
6,(16, 16),4,1,1
6,(18, 20),3,3,3
6,(18, 15),1,192,0
6,(20, 16),3,40,4
6,(25, 14),3,1,2
6,(1, 12),1,213,2
6,(2, 12),2,2,2
6,(5, 5),3,1,2
6,(13, 9),1,47,3
6,(6, 24),4,1,2
6,(7, 24),4,2,2
6,(15, 24),2,6,3
6,(14, 24),1,14,2
6,(25, 22),1,52,3
6,(24, 13),1,356,4
6,(25, 13),3,97,1
6,(9, 5),1,975,2
6,(21, 18),1,34,3
6,(22, 19),2,2,2
6,(15, 20),3,3,2
6,(0, 26),2,2,1
6,(16, 20),2,3,3
6,(26, 12),2,34,2
6,(2, 26),2,1,1
6,(13, 11),2,30,0
6,(7, 15),3,30,4
6,(12, 7),1,25,3
6,(10, 5),2,39,3
6,(11, 2),2,2,4
6,(13, 8),3,37,3
6,(14, 8),2,1,3
6,(3, 20),3,1,3
6,(0, 13),2,37,3
6,(18, 9),1,290,3
6,(25, 2),2,504,1
6,(22, 0),3,5,3
6,(22, 1),2,143,2
6,(14, 21),4,3,2
6,(12, 10),2,11,3
6,(12, 11),3,1,0
6,(23, 20),3,1,2
6,(17, 11),1,229,4
6,(18, 11),3,2,3
6,(3, 4),1,60,2
6,(24, 12),1,68,3
6,(6, 4),4,1,2
6,(7, 4),3,129,2
6,(8, 21),2,5,2
6,(8, 22),2,2,2
6,(9, 22),2,1,3
6,(26, 23),3,1,3
7,(21, 20),2,12,3
7,(22, 20),2,1,1
7,(18, 8),2,4,1
7,(9, 16),1,315,3
7,(9, 1),2,4,4
7,(9, 0),2,4,2
7,(23, 25),2,4,4
7,(24, 25),2,3,2
7,(25, 25),2,2,1
7,(23, 13),1,562,1
7,(12, 2),3,233,3
7,(16, 26),3,56,2
7,(18, 6),1,15,2
7,(25, 11),1,63,3
7,(24, 20),1,202,2
7,(2, 15),2,3,4
7,(1, 17),3,123,3
7,(21, 15),2,183,3
7,(26, 16),3,1,3
7,(22, 15),3,3,2
7,(17, 26),1,73,2
7,(26, 6),3,22,2
7,(24, 10),2,14,2
7,(22, 14),3,13,1
7,(23, 14),3,2,2
7,(24, 24),1,186,3
7,(18, 1),3,1,2
7,(10, 25),3,3,4
7,(26, 2),1,613,1
7,(5, 6),1,10,2
7,(7, 19),2,1,3
7,(26, 14),3,2,1
7,(23, 9),1,204,2
7,(6, 7),2,4,3
7,(20, 9),3,1,2
7,(8, 8),3,120,4
7,(22, 11),2,2,3
7,(20, 12),3,6,2
7,(0, 25),2,2,1
7,(24, 0),2,237,2
7,(13, 25),2,581,3
7,(17, 19),2,404,4
7,(2, 10),3,2,3
7,(0, 5),3,3,3
7,(1, 5),3,1,2
7,(3, 22),4,1,1
7,(2, 21),2,51,4
7,(0, 4),3,3,0
7,(2, 4),3,1,2
7,(20, 24),1,72,3
7,(15, 3),4,26,3
7,(22, 2),2,144,2
7,(26, 8),3,6,2
7,(20, 21),2,5,3
7,(0, 2),2,955,2
7,(0, 3),4,1,1
7,(2, 1),2,1,1
7,(22, 17),4,2,2
7,(0, 19),1,307,3
7,(0, 20),4,4,1
7,(19, 7),3,3,3
7,(16, 21),4,10,1
7,(20, 7),2,1,0
7,(4, 17),2,4,1
7,(11, 8),2,116,3
7,(24, 4),4,9,3
7,(9, 18),2,6,2
7,(11, 18),2,34,3
7,(12, 18),3,4,3
7,(11, 21),3,2,4
7,(4, 10),3,3,3
7,(12, 6),3,3,3
7,(9, 11),3,6,2
7,(14, 16),2,4,4
7,(10, 12),4,1,1
7,(23, 3),2,1,3
7,(15, 23),2,275,3
7,(16, 22),5,2,3
7,(23, 24),2,24,1
7,(22, 23),1,802,3
7,(17, 6),3,1,2
7,(17, 14),2,28,3
7,(18, 14),3,1,1
7,(16, 2),3,24,4
7,(17, 2),2,2,2
7,(2, 9),3,1,3
7,(17, 12),1,220,2
7,(22, 22),2,125,3
7,(24, 22),3,159,3
7,(11, 17),2,1,2
7,(9, 17),3,1,2
7,(13, 15),3,6,4
7,(10, 15),1,8,4
7,(20, 3),1,153,4
7,(22, 3),2,1,2
7,(11, 25),2,758,3
7,(15, 11),3,2,3
7,(18, 17),3,274,3
7,(1, 22),2,1,4
7,(23, 6),2,8,3
7,(24, 6),3,1,3
7,(24, 18),2,67,3
7,(19, 0),3,77,2
7,(18, 2),3,3,1
7,(18, 3),3,1,1
7,(5, 18),1,402,3
7,(20, 26),1,104,2
7,(16, 5),2,1,1
7,(9, 8),1,367,3
7,(20, 14),3,1,3
7,(21, 13),4,2,2
7,(20, 13),2,3,0
7,(6, 16),3,6,3
7,(7, 16),2,16,2
7,(19, 20),3,15,3
7,(2, 5),1,390,2
7,(3, 13),4,1,3
7,(21, 5),2,153,4
7,(4, 0),1,215,3
7,(6, 14),3,1,4
7,(13, 23),2,4,3
7,(26, 12),3,1,2
7,(2, 25),1,793,4
7,(2, 26),3,1,0
7,(6, 21),2,4,4
7,(4, 25),3,9,4
7,(10, 4),2,5,4
7,(12, 4),3,1,4
7,(13, 7),2,103,2
7,(9, 2),2,7,3
7,(2, 13),4,28,2
7,(8, 5),3,211,3
7,(15, 19),2,4,3
7,(15, 21),3,101,1
7,(17, 10),3,6,3
7,(18, 10),2,37,2
7,(19, 9),4,1,2
7,(5, 4),3,1,2
7,(25, 23),1,14,2
7,(2, 23),1,13,4
7,(3, 24),3,3,4
7,(6, 24),5,3,3
7,(5, 24),3,3,3
7,(16, 14),2,40,2
8,(3, 14),1,108,3
8,(4, 15),3,93,4
8,(4, 14),2,3,1
8,(1, 16),2,187,3
8,(2, 17),4,2,2
8,(4, 17),3,1,1
8,(25, 16),2,15,3
8,(14, 4),2,70,4
8,(21, 1),2,2,4
8,(25, 10),3,28,2
8,(16, 0),2,90,3
8,(16, 10),2,13,2
8,(18, 2),4,1,1
8,(10, 25),4,1,1
8,(10, 26),3,9,2
8,(23, 8),2,134,3
8,(9, 26),2,17,2
8,(19, 19),1,27,3
8,(20, 19),3,1,3
8,(13, 0),3,127,3
8,(14, 0),3,23,2
8,(26, 21),2,10,3
8,(13, 14),1,276,2
8,(21, 10),2,2,4
8,(20, 11),1,44,3
8,(23, 10),2,1,3
8,(8, 7),2,111,3
8,(21, 11),3,28,0
8,(23, 26),3,6,3
8,(5, 23),3,23,3
8,(6, 24),6,1,1
8,(26, 15),1,367,2
8,(26, 14),4,160,0
8,(8, 17),2,7,3
8,(0, 7),2,7,3
8,(1, 21),1,235,1
8,(1, 3),2,137,2
8,(1, 7),3,2,3
8,(3, 2),3,1,2
8,(2, 3),2,423,2
8,(20, 25),3,2,1
8,(3, 8),4,96,3
8,(6, 20),1,403,3
8,(17, 3),4,1,2
8,(25, 19),1,597,3
8,(14, 26),2,4,3
8,(14, 25),2,166,1
8,(18, 21),4,1,2
8,(19, 21),2,20,1
8,(2, 2),4,1,1
8,(1, 0),3,152,3
8,(23, 18),3,5,2
8,(1, 19),3,2,3
8,(1, 20),2,10,2
8,(17, 22),3,4,2
8,(9, 7),3,45,2
8,(12, 8),4,4,2
8,(22, 4),2,25,3
8,(24, 4),5,1,2
8,(13, 19),3,15,4
8,(9, 18),3,1,3
8,(13, 6),2,2,2
8,(14, 17),3,3,3
8,(10, 10),3,1,4
8,(23, 2),1,89,2
8,(1, 5),4,1,2
8,(4, 16),4,2,2
8,(5, 8),2,22,4
8,(5, 16),2,1,1
8,(16, 23),3,520,2
8,(15, 22),4,12,1
8,(7, 6),1,90,4
8,(24, 23),2,304,2
8,(4, 19),2,7,4
8,(5, 6),2,1,3
8,(15, 2),1,59,2
8,(6, 7),3,42,3
8,(19, 12),4,12,3
8,(11, 16),3,1,3
8,(9, 16),2,30,3
8,(11, 15),2,6,1
8,(9, 15),3,4,3
8,(9, 14),3,1,1
8,(6, 13),2,14,3
8,(10, 15),2,1,2
8,(7, 14),2,11,2
8,(11, 3),1,519,3
8,(7, 2),2,14,4
8,(11, 24),1,81,4
8,(12, 24),2,9,3
8,(19, 5),4,1,3
8,(11, 25),3,1,2
8,(13, 24),3,2,1
8,(15, 12),2,24,3
8,(16, 11),3,91,2
8,(17, 11),2,1,1
8,(19, 17),4,34,3
8,(21, 18),2,1,3
8,(12, 13),3,1,3
8,(21, 26),4,5,2
8,(15, 5),2,34,3
8,(16, 4),2,3,3
8,(17, 18),2,5,3
8,(18, 18),2,5,2
8,(13, 26),2,4,1
8,(25, 14),4,1,3
8,(14, 10),3,2,3
8,(14, 11),2,1,1
8,(16, 9),2,8,3
8,(18, 8),3,1,3
8,(22, 5),2,18,2
8,(17, 24),3,21,4
8,(18, 24),3,2,3
8,(18, 25),3,2,3
8,(4, 0),2,1,3
8,(12, 23),3,6,3
8,(8, 22),3,1,3
8,(3, 25),2,4,1
8,(8, 21),3,1,3
8,(6, 15),1,811,3
8,(3, 26),3,1,0
8,(10, 6),3,54,4
8,(10, 5),3,2,2
8,(11, 4),4,3,2
8,(1, 11),3,3,4
8,(2, 12),3,1,3
8,(14, 8),3,12,4
8,(17, 7),3,1,3
8,(22, 7),2,5,3
8,(7, 10),2,4,4
8,(24, 20),2,1,4
8,(4, 4),2,276,4
8,(5, 4),4,1,2
8,(8, 5),4,1,4
8,(7, 5),3,135,1
8,(8, 4),2,48,3
8,(2, 24),3,144,1
8,(15, 15),2,92,4
8,(17, 15),3,2,3
8,(6, 26),3,149,3
9,(5, 25),3,44,2
9,(7, 25),1,423,4
9,(7, 24),5,3,2
9,(13, 2),2,125,3
9,(12, 21),3,7,4
9,(16, 26),4,1,3
9,(26, 10),3,3,2
9,(23, 13),2,2,3
9,(24, 12),2,18,4
9,(5, 15),2,2,1
9,(0, 16),2,139,2
9,(1, 15),2,130,3
9,(4, 15),4,1,1
9,(25, 17),2,8,3
9,(25, 18),4,1,1
9,(22, 25),2,21,4
9,(23, 25),3,4,2
9,(24, 25),3,1,3
9,(19, 1),3,1,1
9,(25, 6),1,192,3
9,(15, 3),5,24,3
9,(22, 1),3,2,2
9,(19, 26),3,6,3
9,(20, 26),2,37,0
9,(19, 22),2,185,3
9,(25, 24),3,4,3
9,(18, 1),4,1,2
9,(18, 0),3,3,2
9,(19, 0),4,1,1
9,(9, 24),2,59,4
9,(24, 10),3,2,3
9,(24, 11),1,188,2
9,(21, 20),3,4,4
9,(8, 10),3,40,3
9,(12, 0),2,42,2
9,(6, 19),1,31,3
9,(6, 5),3,4,2
9,(9, 0),3,2,3
9,(18, 19),1,569,2
9,(20, 10),2,6,1
9,(1, 24),4,8,3
9,(1, 25),4,3,2
9,(1, 26),3,2,2
9,(13, 25),3,1,1
9,(0, 25),3,1,2
9,(17, 19),3,1,2
9,(16, 20),3,4,3
9,(7, 23),3,2,3
9,(13, 10),4,1,2
9,(0, 3),5,1,1
9,(1, 4),4,2,2
9,(8, 2),4,3,2
9,(2, 4),4,2,1
9,(26, 7),2,39,3
9,(25, 20),2,8,2
9,(26, 19),2,83,2
9,(15, 18),2,61,3
9,(1, 0),4,2,3
9,(22, 17),5,1,3
9,(0, 18),3,4,3
9,(2, 7),1,54,3
9,(1, 20),3,1,2
9,(10, 8),2,13,4
9,(13, 8),4,2,1
9,(24, 3),2,5,2
9,(10, 20),2,31,4
9,(9, 20),3,59,3
9,(11, 18),3,2,4
9,(10, 19),2,27,3
9,(2, 11),2,67,2
9,(12, 18),4,1,3
9,(10, 18),2,63,2
9,(3, 10),2,160,4
9,(12, 6),4,1,3
9,(13, 7),3,129,2
9,(9, 12),4,1,4
9,(11, 12),2,1,3
9,(10, 11),1,17,4
9,(13, 11),3,2,2
9,(5, 9),2,86,3
9,(22, 23),2,1,3
9,(12, 20),3,12,3
9,(17, 23),5,3,1
9,(14, 6),1,130,3
9,(23, 23),3,4,3
9,(3, 6),1,201,4
9,(4, 6),2,22,2
9,(4, 8),3,3,3
9,(5, 7),2,4,2
9,(1, 9),3,6,4
9,(21, 22),1,290,4
9,(24, 22),4,1,4
9,(18, 12),3,36,2
9,(10, 17),2,21,3
9,(11, 16),4,1,2
9,(23, 3),3,1,2
9,(6, 13),3,26,3
9,(6, 2),4,4,3
9,(20, 3),2,2,4
9,(14, 24),2,2,2
9,(20, 4),2,5,3
9,(20, 5),3,54,2
9,(20, 18),3,50,2
9,(0, 22),1,310,3
9,(13, 12),3,92,2
9,(17, 5),2,11,3
9,(18, 5),4,2,2
9,(19, 5),5,94,2
9,(25, 1),2,225,4
9,(20, 14),4,1,3
9,(21, 13),5,1,3
9,(23, 0),2,48,3
9,(19, 20),4,1,3
9,(18, 16),4,57,4
9,(13, 1),2,17,2
9,(26, 5),2,208,3
9,(20, 16),4,30,4
9,(22, 15),4,2,4
9,(23, 16),3,2,4
9,(26, 25),1,25,3
9,(26, 26),2,3,1
9,(13, 26),3,1,1
9,(3, 12),4,37,3
9,(16, 8),1,226,3
9,(6, 25),3,151,0
9,(17, 8),2,488,1
9,(18, 4),3,3,2
9,(19, 24),3,2,3
9,(19, 25),4,2,1
9,(5, 0),3,95,2
9,(3, 1),2,414,4
9,(3, 0),4,3,1
9,(12, 17),3,6,2
9,(6, 14),4,1,1
9,(13, 23),3,2,3
9,(25, 12),1,293,3
9,(6, 22),3,4,4
9,(13, 6),3,1,1
9,(10, 4),3,1,2
9,(10, 3),2,50,3
9,(9, 7),4,1,3
9,(0, 10),3,8,3
9,(3, 20),4,11,4
9,(20, 0),1,413,2
9,(21, 0),2,143,1
9,(22, 0),4,2,0
9,(23, 7),3,5,2
9,(7, 11),3,3,3
9,(8, 11),3,2,2
9,(14, 19),2,9,4
9,(1, 23),2,9,3
9,(2, 23),2,1,2
9,(25, 19),2,1,1
9,(18, 10),3,3,3
9,(4, 3),2,349,3
9,(5, 4),5,1,2
9,(21, 6),3,27,4
9,(25, 8),2,28,4
9,(5, 24),4,19,2
9,(21, 7),4,2,3
9,(15, 13),3,16,3
9,(14, 14),1,566,4
9,(22, 7),3,1,2
9,(20, 7),3,2,3
9,(20, 8),3,1,1
9,(17, 13),4,4,4
9,(17, 14),3,1,1
9,(15, 14),4,11,1
9,(18, 13),2,3,2
9,(22, 9),2,37,4
9,(4, 26),3,5,2
10,(9, 26),3,1,2
10,(24, 5),3,10,3
10,(25, 5),2,22,0
10,(15, 26),2,7,2
10,(26, 11),2,38,2
10,(26, 21),3,1,3
10,(8, 20),2,4,2
10,(25, 22),2,2,2
10,(2, 14),2,9,4
10,(3, 14),2,2,3
10,(4, 14),3,1,1
10,(3, 17),4,4,4
10,(24, 15),2,3,4
10,(18, 9),2,12,2
10,(21, 26),5,1,2
10,(14, 4),3,1,4
10,(19, 23),2,26,2
10,(25, 25),3,4,1
10,(25, 26),3,2,1
10,(4, 2),2,54,3
10,(17, 1),3,6,3
10,(17, 2),3,3,2
10,(11, 24),2,1,2
10,(11, 26),2,235,1
10,(23, 8),3,1,3
10,(25, 10),4,2,3
10,(24, 9),3,9,3
10,(21, 19),3,38,3
10,(8, 12),4,18,2
10,(21, 20),4,2,3
10,(26, 3),3,137,3
10,(7, 6),2,1,3
10,(9, 1),3,22,3
10,(14, 15),3,6,3
10,(15, 15),3,1,2
10,(2, 25),2,3,2
10,(3, 25),3,13,2
10,(22, 12),2,49,4
10,(2, 26),4,2,1
10,(3, 26),4,1,0
10,(24, 26),3,3,1
10,(5, 23),4,183,3
10,(0, 6),2,420,3
10,(3, 22),5,36,4
10,(3, 3),3,6,2
10,(4, 4),3,1,2
10,(24, 7),3,11,3
10,(15, 25),3,4,2
10,(8, 9),2,96,3
10,(18, 18),3,1,1
10,(1, 2),3,8,4
10,(1, 3),3,2,1
10,(2, 3),3,1,1
10,(0, 3),6,1,2
10,(1, 18),4,188,3
10,(0, 19),2,2,3
10,(3, 7),4,29,2
10,(4, 19),3,1,4
10,(9, 9),2,5,3
10,(12, 8),5,1,3
10,(22, 4),3,1,3
10,(11, 19),2,272,2
10,(15, 18),3,1,4
10,(25, 2),3,23,3
10,(24, 3),3,5,3
10,(26, 2),2,3,1
10,(1, 7),4,2,4
10,(2, 7),2,1,2
10,(4, 16),5,1,2
10,(2, 16),3,62,3
10,(20, 25),4,2,3
10,(8, 6),2,26,3
10,(18, 24),4,1,1
10,(4, 1),2,159,1
10,(5, 1),3,5,2
10,(24, 25),4,1,1
10,(24, 24),2,4,3
10,(6, 1),2,13,2
10,(16, 6),2,5,4
10,(25, 23),2,1,3
10,(6, 19),2,1,4
10,(4, 7),3,24,0
10,(23, 23),4,2,4
10,(9, 17),4,3,3
10,(11, 17),3,5,1
10,(11, 18),4,6,0
10,(10, 17),3,1,1
10,(11, 16),5,1,1
10,(9, 16),3,7,3
10,(10, 15),3,1,4
10,(9, 14),4,1,4
10,(7, 13),2,93,2
10,(22, 3),3,14,2
10,(6, 12),2,8,3
10,(19, 3),2,38,3
10,(19, 2),4,2,3
10,(5, 2),2,612,2
10,(19, 4),2,9,0
10,(15, 24),3,2,2
10,(22, 5),3,1,3
10,(21, 5),3,2,1
10,(16, 10),3,2,2
10,(14, 12),2,74,3
10,(15, 12),3,1,2
10,(18, 17),4,2,2
10,(23, 21),4,14,4
10,(12, 13),4,1,4
10,(15, 5),3,6,4
10,(13, 13),2,115,2
10,(16, 22),6,1,4
10,(14, 23),4,5,2
10,(15, 13),4,1,1
10,(26, 1),2,56,1
10,(22, 13),2,4,2
10,(23, 13),3,1,3
10,(16, 16),5,53,4
10,(18, 19),2,1,2
10,(17, 21),3,37,4
10,(11, 5),2,8,2
10,(20, 16),5,1,4
10,(20, 15),3,19,2
10,(21, 16),2,89,3
10,(19, 18),4,4,3
10,(25, 14),5,1,4
10,(3, 5),3,31,2
10,(4, 13),3,1,3
10,(5, 5),4,3,2
10,(17, 4),1,349,2
10,(17, 26),2,3,2
10,(26, 23),4,2,2
10,(13, 17),3,5,3
10,(14, 24),3,2,1
10,(25, 13),4,235,2
10,(26, 12),4,182,1
10,(5, 21),3,30,4
10,(4, 22),3,14,3
10,(5, 22),3,356,0
10,(8, 22),4,85,3
10,(10, 6),4,1,3
10,(10, 2),1,74,4
10,(10, 3),3,1,2
10,(0, 13),3,50,3
10,(6, 20),2,2,3
10,(5, 20),2,11,2
10,(4, 20),2,158,1
10,(1, 13),2,23,3
10,(2, 13),5,265,2
10,(2, 12),4,1,1
10,(17, 7),4,1,3
10,(15, 20),4,163,4
10,(13, 9),2,27,2
10,(23, 19),1,101,4
10,(23, 20),4,5,2
10,(24, 19),4,117,3
10,(19, 10),2,12,3
10,(7, 3),2,16,3
10,(4, 25),4,2,2
10,(26, 8),4,3,1
10,(25, 9),2,68,1
10,(16, 13),2,69,2
10,(20, 13),3,265,2
10,(0, 14),1,249,2
10,(1, 14),3,12,0
10,(0, 16),3,1,2
10,(0, 15),2,188,1
11,(7, 26),2,81,2
11,(3, 24),4,2,2
11,(23, 5),1,318,2
11,(13, 22),3,12,3
11,(15, 21),4,47,3
11,(18, 7),3,305,3
11,(14, 26),3,2,1
11,(15, 26),3,1,0
11,(24, 21),3,704,2
11,(26, 21),4,1,3
11,(0, 17),3,141,2
11,(4, 17),4,4,2
11,(24, 18),3,4,3
11,(26, 16),4,9,3
11,(24, 16),2,90,2
11,(25, 16),3,2,2
11,(23, 15),3,9,2
11,(25, 18),5,1,3
11,(23, 26),4,2,1
11,(14, 2),2,51,4
11,(13, 4),1,179,4
11,(14, 4),4,1,3
11,(22, 1),4,1,3
11,(14, 3),3,13,2
11,(19, 26),4,426,2
11,(26, 24),2,38,1
11,(11, 25),4,1,2
11,(9, 24),3,1,4
11,(22, 8),2,511,1
11,(22, 20),3,273,2
11,(26, 11),3,1,2
11,(20, 20),2,77,2
11,(22, 19),3,6,1
11,(1, 8),2,302,2
11,(7, 19),3,215,3
11,(26, 5),3,1,2
11,(12, 0),3,2,3
11,(10, 1),2,6,3
11,(22, 11),3,2,3
11,(22, 10),3,58,1
11,(0, 26),3,100,1
11,(17, 19),4,1,3
11,(0, 5),4,81,3
11,(0, 6),3,1,2
11,(8, 23),2,27,3
11,(9, 15),4,2,1
11,(8, 16),2,9,3
11,(25, 8),3,1,2
11,(25, 7),3,6,2
11,(20, 2),1,24,2
11,(19, 3),3,1,1
11,(23, 3),4,1,1
11,(23, 11),2,248,3
11,(17, 18),3,2,2
11,(2, 2),5,3,2
11,(2, 0),3,5,3
11,(4, 0),3,1,1
11,(23, 17),3,47,3
11,(22, 17),6,1,3
11,(0, 20),5,4,2
11,(21, 4),2,126,1
11,(23, 4),2,16,1
11,(11, 18),5,1,1
11,(11, 22),3,22,4
11,(9, 22),3,35,3
11,(3, 11),2,171,2
11,(10, 13),3,3,4
11,(9, 12),5,32,3
11,(10, 11),2,3,4
11,(10, 10),4,4,3
11,(13, 11),4,1,3
11,(24, 2),3,13,4
11,(1, 6),1,102,2
11,(21, 23),2,6,4
11,(22, 23),3,2,2
11,(8, 6),3,1,3
11,(18, 23),2,4,3
11,(19, 23),3,1,2
11,(15, 6),3,11,2
11,(17, 6),4,3,2
11,(17, 5),3,1,1
11,(0, 9),1,17,3
11,(5, 8),3,4,4
11,(22, 22),3,12,3
11,(5, 7),3,1,1
11,(21, 12),4,6,4
11,(10, 14),4,5,2
11,(21, 3),4,95,1
11,(7, 12),4,5,2
11,(5, 13),1,565,3
11,(13, 16),3,6,3
11,(19, 0),5,1,3
11,(7, 2),3,1,3
11,(15, 10),2,5,2
11,(15, 11),4,40,2
11,(16, 11),4,1,1
11,(17, 11),3,1,1
11,(17, 17),1,629,2
11,(14, 12),3,41,2
11,(1, 22),3,17,4
11,(15, 5),4,1,1
11,(15, 4),2,88,2
11,(15, 13),5,1,1
11,(15, 23),3,5,3
11,(19, 15),4,4,3
11,(22, 14),4,4,3
11,(23, 14),4,3,1
11,(15, 16),2,497,2
11,(17, 20),2,79,2
11,(11, 1),1,885,3
11,(18, 21),5,3,3
11,(13, 1),3,6,4
11,(21, 18),3,1,4
11,(14, 0),4,3,3
11,(24, 14),1,100,2
11,(4, 5),2,197,1
11,(6, 5),4,6,2
11,(7, 5),4,3,2
11,(16, 9),3,2,3
11,(18, 24),5,13,2
11,(16, 25),2,361,2
11,(6, 14),5,1,3
11,(9, 23),2,11,1
11,(14, 17),4,4,3
11,(13, 23),4,1,2
11,(6, 21),3,3,2
11,(7, 22),3,63,2
11,(7, 16),3,3,3
11,(12, 5),1,226,3
11,(11, 4),5,19,3
11,(9, 6),3,7,3
11,(2, 21),3,3,4
11,(21, 22),2,3,2
11,(22, 6),2,29,4
11,(6, 11),2,6,3
11,(14, 20),3,5,3
11,(7, 11),4,1,2
11,(24, 20),3,2,1
11,(19, 11),2,8,3
11,(18, 11),4,5,2
11,(20, 11),2,3,3
11,(21, 11),4,2,0
11,(8, 4),3,2,4
11,(6, 24),7,20,4
11,(4, 25),5,1,2
11,(20, 4),3,1,1
11,(21, 5),4,1,3
11,(21, 6),4,2,1
11,(18, 14),4,12,4
11,(16, 14),3,7,2
11,(1, 15),3,2,4
11,(6, 26),4,3,2
11,(23, 9),2,3,2
12,(5, 26),3,324,1
12,(12, 22),3,1091,2
12,(13, 21),3,6,3
12,(18, 8),4,10,2
12,(19, 7),4,354,3
12,(24, 12),3,2,4
12,(2, 17),5,3,3
12,(7, 20),1,336,2
12,(8, 20),3,2,2
12,(17, 9),1,137,3
12,(21, 25),2,51,3
12,(22, 26),3,27,2
12,(15, 2),2,3,3
12,(17, 2),4,1,3
12,(21, 1),3,3,3
12,(11, 26),3,1,2
12,(26, 10),4,36,2
12,(25, 11),2,135,3
12,(22, 18),4,5,1
12,(13, 0),4,13,0
12,(24, 10),4,3,3
12,(2, 25),3,1,3
12,(1, 10),2,111,4
12,(0, 7),3,3,2
12,(1, 7),5,2,1
12,(2, 7),3,1,2
12,(1, 5),5,4,2
12,(2, 5),2,2,3
12,(0, 4),4,6,2
12,(8, 19),3,11,2
12,(0, 8),3,6,1
12,(1, 8),3,1,2
12,(2, 22),2,6,2
12,(3, 4),2,5,4
12,(8, 2),5,2,3
12,(3, 8),5,3,3
12,(26, 8),5,1,2
12,(17, 3),5,127,2
12,(0, 1),3,67,3
12,(2, 2),6,1,3
12,(0, 22),2,3,2
12,(9, 9),3,1,4
12,(9, 8),2,225,3
12,(25, 3),3,19,4
12,(12, 19),3,12,3
12,(10, 21),3,14,4
12,(12, 18),5,12,1
12,(25, 5),3,2,4
12,(26, 5),4,58,2
12,(12, 21),4,9,2
12,(10, 19),3,1,2
12,(9, 20),4,1,3
12,(5, 10),2,9,4
12,(12, 6),5,2,3
12,(12, 7),2,5,3
12,(17, 17),2,1,1
12,(15, 17),3,8,2
12,(8, 11),4,2,3
12,(13, 11),5,1,1
12,(3, 6),2,2,3
12,(4, 16),6,1,3
12,(20, 24),2,5,3
12,(20, 25),5,1,2
12,(11, 20),1,17,3
12,(12, 20),4,215,1
12,(8, 5),5,30,1
12,(26, 24),3,1,1
12,(25, 25),4,5,4
12,(16, 5),3,3,2
12,(26, 25),2,245,0
12,(18, 6),2,3,2
12,(18, 7),4,87,0
12,(6, 20),3,1,1
12,(5, 19),4,8,4
12,(2, 9),4,423,4
12,(23, 22),2,152,2
12,(21, 13),6,3,2
12,(22, 13),3,1,2
12,(22, 12),3,48,1
12,(10, 16),2,20,4
12,(9, 16),4,2,0
12,(12, 16),3,2,3
12,(10, 18),3,1,2
12,(10, 15),4,2,2
12,(19, 10),3,1,3
12,(19, 12),5,2,3
12,(20, 16),6,3,4
12,(19, 16),2,55,2
12,(7, 18),4,7,3
12,(6, 18),2,340,3
12,(16, 4),3,6,3
12,(13, 13),3,2,4
12,(14, 14),2,2,4
12,(24, 1),2,19,3
12,(16, 23),4,12,3
12,(26, 0),5,37,1
12,(26, 1),3,2,2
12,(20, 15),4,13,2
12,(18, 20),4,5,2
12,(12, 2),4,134,4
12,(14, 2),3,1,3
12,(22, 16),3,35,3
12,(15, 1),2,38,3
12,(25, 14),6,118,3
12,(3, 12),5,1,2
12,(4, 13),4,1,2
12,(4, 14),4,1,3
12,(7, 24),6,83,3
12,(3, 2),4,6,3
12,(3, 3),4,49,1
12,(4, 3),3,1,3
12,(5, 14),3,8,1
12,(12, 24),3,32,4
12,(13, 23),5,1,3
12,(13, 24),4,4,2
12,(16, 0),3,947,3
12,(5, 21),4,135,3
12,(15, 0),2,206,0
12,(7, 21),3,6,2
12,(7, 22),4,2,1
12,(11, 3),2,4,3
12,(10, 3),4,1,1
12,(11, 5),3,2,2
12,(12, 5),2,1,2
12,(10, 7),2,7,4
12,(9, 3),2,640,3
12,(0, 12),3,10,3
12,(1, 12),2,282,2
12,(2, 12),5,1,2
12,(15, 7),2,257,4
12,(22, 7),4,2,2
12,(17, 7),5,1,2
12,(24, 7),4,2,4
12,(16, 20),4,4,4
12,(17, 20),3,1,1
12,(12, 9),2,13,4
12,(21, 10),3,3,4
12,(20, 10),3,38,2
12,(5, 4),6,5,4
12,(7, 4),4,13,4
12,(5, 24),5,37,4
12,(20, 4),4,2,2
12,(19, 13),2,91,3
12,(20, 13),4,1,2
13,(2, 14),3,1,4
13,(9, 13),2,117,3
13,(7, 25),2,125,3
13,(7, 26),3,1,2
13,(6, 26),5,2,1
13,(9, 14),5,1,2
13,(15, 21),5,1,4
13,(19, 5),6,2,2
13,(20, 7),4,4,3
13,(20, 8),4,3,3
13,(23, 13),4,3,2
13,(1, 17),4,5,3
13,(4, 17),5,14,3
13,(25, 17),3,3,3
13,(25, 15),3,6,2
13,(26, 16),5,1,3
13,(7, 0),2,30,3
13,(22, 0),5,1,2
13,(16, 4),4,1,1
13,(16, 1),1,420,2
13,(19, 26),5,2,3
13,(10, 26),4,3,3
13,(11, 26),4,1,1
13,(9, 26),4,2,2
13,(25, 10),5,6,2
13,(26, 4),2,49,2
13,(11, 0),1,59,3
13,(12, 0),4,1,1
13,(6, 7),4,16,4
13,(10, 0),3,18,2
13,(21, 19),4,81,3
13,(23, 11),3,1,3
13,(13, 25),4,3,3
13,(0, 25),4,43,3
13,(1, 25),5,646,2
13,(3, 24),5,305,4
13,(4, 26),4,1,1
13,(16, 19),1,618,3
13,(17, 20),4,1,1
13,(12, 10),3,7,3
13,(13, 10),5,3,2
13,(14, 10),4,2,3
13,(2, 10),4,158,2
13,(3, 10),3,4,3
13,(3, 5),4,2,1
13,(0, 6),4,1,1
13,(5, 22),4,102,3
13,(9, 16),5,1,1
13,(18, 3),4,231,3
13,(4, 8),4,3,3
13,(20, 3),3,1,1
13,(24, 2),4,1,3
13,(17, 18),4,1,2
13,(18, 22),2,163,4
13,(19, 22),3,7,2
13,(2, 0),4,1,3
13,(0, 3),7,4,3
13,(1, 3),4,5,3
13,(3, 0),5,3,2
13,(21, 17),1,162,3
13,(22, 17),7,2,2
13,(24, 19),5,1,4
13,(4, 19),4,2,3
13,(3, 18),1,397,4
13,(0, 21),3,867,3
13,(0, 22),3,1,1
13,(4, 18),3,100,1
13,(11, 9),4,55,3
13,(10, 10),5,1,4
13,(9, 22),4,1,3
13,(10, 20),3,3,1
13,(10, 21),4,1,3
13,(4, 10),4,22,2
13,(15, 18),4,59,3
13,(10, 13),4,2,3
13,(25, 3),4,1,4
13,(25, 24),4,540,2
13,(17, 6),5,1,1
13,(7, 1),3,6,2
13,(25, 23),3,3,3
13,(7, 19),4,1,1
13,(20, 12),4,6,2
13,(10, 18),4,1,3
13,(9, 17),5,2,3
13,(7, 14),3,1,3
13,(6, 13),4,11,2
13,(15, 16),3,2,4
13,(19, 2),5,3,4
13,(12, 3),3,51,2
13,(18, 11),5,1,3
13,(17, 10),4,8,3
13,(17, 11),4,2,1
13,(14, 11),3,16,1
13,(15, 11),5,4,3
13,(19, 17),5,4,3
13,(18, 12),4,4,2
13,(17, 12),2,20,2
13,(20, 17),2,13,1
13,(23, 22),3,1,3
13,(11, 13),1,80,3
13,(26, 20),2,23,3
13,(14, 6),2,4,4
13,(13, 13),4,1,1
13,(17, 4),2,2,2
13,(17, 5),4,1,1
13,(13, 14),2,5,2
13,(16, 22),7,2,3
13,(16, 23),5,1,1
13,(26, 0),6,1,1
13,(19, 14),2,29,3
13,(24, 0),3,81,3
13,(18, 17),5,2,2
13,(17, 22),4,17,2
13,(13, 1),4,1,3
13,(22, 14),5,13,4
13,(21, 14),3,8,2
13,(5, 9),3,146,3
13,(23, 17),4,2,3
13,(15, 26),4,1,2
13,(2, 13),6,2,1
13,(4, 13),5,1,1
13,(16, 24),2,26,3
13,(5, 2),3,2,4
13,(11, 23),2,15,4
13,(12, 23),4,72,1
13,(15, 24),4,8,3
13,(7, 16),4,1,4
13,(7, 21),4,1,1
13,(10, 6),5,3,3
13,(10, 5),4,2,3
13,(9, 5),2,6,2
13,(11, 2),3,21,4
13,(13, 4),2,2,4
13,(0, 9),2,3,3
13,(2, 20),1,159,4
13,(14, 8),4,5,4
13,(22, 5),4,3,3
13,(23, 5),2,2,3
13,(23, 7),4,2,1
13,(24, 6),4,5,3
13,(6, 10),1,49,3
13,(25, 7),4,9,3
13,(8, 11),5,1,3
13,(15, 20),5,2,2
13,(13, 9),3,2,2
14,(22, 10),4,2,3
14,(5, 5),5,2,3
14,(8, 4),4,6,3
14,(17, 15),4,4,4
14,(1, 14),4,3,2
14,(1, 15),4,1,3
14,(23, 9),3,81,3
14,(6, 12),3,2,3
14,(22, 8),3,2,3
14,(23, 8),4,1,1
14,(1, 16),3,8,2
14,(2, 16),4,2,2
14,(6, 25),4,4,3
14,(8, 25),3,13,4
14,(16, 21),5,56,1
14,(17, 21),4,88,1
14,(19, 6),2,39,2
14,(19, 7),5,1,1
14,(22, 7),5,1,2
14,(24, 12),4,1,4
14,(25, 21),2,245,4
14,(26, 12),5,6,2
14,(26, 18),4,30,3
14,(0, 20),6,2,2
14,(22, 25),3,535,3
14,(24, 26),4,34,3
14,(5, 0),4,4,3
14,(6, 1),3,3,3
14,(20, 0),2,4,3
14,(26, 6),4,12,2
14,(15, 4),3,459,3
14,(18, 0),4,216,3
14,(18, 2),5,86,2
14,(11, 24),3,5,3
14,(26, 10),5,206,2
14,(21, 21),2,309,4
14,(6, 6),2,319,3
14,(11, 1),2,152,2
14,(10, 1),3,6,3
14,(10, 0),4,150,1
14,(9, 1),4,526,3
14,(20, 19),4,7,3
14,(10, 2),2,3,2
14,(22, 19),4,3,3
14,(12, 25),1,769,3
14,(15, 25),4,127,2
14,(0, 24),2,563,3
14,(2, 24),4,4,2
14,(3, 25),4,175,2
14,(6, 23),4,89,4
14,(16, 10),4,2,3
14,(7, 17),1,205,3
14,(8, 18),2,193,3
14,(2, 23),3,13,3
14,(4, 22),4,6,3
14,(8, 15),1,132,4
14,(3, 8),6,1,2
14,(19, 5),7,1,3
14,(24, 11),2,143,2
14,(20, 4),5,282,3
14,(16, 18),4,7,1
14,(8, 9),3,5,3
14,(0, 1),4,2,3
14,(0, 0),2,831,1
14,(2, 2),7,1,3
14,(3, 3),5,1,2
14,(23, 18),4,5,3
14,(1, 19),4,5,4
14,(2, 19),2,21,2
14,(2, 21),4,344,3
14,(13, 8),5,4,2
14,(26, 4),3,484,2
14,(13, 18),3,17,4
14,(4, 11),3,25,4
14,(11, 6),1,239,3
14,(6, 11),3,13,2
14,(10, 14),5,2,3
14,(10, 15),5,1,2
14,(11, 11),4,47,4
14,(9, 12),6,4,3
14,(3, 7),5,1,3
14,(26, 2),3,3,2
14,(25, 26),4,17,2
14,(16, 6),3,3,3
14,(5, 20),3,194,3
14,(1, 8),4,4,4
14,(12, 15),5,60,4
14,(13, 16),4,2,4
14,(19, 0),6,3,1
14,(6, 2),5,12,2
14,(14, 3),4,106,3
14,(13, 3),3,34,1
14,(20, 10),4,1,1
14,(18, 11),6,1,1
14,(16, 12),5,24,3
14,(20, 13),5,1,2
14,(17, 13),5,2,3
14,(21, 17),2,1,3
14,(22, 16),4,1,4
14,(0, 23),4,7,2
14,(1, 23),3,8,1
14,(22, 21),3,562,3
14,(14, 5),2,65,3
14,(15, 22),5,8,2
14,(16, 5),4,530,2
14,(13, 12),4,3,3
14,(14, 11),4,1,2
14,(15, 23),4,3,1
14,(14, 13),3,26,3
14,(15, 13),6,2,3
14,(16, 24),3,1,1
14,(25, 0),3,72,1
14,(24, 1),3,2,2
14,(20, 14),5,5,2
14,(20, 16),7,1,3
14,(12, 0),5,1,1
14,(19, 21),3,13,4
14,(13, 2),3,5,2
14,(22, 12),4,1,4
14,(22, 15),5,41,2
14,(3, 9),2,271,2
14,(24, 15),3,67,4
14,(25, 15),4,1,3
14,(4, 9),2,445,2
14,(21, 18),4,2,2
14,(3, 14),3,4,3
14,(5, 7),4,3,4
14,(5, 6),3,4,1
14,(16, 9),4,3,3
14,(16, 26),5,1,2
14,(18, 25),4,10,4
14,(5, 15),3,34,3
14,(26, 14),5,111,3
14,(6, 16),4,312,3
14,(9, 20),5,1,3
14,(10, 4),4,2,3
14,(10, 7),3,1,3
14,(12, 3),4,1,3
14,(0, 14),2,2,2
14,(0, 13),4,4,2
14,(0, 10),4,5,2
14,(3, 12),6,1,3
14,(20, 22),2,238,4
14,(21, 22),3,3,2
14,(22, 6),3,3,2
14,(23, 6),3,11,0
14,(25, 6),2,552,1
14,(8, 10),4,4,2
14,(13, 20),2,24,4
14,(25, 19),3,5,3
14,(21, 10),4,1,2
14,(23, 11),4,1,3
14,(7, 4),5,1,3
15,(6, 3),3,34,3
15,(7, 5),5,23,3
15,(9, 5),3,1,4
15,(22, 5),5,1,2
15,(19, 14),3,3,3
15,(21, 9),1,184,3
15,(26, 9),1,242,2
15,(5, 12),2,416,3
15,(7, 12),5,2,3
15,(4, 12),1,361,0
15,(7, 8),4,570,4
15,(15, 21),6,1,1
15,(16, 8),2,73,3
15,(17, 21),5,1,1
15,(17, 8),3,130,3
15,(23, 12),1,358,1
15,(24, 13),2,36,3
15,(25, 12),2,4,2
15,(3, 15),3,17,3
15,(4, 15),5,20,2
15,(3, 17),5,15,3
15,(4, 17),6,1,3
15,(26, 15),2,356,1
15,(26, 16),6,2,2
15,(26, 25),3,1,3
15,(17, 2),5,15,3
15,(22, 0),6,1,3
15,(19, 26),6,1,3
15,(11, 26),5,1,3
15,(13, 24),5,1,3
15,(9, 0),4,12,1
15,(25, 10),6,1,3
15,(2, 26),5,222,2
15,(3, 26),5,2307,0
15,(5, 23),5,103,2
15,(4, 26),5,1,2
15,(4, 25),6,21,3
15,(7, 21),5,1,3
15,(8, 23),3,3,4
15,(14, 10),5,3,3
15,(16, 10),5,1,2
15,(8, 16),3,10,2
15,(24, 7),5,1,1
15,(26, 7),3,6,1
15,(26, 8),6,2,1
15,(16, 3),3,27,4
15,(19, 4),3,4,2
15,(23, 3),5,3,4
15,(0, 2),3,8,2
15,(1, 3),5,1,4
15,(2, 3),4,3,1
15,(3, 3),6,1,1
15,(23, 17),5,1,3
15,(2, 18),2,23,3
15,(3, 18),2,1,2
15,(1, 21),2,116,1
15,(6, 18),3,2,4
15,(11, 8),3,7,4
15,(12, 8),6,23,2
15,(26, 3),4,323,0
15,(24, 4),6,18,4
15,(25, 5),4,2,3
15,(11, 20),2,1,2
15,(9, 18),4,23,1
15,(9, 19),4,125,1
15,(12, 7),3,3,3
15,(16, 18),5,1,2
15,(15, 18),5,1,3
15,(9, 13),3,1,3
15,(9, 11),4,56,3
15,(11, 12),3,5,3
15,(10, 10),6,2,4
15,(12, 11),4,9,3
15,(12, 12),2,6,1
15,(3, 6),3,3,3
15,(24, 3),4,6,2
15,(25, 3),5,1,2
15,(7, 20),2,1,2
15,(2, 9),5,3,3
15,(11, 16),6,4,3
15,(13, 15),4,8,2
15,(13, 14),3,1,2
15,(13, 18),4,1,4
15,(11, 18),6,3,3
15,(9, 17),6,1,3
15,(11, 14),2,8,4
15,(14, 16),3,14,3
15,(19, 1),4,63,3
15,(15, 16),4,1,3
15,(20, 2),2,5,4
15,(19, 10),4,2,3
15,(15, 12),4,14,1
15,(16, 11),5,3,1
15,(18, 13),3,6,3
15,(19, 12),6,2,4
15,(0, 21),4,1,1
15,(0, 23),5,1,1
15,(23, 21),5,297,4
15,(13, 13),5,1,1
15,(14, 12),4,5,0
15,(15, 22),6,2,1
15,(14, 14),3,2,2
15,(19, 23),4,3,4
15,(18, 23),3,4,3
15,(23, 1),2,248,3
15,(17, 16),3,46,3
15,(11, 1),3,1,1
15,(12, 1),4,31,2
15,(23, 13),5,13,2
15,(21, 15),3,19,2
15,(20, 18),4,6,2
15,(15, 1),3,121,4
15,(16, 1),2,2,3
15,(4, 6),3,11,2
15,(19, 24),4,5,3
15,(17, 26),3,346,2
15,(4, 2),3,9,4
15,(6, 2),6,1,3
15,(13, 23),6,2,3
15,(26, 13),3,97,1
15,(5, 22),5,1,2
15,(8, 20),4,3,2
15,(11, 4),6,18,3
15,(9, 8),3,5,4
15,(2, 12),6,1,3
15,(4, 11),4,1,3
15,(14, 7),1,130,4
15,(14, 8),5,1,2
15,(15, 7),3,2,3
15,(22, 4),4,32,3
15,(16, 7),3,318,2
15,(18, 7),5,1,4
16,(12, 20),5,674,2
16,(25, 20),3,15,3
16,(22, 11),4,30,1
16,(21, 11),5,108,2
16,(5, 3),3,288,2
16,(20, 11),3,112,1
16,(7, 4),6,1,1
16,(7, 3),3,178,2
16,(6, 6),3,2,3
16,(8, 5),6,3,2
16,(5, 26),4,4,2
16,(21, 5),5,3,3
16,(20, 6),1,261,2
16,(17, 15),5,1,3
16,(1, 15),5,1,3
16,(0, 16),4,16,3
16,(5, 13),2,4,3
16,(7, 12),6,14,4
16,(6, 12),4,19,1
16,(8, 25),4,1,4
16,(3, 24),6,1,3
16,(6, 8),2,349,3
16,(21, 7),5,38,4
16,(23, 7),5,1,1
16,(25, 15),5,1,2
16,(25, 22),3,34,4
16,(1, 19),5,1,3
16,(1, 17),5,326,4
16,(21, 24),1,405,4
16,(24, 16),3,31,3
16,(4, 15),6,1,1
16,(22, 24),4,10,3
16,(15, 3),6,259,3
16,(18, 0),5,1,2
16,(11, 26),6,1,3
16,(9, 26),5,41,3
16,(7, 6),3,131,2
16,(21, 22),4,1,3
16,(19, 19),2,8,4
16,(10, 3),5,7,4
16,(10, 1),4,1,2
16,(24, 11),3,1,2
16,(15, 25),5,2,4
16,(23, 20),5,269,3
16,(1, 25),6,3,4
16,(2, 25),4,135,2
16,(0, 25),5,69,1
16,(7, 23),4,104,3
16,(17, 19),5,10,3
16,(13, 10),6,5,3
16,(9, 10),3,150,1
16,(7, 18),5,4,3
16,(2, 4),5,5,3
16,(8, 18),3,4,2
16,(3, 4),3,294,2
16,(0, 7),4,175,3
16,(1, 6),2,2,4
16,(1, 4),5,154,2
16,(9, 1),5,142,2
16,(9, 16),6,2,2
16,(23, 8),5,2,3
16,(25, 7),5,1,1
16,(21, 2),2,70,3
16,(16, 4),5,4,2
16,(19, 4),4,1,1
16,(22, 3),4,4,2
16,(18, 5),5,28,4
16,(24, 2),5,3,2
16,(7, 9),2,194,3
16,(25, 12),3,1,2
16,(25, 11),3,4,1
16,(2, 2),8,1,3
16,(2, 1),3,139,3
16,(3, 2),5,4,1
16,(6, 1),4,2,3
16,(23, 19),2,96,3
16,(2, 22),3,17,3
16,(5, 18),2,17,3
16,(1, 20),4,42,2
16,(2, 21),5,1,2
16,(6, 17),2,56,2
16,(10, 9),4,44,3
16,(26, 4),4,1,2
16,(23, 5),3,3,2
16,(24, 7),6,1,2
16,(24, 6),5,2,2
16,(26, 5),5,5,0
16,(9, 21),3,23,3
16,(14, 19),3,9,4
16,(9, 20),6,2,2
16,(4, 10),5,6,3
16,(5, 10),3,2,3
16,(6, 11),4,2,3
16,(16, 17),3,20,3
16,(17, 18),5,1,2
16,(7, 11),5,4,2
16,(10, 12),5,98,3
16,(10, 15),6,1,4
16,(9, 13),4,1,1
16,(12, 11),5,1,1
16,(10, 11),3,5,2
16,(2, 7),4,4,4
16,(25, 2),4,13,3
16,(22, 26),4,4,3
16,(24, 26),5,2,3
16,(26, 26),3,6,1
16,(25, 23),4,2,3
16,(12, 16),4,3,3
16,(12, 19),4,6,3
16,(12, 17),4,5,3
16,(14, 17),5,3,3
16,(10, 16),3,2,2
16,(10, 18),5,2,4
16,(9, 18),5,1,2
16,(9, 15),5,5,2
16,(8, 12),5,16,3
16,(8, 2),6,3,4
16,(18, 10),4,6,2
16,(19, 11),3,2,0
16,(16, 12),6,1,2
16,(18, 12),5,5,2
16,(21, 16),3,25,2
16,(0, 23),6,1,1
16,(1, 22),4,2,1
16,(15, 6),4,18,3
16,(15, 5),5,63,3
16,(24, 0),4,16,3
16,(18, 16),5,8,3
16,(24, 1),4,1,1
16,(18, 18),4,18,3
16,(20, 20),3,374,4
16,(21, 13),7,2,3
16,(15, 2),3,4,2
16,(23, 16),4,70,2
16,(4, 7),4,56,3
16,(15, 9),3,96,4
16,(16, 9),5,2,1
16,(17, 9),2,123,2
16,(16, 25),3,5,3
16,(8, 24),4,45,2
16,(17, 25),2,107,2
16,(18, 25),5,1,3
16,(14, 24),4,10,4
16,(4, 21),2,1140,4
16,(7, 16),5,2,4
16,(7, 15),4,85,3
16,(8, 16),4,1,2
16,(8, 21),4,8,2
16,(8, 15),2,3,1
16,(13, 5),3,16,4
16,(9, 6),4,4,3
16,(14, 5),3,2,2
16,(10, 6),6,2,3
16,(10, 5),5,4,3
16,(12, 5),3,162,3
16,(10, 8),3,99,2
16,(13, 2),4,44,4
16,(13, 4),3,2,3
16,(1, 14),5,3,3
16,(0, 10),5,2,3
16,(0, 14),3,2,2
17,(1, 10),3,67,3
17,(3, 12),7,1,2
17,(7, 11),6,1,1
17,(8, 10),5,1,3
17,(24, 20),4,63,2
17,(6, 5),5,64,3
17,(9, 3),3,265,3
17,(5, 25),4,336,2
17,(6, 26),6,6,2
17,(20, 5),4,43,2
17,(17, 16),4,1,2
17,(17, 14),4,116,3
17,(18, 14),5,6,2
17,(21, 8),2,155,3
17,(0, 16),5,1,2
17,(3, 23),1,151,3
17,(8, 25),5,1,1
17,(7, 26),4,573,2
17,(8, 8),4,373,2
17,(15, 8),2,327,1
17,(18, 21),6,48,4
17,(19, 6),3,2,4
17,(18, 8),5,4,4
17,(25, 15),6,7,3
17,(25, 13),5,11,3
17,(26, 17),3,57,2
17,(24, 17),2,74,2
17,(3, 15),4,3,3
17,(18, 9),3,16,1
17,(2, 16),5,14,4
17,(23, 25),4,33,4
17,(23, 24),3,12,2
17,(20, 9),4,17,4
17,(20, 10),5,4,1
17,(21, 10),5,1,2
17,(21, 9),2,83,1
17,(22, 24),5,1,2
17,(7, 0),3,7,3
17,(6, 0),1,310,1
17,(21, 0),3,6,3
17,(8, 13),2,207,2
17,(16, 0),4,4,2
17,(10, 25),5,236,4
17,(19, 1),5,1,4
17,(13, 25),5,183,3
17,(9, 24),4,5,3
17,(12, 23),5,6,4
17,(11, 24),4,54,4
17,(26, 9),2,2,2
17,(8, 7),3,307,3
17,(20, 19),5,6,2
17,(10, 4),5,3,2
17,(10, 2),3,4,3
17,(23, 11),5,1,1
17,(24, 10),5,104,3
17,(14, 25),3,139,1
17,(2, 26),6,1,2
17,(1, 25),7,1,1
17,(5, 23),6,1,3
17,(3, 25),5,4,3
17,(4, 26),6,1,2
17,(6, 22),4,19,4
17,(7, 22),5,410,2
17,(15, 10),3,257,2
17,(15, 11),6,6,3
17,(0, 6),5,17,2
17,(3, 21),2,53,2
17,(24, 8),2,16,2
17,(5, 4),7,4,3
17,(25, 8),4,7,2
17,(24, 9),4,5,2
17,(17, 3),6,29,3
17,(26, 8),7,1,0
17,(22, 2),3,129,2
17,(19, 5),8,16,0
17,(19, 3),4,23,3
17,(20, 3),4,11,2
17,(23, 2),2,15,2
17,(24, 3),5,1,2
17,(1, 2),4,34,3
17,(1, 4),6,1,4
17,(4, 1),3,51,4
17,(5, 1),4,12,2
17,(24, 18),4,7,3
17,(26, 18),5,3,2
17,(9, 9),4,4,1
17,(13, 9),4,3,3
17,(11, 22),4,11,4
17,(25, 6),3,2,3
17,(25, 7),6,1,0
17,(11, 21),4,258,3
17,(12, 20),6,1,3
17,(6, 10),2,2,2
17,(11, 19),3,308,3
17,(5, 11),3,15,2
17,(9, 12),7,2,1
17,(11, 13),2,3,3
17,(11, 14),3,1,3
17,(14, 11),5,2,3
17,(2, 6),2,38,2
17,(3, 7),6,2,2
17,(25, 3),6,2,2
17,(3, 16),3,33,2
17,(4, 16),7,309,2
17,(21, 25),3,4,4
17,(22, 25),4,5,0
17,(7, 20),3,1,3
17,(1, 9),4,266,3
17,(23, 23),5,6,3
17,(1, 7),6,4,3
17,(2, 7),5,1,1
17,(12, 14),4,73,2
17,(13, 16),5,2,3
17,(14, 16),4,1,1
17,(14, 17),6,1,3
17,(15, 15),4,8,3
17,(11, 17),4,6,4
17,(11, 16),7,70,2
17,(11, 18),7,2,1
17,(15, 17),4,52,2
17,(19, 12),7,1,1
17,(18, 10),5,1,2
17,(19, 18),5,24,2
17,(20, 18),5,2,2
17,(17, 13),6,2,3
17,(22, 16),5,16,1
17,(15, 14),5,7,3
17,(17, 5),5,93,4
17,(18, 5),6,1,2
17,(18, 23),4,2,4
17,(16, 23),6,85,4
17,(23, 0),3,29,2
17,(19, 20),5,15,3
17,(13, 0),5,3,3
17,(20, 22),3,2,4
17,(22, 13),4,5,3
17,(23, 14),5,7,4
17,(23, 15),4,6,2
17,(20, 17),3,3,3
17,(14, 1),2,265,4
17,(16, 1),3,1,3
17,(3, 14),4,2,3
17,(5, 13),3,1,4
17,(16, 26),6,2,2
17,(17, 24),4,27,3
17,(16, 9),6,1,1
17,(3, 3),7,1,1
17,(5, 2),4,5,3
17,(6, 2),7,1,2
17,(6, 16),5,6,2
17,(6, 14),6,4,4
17,(11, 5),4,19,2
17,(11, 6),2,3,2
17,(9, 5),4,30,1
17,(11, 3),3,14,4
17,(12, 3),5,17,3
17,(14, 5),4,1,2
17,(16, 4),6,1,3
17,(2, 13),7,19,3
18,(1, 8),5,3,2
18,(0, 11),2,79,2
18,(1, 12),3,5,4
18,(2, 10),5,8,3
18,(3, 10),4,4,3
18,(2, 11),3,133,3
18,(17, 7),6,4,4
18,(13, 21),4,5,4
18,(16, 20),5,3,4
18,(17, 19),6,1,3
18,(14, 20),4,5,3
18,(6, 4),5,125,2
18,(7, 6),4,1,3
18,(5, 24),6,10,2
18,(6, 24),8,11,3
18,(23, 5),4,1,4
18,(16, 15),3,312,3
18,(19, 14),4,743,3
18,(23, 9),4,3,2
18,(1, 15),6,1,3
18,(8, 15),3,1,1
18,(14, 21),5,16,2
18,(20, 7),5,38,4
18,(20, 8),5,291,2
18,(20, 6),2,2,2
18,(25, 14),7,31,2
18,(26, 21),5,14,3
18,(2, 17),6,77,3
18,(3, 17),6,3,2
18,(1, 18),5,7,4
18,(6, 17),3,1,3
18,(26, 25),4,2,2
18,(20, 1),1,429,3
18,(22, 0),7,54,1
18,(17, 0),3,314,2
18,(13, 23),7,24,4
18,(12, 24),4,56,2
18,(25, 9),3,39,1
18,(8, 6),4,8,2
18,(7, 7),4,24,3
18,(22, 21),4,12,4
18,(8, 7),4,1,1
18,(21, 20),5,117,3
18,(23, 20),6,1,2
18,(11, 4),7,2,1
18,(23, 10),3,179,1
18,(12, 1),5,2,4
18,(1, 26),4,305,1
18,(1, 23),4,1,2
18,(1, 24),5,94,2
18,(0, 26),4,519,0
18,(5, 25),5,1,2
18,(3, 26),6,137,0
18,(7, 21),6,19,2
18,(17, 20),5,58,2
18,(13, 10),7,1,3
18,(4, 5),3,53,4
18,(5, 6),4,1,3
18,(0, 5),5,8,2
18,(5, 5),6,96,1
18,(1, 5),6,61,2
18,(1, 6),3,1,0
18,(2, 4),6,2,2
18,(3, 22),6,24,1
18,(6, 22),5,1,3
18,(17, 4),3,4,1
18,(18, 3),5,22,2
18,(21, 4),3,8,4
18,(21, 3),5,6,1
18,(22, 3),5,1,2
18,(5, 8),4,349,4
18,(6, 9),1,431,3
18,(26, 12),6,2,2
18,(1, 1),2,299,3
18,(2, 3),5,2,1
18,(5, 0),5,4,2
18,(3, 0),6,5,3
18,(23, 18),5,4,2
18,(23, 19),3,1,2
18,(22, 17),8,9,3
18,(7, 17),2,4,2
18,(5, 18),3,1,4
18,(11, 9),5,4,3
18,(26, 4),5,1,2
18,(26, 5),6,2,2
18,(9, 19),5,148,2
18,(12, 20),7,1,1
18,(9, 20),7,1,3
18,(12, 7),4,2,4
18,(7, 12),7,1,2
18,(13, 6),4,17,4
18,(13, 5),4,1,0
18,(14, 6),3,5,2
18,(14, 7),2,2,3
18,(13, 8),6,3,3
18,(9, 14),6,6,2
18,(10, 15),7,1,3
18,(10, 13),5,11,4
18,(12, 11),6,1,4
18,(13, 11),6,348,1
18,(14, 10),6,2,2
18,(22, 24),6,1,2
18,(18, 6),3,6,2
18,(24, 23),3,459,4
18,(7, 19),5,6,3
18,(26, 23),5,10,3
18,(2, 9),6,37,2
18,(12, 19),5,1,2
18,(12, 17),5,2,3
18,(9, 16),7,1,2
18,(11, 17),5,2,2
18,(9, 17),7,4,2
18,(13, 15),5,7,4
18,(7, 2),4,15,4
18,(17, 10),5,4,3
18,(17, 13),7,1,1
18,(19, 13),3,7,2
18,(20, 13),6,3,3
18,(18, 13),4,2,2
18,(18, 14),6,1,1
18,(21, 17),3,4,2
18,(12, 13),5,81,4
18,(15, 13),7,3,3
18,(20, 16),8,3,3
18,(25, 3),7,2,3
18,(18, 19),3,150,2
18,(18, 20),5,13,1
18,(19, 19),3,2,1
18,(13, 1),5,6,0
18,(12, 0),6,26,0
18,(20, 19),6,611,1
18,(16, 3),4,2,3
18,(15, 0),3,7,3
18,(14, 0),5,30,0
18,(17, 3),7,1,1
18,(16, 0),5,1,0
18,(5, 14),4,4,2
18,(6, 7),5,8,2
18,(14, 9),3,30,2
18,(19, 24),5,2,4
18,(5, 16),3,54,2
18,(7, 15),5,1,2
18,(8, 22),5,34,3
18,(10, 7),4,3,4
18,(9, 7),5,11,1
18,(13, 2),5,1,3
18,(9, 4),3,62,3
18,(0, 14),4,1,3
18,(4, 12),2,1,4
19,(23, 22),4,5,3
19,(18, 7),6,3,2
19,(6, 3),4,37,3
19,(7, 4),7,2,3
19,(6, 25),5,4,2
19,(22, 6),4,4,4
19,(17, 15),6,2,3
19,(25, 6),4,2,4
19,(19, 15),5,607,3
19,(22, 8),4,6,4
19,(26, 13),4,3,2
19,(2, 19),3,6,4
19,(26, 17),4,4,2
19,(2, 15),3,14,3
19,(2, 18),3,3,1
19,(19, 10),5,1,2
19,(20, 9),5,1,2
19,(26, 16),7,39,2
19,(25, 26),5,44,3
19,(8, 0),2,533,2
19,(26, 26),4,4,0
19,(25, 24),5,6,4
19,(22, 1),5,5,2
19,(21, 0),4,2,3
19,(17, 1),4,16,3
19,(10, 26),5,159,3
19,(9, 26),6,2,2
19,(12, 24),5,1,1
19,(11, 23),3,68,3
19,(14, 24),5,2,3
19,(8, 7),5,67,1
19,(21, 19),5,4,2
19,(10, 2),4,2,4
19,(25, 9),4,1,1
19,(0, 24),3,2,2
19,(1, 25),8,1,1
19,(3, 25),6,1,3
19,(5, 23),7,1,3
19,(6, 23),5,4,2
19,(17, 20),6,1,1
19,(12, 10),4,10,2
19,(16, 12),7,2,4
19,(5, 6),5,1,1
19,(5, 5),7,1,1
19,(0, 7),5,15,3
19,(3, 5),5,86,4
19,(4, 5),4,1,2
19,(3, 8),7,16,3
19,(18, 4),4,47,2
19,(6, 8),3,160,1
19,(7, 9),3,3,3
19,(20, 4),6,5,4
19,(23, 3),6,12,3
19,(2, 0),5,6,2
19,(0, 2),4,16,3
19,(26, 11),4,61,2
19,(2, 1),4,2,1
19,(1, 3),6,5,2
19,(0, 5),6,1,2
19,(1, 4),7,1,1
19,(3, 2),6,2,3
19,(5, 1),5,1,1
19,(22, 18),5,77,2
19,(23, 19),4,1,1
19,(25, 20),4,1,4
19,(3, 18),3,5,3
19,(3, 22),7,1,4
19,(4, 18),4,28,2
19,(11, 21),5,1,4
19,(14, 19),4,2,3
19,(11, 19),4,1,2
19,(9, 20),8,1,1
19,(12, 7),5,1,1
19,(6, 12),5,4,2
19,(13, 6),5,25,2
19,(14, 18),3,46,2
19,(15, 6),5,2,2
19,(18, 18),5,1,2
19,(15, 17),5,1,2
19,(15, 8),3,3,4
19,(10, 14),6,5,2
19,(10, 12),6,2,3
19,(9, 12),8,1,3
19,(11, 13),3,2,2
19,(13, 12),5,7,3
19,(14, 13),4,3,3
19,(21, 23),3,15,4
19,(20, 25),6,79,4
19,(21, 25),4,2,3
19,(21, 24),2,137,1
19,(24, 26),6,95,2
19,(6, 20),4,46,4
19,(6, 19),3,9,2
19,(25, 22),4,50,4
19,(13, 18),5,3,3
19,(15, 15),5,1,1
19,(14, 15),4,13,2
19,(14, 16),5,3,3
19,(15, 16),5,1,1
19,(10, 17),4,859,2
19,(9, 18),6,1,2
19,(12, 15),6,7,3
19,(8, 13),3,36,4
19,(20, 2),3,3,4
19,(21, 3),6,1,3
19,(22, 3),6,1,1
19,(17, 11),5,6,3
19,(18, 10),6,1,2
19,(21, 18),5,3,0
19,(16, 13),3,13,1
19,(21, 13),8,2,3
19,(1, 23),5,1,3
19,(16, 7),4,3,4
19,(16, 14),4,50,2
19,(15, 22),7,49,4
19,(15, 23),5,194,3
19,(19, 23),5,3,3
19,(16, 22),8,4,3
19,(26, 0),7,105,2
19,(26, 1),4,268,2
19,(21, 16),4,89,2
19,(22, 16),6,50,3
19,(20, 22),4,1,4
19,(23, 13),6,5,3
19,(23, 14),6,63,3
19,(14, 1),3,1,1
19,(15, 1),4,6,3
19,(12, 26),2,365,3
19,(4, 13),6,72,3
19,(5, 7),5,4,2
19,(15, 9),4,62,2
19,(19, 25),5,89,2
19,(6, 16),6,1,1
19,(12, 22),4,257,4
19,(11, 8),4,4,3
19,(13, 8),7,1,4
19,(9, 2),3,430,3
19,(14, 4),5,8,3
19,(0, 10),6,1,1
19,(1, 8),6,3,3
19,(2, 9),7,1,3
19,(2, 12),7,3,1
19,(3, 12),8,2,2
19,(4, 10),6,3,3
19,(1, 11),4,12,2
20,(15, 20),6,372,4
20,(16, 21),6,13,3
20,(8, 4),5,6,2
20,(8, 24),5,18,4
20,(22, 5),6,4,3
20,(22, 6),5,1,3
20,(22, 9),3,13,3
20,(23, 10),4,2,4
20,(20, 14),6,6,3
20,(23, 8),6,21,3
20,(24, 8),3,2,2
20,(8, 26),3,254,2
20,(19, 21),4,5,4
20,(19, 7),6,6,3
20,(21, 7),6,3,4
20,(24, 14),2,21,3
20,(23, 7),6,3,3
20,(25, 14),8,1,3
20,(25, 12),4,2,4
20,(26, 15),3,5,2
20,(1, 19),6,13,3
20,(0, 21),5,4,3
20,(25, 17),4,30,3
20,(20, 10),6,1,1
20,(24, 24),3,96,1
20,(17, 3),8,1,1
20,(23, 24),4,1,2
20,(24, 0),5,110,3
20,(22, 0),8,2,2
20,(24, 2),6,217,4
20,(18, 1),5,206,3
20,(12, 25),2,5,2
20,(17, 0),4,1,1
20,(11, 26),7,3,1
20,(10, 24),1,124,4
20,(10, 25),6,125,3
20,(12, 23),6,4,1
20,(13, 23),8,1,3
20,(9, 6),5,3,3
20,(22, 21),5,1,4
20,(10, 3),6,9,3
20,(25, 10),7,4,3
20,(12, 1),6,1,3
20,(25, 11),4,13,1
20,(0, 26),5,1,1
20,(2, 24),5,259,3
20,(6, 24),9,2,4
20,(18, 21),7,6,2
20,(17, 21),6,21,2
20,(11, 9),6,1,3
20,(10, 10),7,3,4
20,(4, 6),4,122,2
20,(4, 7),5,2,2
20,(3, 4),4,3,2
20,(8, 1),2,270,3
20,(5, 22),6,14,3
20,(6, 22),6,1,2
20,(2, 8),1,188,1
20,(18, 5),7,2,4
20,(19, 4),5,3,3
20,(20, 5),5,3,3
20,(0, 1),5,5,2
20,(25, 3),8,1,4
20,(1, 0),5,268,3
20,(2, 0),6,1,0
20,(26, 10),6,32,1
20,(0, 3),8,99,1
20,(0, 4),5,271,1
20,(5, 0),6,1,2
20,(7, 0),4,2,3
20,(8, 0),3,1,1
20,(4, 2),4,5,3
20,(23, 17),6,4,4
20,(2, 23),4,107,2
20,(5, 19),5,13,2
20,(7, 17),3,2,3
20,(25, 4),3,44,3
20,(26, 4),6,1,1
20,(24, 4),7,181,3
20,(12, 22),5,1,1
20,(10, 21),5,182,3
20,(24, 5),4,17,3
20,(14, 20),5,2,1
20,(9, 19),6,1,2
20,(12, 20),8,1,3
20,(6, 12),6,1,1
20,(13, 6),6,1,1
20,(13, 7),4,23,1
20,(14, 7),3,2,3
20,(10, 13),6,1,1
20,(11, 11),5,415,4
20,(20, 23),3,19,2
20,(20, 24),3,62,0
20,(20, 26),3,585,2
20,(22, 25),5,2,2
20,(22, 26),5,3,2
20,(23, 26),5,344,1
20,(26, 23),6,1,3
20,(6, 18),4,4,2
20,(21, 12),5,20,3
20,(21, 11),6,3,3
20,(13, 17),4,627,2
20,(14, 18),4,1,2
20,(14, 17),7,2,1
20,(15, 14),6,2,2
20,(10, 15),8,1,2
20,(10, 16),4,4,2
20,(19, 13),4,1,1
20,(20, 11),4,3,2
20,(0, 24),4,1,2
20,(26, 21),6,2,3
20,(12, 12),3,34,4
20,(15, 13),8,1,1
20,(13, 12),6,1,2
20,(17, 5),6,2,2
20,(1, 22),5,4,4
20,(18, 14),7,14,4
20,(14, 22),2,136,4
20,(17, 23),6,121,4
20,(19, 23),6,1,1
20,(21, 22),5,5,3
20,(22, 12),5,41,3
20,(22, 14),6,31,3
20,(16, 3),5,1,3
20,(7, 9),4,1,4
20,(14, 26),4,10,3
20,(15, 25),6,4,4
20,(17, 1),5,26,2
20,(5, 13),4,11,2
20,(4, 14),5,8,3
20,(5, 14),5,55,2
20,(16, 9),7,4,3
20,(7, 15),6,1,3
20,(13, 22),4,37,1
20,(9, 7),6,1,3
20,(10, 7),5,2,3
20,(13, 2),6,1,3
20,(12, 2),5,35,2
20,(12, 5),4,3,4
20,(13, 5),5,2,2
20,(14, 4),6,1,1
20,(0, 13),5,18,3
20,(0, 14),5,1,2
20,(0, 12),4,60,2
21,(0, 8),4,153,2
21,(4, 12),3,1,2
21,(3, 10),5,13,4
21,(15, 19),3,47,3
21,(18, 20),6,1,2
21,(26, 19),3,141,3
21,(26, 20),3,517,0
21,(6, 2),8,58,4
21,(7, 5),6,19,3
21,(8, 6),5,2,3
21,(7, 26),5,39,2
21,(21, 6),5,21,2
21,(23, 6),4,154,2
21,(16, 16),6,26,2
21,(21, 15),4,6,4
21,(23, 9),5,2,1
21,(22, 15),6,103,2
21,(22, 10),5,6,2
21,(23, 11),6,258,3
21,(2, 15),4,165,4
21,(24, 11),4,3,2
21,(1, 16),4,150,4
21,(6, 14),7,2,3
21,(18, 22),3,220,3
21,(19, 6),4,47,3
21,(25, 14),9,1,3
21,(0, 17),4,558,3
21,(0, 21),6,1,1
21,(1, 20),5,48,3
21,(1, 18),6,3,3
21,(3, 18),4,1,4
21,(21, 9),3,5,3
21,(22, 9),4,1,1
21,(22, 8),5,3,3
21,(2, 21),6,3,4
21,(25, 16),4,774,3
21,(6, 17),4,2,1
21,(26, 16),8,1,0
21,(19, 10),6,2,2
21,(26, 25),5,2,2
21,(10, 0),5,30,3
21,(10, 1),5,15,3
21,(16, 2),4,53,3
21,(22, 24),7,1,1
21,(19, 1),6,238,3
21,(10, 23),3,800,4
21,(9, 26),7,1,2
21,(8, 8),5,140,4
21,(12, 5),5,1,1
21,(11, 4),8,3,4
21,(12, 1),7,1,1
21,(0, 26),6,1,1
21,(3, 24),7,5,3
21,(5, 25),6,142,4
21,(5, 26),5,2,2
21,(10, 9),5,3,3
21,(11, 9),7,1,2
21,(16, 10),6,5,3
21,(15, 12),5,47,3
21,(16, 11),6,421,3
21,(17, 11),6,1,3
21,(9, 17),8,1,2
21,(6, 7),6,1,3
21,(2, 7),6,2,3
21,(2, 4),7,1,1
21,(4, 22),5,6,2
21,(5, 5),8,1,4
21,(6, 4),6,3,4
21,(0, 0),3,8,0
21,(1, 2),5,3,2
21,(2, 3),6,1,2
21,(25, 3),9,1,1
21,(26, 9),3,2,3
21,(26, 11),5,1,1
21,(4, 0),4,49,2
21,(3, 0),7,1,1
21,(3, 3),8,3,2
21,(21, 19),6,1,1
21,(23, 19),5,1,4
21,(7, 1),4,456,3
21,(25, 18),6,19,4
21,(25, 20),5,1,3
21,(3, 17),7,5,3
21,(12, 9),3,589,3
21,(13, 10),8,339,3
21,(14, 9),4,2,4
21,(15, 9),5,1,1
21,(7, 19),6,1,4
21,(23, 4),3,11,3
21,(26, 5),7,2,2
21,(26, 6),5,7,1
21,(13, 19),4,18,3
21,(14, 21),6,2,2
21,(11, 19),5,1,4
21,(12, 6),6,21,2
21,(17, 18),6,5,4
21,(16, 18),6,38,3
21,(21, 18),6,1,3
21,(21, 17),4,2,3
21,(8, 11),6,17,4
21,(16, 7),5,1,4
21,(14, 6),4,2,3
21,(13, 11),7,1,2
21,(26, 2),4,206,2
21,(3, 6),4,535,4
21,(4, 17),7,6,3
21,(21, 23),4,18,3
21,(23, 25),5,157,1
21,(17, 6),6,10,3
21,(25, 23),5,4,1
21,(26, 24),4,51,0
21,(15, 17),6,11,2
21,(15, 14),7,1,1
21,(15, 15),6,2,1
21,(12, 16),5,5,3
21,(16, 15),4,1,1
21,(13, 16),6,4,2
21,(15, 16),6,1,1
21,(13, 14),4,6,4
21,(13, 15),6,2,2
21,(20, 3),5,5,4
21,(8, 13),4,13,4
21,(16, 17),4,100,1
21,(17, 12),3,273,3
21,(19, 12),8,23,3
21,(21, 12),6,88,1
21,(23, 13),7,1,3
21,(2, 23),5,1,3
21,(13, 13),6,100,2
21,(19, 7),7,1,3
21,(20, 14),7,1,4
21,(15, 22),8,2,2
21,(14, 23),5,11,2
21,(17, 23),7,1,1
21,(25, 0),4,46,3
21,(23, 12),2,4,1
21,(15, 2),4,318,2
21,(6, 9),2,23,3
21,(16, 3),6,1,1
21,(14, 3),5,167,3
21,(26, 15),4,2,2
21,(24, 16),4,5,3
21,(4, 13),7,1,1
21,(4, 15),7,39,3
21,(19, 24),6,88,2
21,(5, 3),4,9,4
21,(18, 24),6,73,3
21,(7, 15),7,1,1
21,(5, 21),5,9,3
22,(13, 2),7,1,3
22,(12, 4),4,139,2
22,(0, 9),3,415,1
22,(1, 11),5,1,4
22,(1, 12),4,2,2
22,(3, 9),3,6,3
22,(3, 20),5,44,4
22,(3, 21),3,5,2
22,(7, 19),7,1,1
22,(22, 22),4,9,2
22,(2, 10),6,6,4
22,(23, 22),5,2,3
22,(4, 20),3,14,3
22,(8, 10),6,4,3
22,(18, 20),7,1,2
22,(7, 3),4,168,4
22,(8, 5),7,6,1
22,(4, 24),3,43,3
22,(7, 24),7,9,3
22,(24, 5),5,1,3
22,(25, 7),7,4,3
22,(18, 16),6,58,4
22,(21, 16),5,3,2
22,(23, 15),5,5,2
22,(25, 10),8,1,3
22,(0, 15),3,15,3
22,(22, 15),7,1,3
22,(3, 16),4,254,3
22,(8, 26),4,1,1
22,(15, 20),7,2,2
22,(19, 21),5,1,3
22,(21, 7),7,1,3
22,(26, 12),7,80,2
22,(25, 14),10,1,4
22,(1, 21),3,44,1
22,(20, 9),6,2,3
22,(21, 9),4,1,2
22,(24, 25),5,76,3
22,(25, 25),5,297,1
22,(9, 2),4,1,4
22,(11, 0),2,38,2
22,(24, 23),4,3,3
22,(22, 1),6,284,3
22,(23, 1),3,281,3
22,(25, 24),6,1,1
22,(24, 0),6,9,2
22,(23, 3),7,2,2
22,(24, 1),5,7,2
22,(20, 1),2,10,3
22,(11, 24),5,4,4
22,(12, 24),6,17,2
22,(10, 24),2,39,2
22,(11, 26),8,3,3
22,(11, 23),4,18,2
22,(9, 26),8,28,2
22,(21, 21),3,13,3
22,(23, 21),6,140,3
22,(7, 8),5,8,2
22,(11, 5),5,3,2
22,(11, 4),9,2,2
22,(11, 3),4,57,3
22,(0, 25),6,306,3
22,(2, 26),7,3,3
22,(4, 23),1,419,2
22,(5, 23),8,2,2
22,(8, 22),6,3,3
22,(11, 11),6,5,4
22,(9, 9),5,3,3
22,(19, 10),7,1,3
22,(8, 16),5,5,4
22,(8, 17),3,20,2
22,(6, 7),7,395,3
22,(0, 8),5,1,2
22,(9, 1),6,6,3
22,(5, 4),8,309,2
22,(21, 5),6,199,3
22,(18, 5),8,3,3
22,(19, 5),9,3,2
22,(21, 4),4,17,3
22,(0, 1),6,1,1
22,(1, 0),6,1,1
22,(26, 10),7,8,0
22,(1, 3),7,1,1
22,(0, 5),7,593,3
22,(6, 1),5,5,2
22,(3, 1),3,114,3
22,(25, 17),5,9,2
22,(25, 18),7,1,2
22,(24, 20),5,67,3
22,(5, 19),6,1,4
22,(2, 22),4,360,2
22,(25, 5),5,6,2
22,(25, 4),4,6,1
22,(14, 20),6,1,2
22,(15, 19),4,1,3
22,(9, 19),7,25,4
22,(12, 20),9,2,4
22,(11, 7),2,435,3
22,(12, 7),6,2,2
22,(6, 10),3,6,3
22,(5, 10),4,129,3
22,(18, 18),6,3,3
22,(21, 19),7,1,3
22,(19, 18),6,4,3
22,(20, 17),4,12,3
22,(18, 17),6,160,2
22,(9, 13),5,6,3
22,(16, 10),7,55,2
22,(3, 8),8,2,3
22,(3, 7),7,5,1
22,(6, 18),5,2,3
22,(23, 26),6,49,2
22,(20, 24),4,1,2
22,(25, 22),5,2,3
22,(13, 18),6,12,3
22,(14, 14),4,948,2
22,(12, 16),6,71,3
22,(13, 17),5,2,2
22,(14, 17),8,2,2
22,(14, 16),6,3,2
22,(10, 18),6,191,4
22,(10, 15),9,5,3
22,(11, 15),3,20,3
22,(12, 15),7,2,1
22,(15, 15),7,118,2
22,(21, 2),3,34,4
22,(8, 2),7,5,3
22,(18, 9),4,4,4
22,(19, 11),4,6,1
22,(1, 22),6,1,2
22,(1, 24),6,2,4
22,(0, 23),7,519,3
22,(2, 23),6,1,1
22,(24, 21),4,24,2
22,(25, 21),3,8,1
22,(12, 14),5,20,3
22,(13, 14),5,1,0
22,(13, 13),7,95,2
22,(15, 13),9,1,3
22,(16, 6),4,254,3
22,(17, 6),7,1,2
22,(17, 5),7,1,2
22,(17, 15),7,3,3
22,(20, 14),8,1,1
22,(18, 14),8,1,4
22,(16, 25),4,58,4
22,(25, 1),3,258,2
22,(18, 22),4,1,3
22,(26, 2),5,1,3
22,(26, 1),5,3,1
22,(20, 16),9,6,2
22,(23, 17),7,10,4
22,(23, 16),5,22,1
22,(21, 22),6,1,1
22,(16, 3),7,1,1
22,(24, 15),4,263,2
22,(15, 0),4,4,2
22,(14, 1),4,2,4
22,(16, 2),5,1,2
22,(15, 26),5,1190,3
22,(14, 26),5,2,2
23,(7, 16),6,25,2
23,(4, 16),8,11,2
23,(19, 25),6,2,3
23,(4, 3),4,8,2
23,(26, 23),7,1,1
23,(10, 8),4,5,2
23,(10, 7),6,1,2
23,(13, 8),8,2,4
23,(13, 4),4,5,3
23,(17, 4),4,158,3
23,(2, 14),4,406,3
23,(3, 14),5,12,3
23,(4, 14),6,8,1
23,(2, 12),8,4,3
23,(2, 8),2,165,2
23,(0, 12),5,1,1
23,(5, 11),4,12,3
23,(4, 21),3,16,2
23,(6, 19),4,603,1
23,(3, 10),6,364,3
23,(17, 8),4,7,4
23,(7, 11),7,174,4
23,(8, 3),3,291,2
23,(6, 26),7,6,2
23,(5, 24),7,363,2
23,(17, 16),5,147,2
23,(18, 16),7,175,2
23,(18, 15),2,129,1
23,(23, 15),6,2,1
23,(15, 21),7,13,2
23,(15, 22),9,86,3
23,(16, 8),3,7,1
23,(14, 22),3,1,0
23,(20, 7),6,4,3
23,(20, 8),6,5,2
23,(22, 6),6,2,4
23,(20, 20),4,3,4
23,(24, 13),3,72,4
23,(2, 17),7,5,4
23,(0, 20),7,49,3
23,(1, 20),6,2,2
23,(2, 18),4,4,3
23,(21, 8),3,86,1
23,(23, 9),6,2,2
23,(3, 15),5,36,2
23,(24, 26),7,944,1
23,(10, 3),7,2,3
23,(26, 24),5,1,1
23,(23, 24),5,13,3
23,(24, 25),6,56,1
23,(23, 0),4,46,2
23,(18, 26),3,594,3
23,(20, 26),4,26,3
23,(19, 1),7,1,3
23,(15, 25),7,2,2
23,(12, 24),7,1,3
23,(13, 23),9,1,2
23,(9, 25),2,355,3
23,(9, 7),7,2,3
23,(12, 4),5,3,1
23,(1, 25),9,3,2
23,(11, 10),2,634,3
23,(6, 23),6,55,3
23,(0, 6),6,152,2
23,(2, 7),7,1,2
23,(3, 5),6,238,4
23,(23, 4),4,1,2
23,(6, 4),7,2,3
23,(21, 5),7,1,3
23,(22, 5),7,8,2
23,(8, 9),4,133,1
23,(1, 1),3,5,3
23,(2, 1),5,3,1
23,(2, 2),9,5,3
23,(2, 3),7,174,0
23,(4, 2),5,2,3
23,(3, 2),7,3,1
23,(3, 0),8,1,1
23,(6, 1),6,7,3
23,(6, 2),9,2,3
23,(26, 16),9,1,1
23,(25, 19),4,31,2
23,(26, 20),4,609,2
23,(4, 20),4,1,2
23,(2, 20),2,34,3
23,(13, 9),5,496,2
23,(10, 22),3,941,3
23,(11, 22),5,83,3
23,(12, 21),5,439,3
23,(14, 18),5,55,2
23,(10, 19),4,24,2
23,(11, 20),3,19,3
23,(11, 21),6,4,1
23,(4, 9),3,9,3
23,(5, 13),5,5,4
23,(17, 17),3,39,2
23,(16, 18),7,390,4
23,(20, 19),7,3,2
23,(15, 8),4,3,3
23,(14, 11),6,49,4
23,(14, 10),7,5,3
23,(4, 7),6,3,3
23,(6, 7),8,1,4
23,(21, 25),5,5,4
23,(21, 24),3,3,2
23,(8, 20),5,14,4
23,(13, 18),7,1,1
23,(22, 10),6,2,3
23,(11, 16),8,13,2
23,(9, 18),7,3,2
23,(10, 18),7,1,2
23,(10, 15),10,1,3
23,(9, 15),6,438,3
23,(7, 13),3,15,4
23,(19, 2),6,101,3
23,(19, 3),5,5,3
23,(21, 3),7,30,3
23,(17, 9),3,90,2
23,(19, 11),5,1,1
23,(23, 13),8,51,3
23,(0, 22),4,147,1
23,(1, 23),6,123,0
23,(1, 24),7,1,2
23,(0, 25),7,1,2
23,(12, 13),6,180,2
23,(18, 7),7,4,4
23,(17, 14),5,7,2
23,(20, 14),9,1,1
23,(15, 23),6,3,2
23,(19, 24),7,1,2
23,(16, 24),4,234,3
23,(26, 1),6,1,1
23,(19, 16),3,17,3
23,(23, 17),8,1,1
23,(21, 22),7,1,1
23,(15, 1),5,37,2
23,(17, 1),6,2,4
23,(13, 26),4,71,2
24,(4, 8),5,13,1
24,(8, 17),4,1,3
24,(17, 26),4,281,2
24,(26, 22),2,413,1
24,(7, 3),5,1,3
24,(7, 14),4,443,3
24,(9, 8),4,82,1
24,(11, 7),3,1,2
24,(13, 5),6,243,2
24,(14, 3),6,77,4
24,(2, 13),8,5,2
24,(14, 5),5,56,3
24,(15, 4),4,18,4
24,(6, 14),8,560,3
24,(1, 9),5,350,4
24,(0, 11),3,4,2
24,(1, 8),7,4,2
24,(3, 12),9,8,3
24,(2, 11),4,70,3
24,(5, 20),4,85,2
24,(6, 20),5,24,2
24,(16, 20),6,10,3
24,(18, 20),8,1,4
24,(9, 5),5,14,4
24,(6, 24),10,4,2
24,(21, 16),6,1,3
24,(21, 15),5,3,3
24,(19, 16),4,1,1
24,(2, 16),6,7,3
24,(21, 14),4,15,2
24,(22, 14),7,23,3
24,(23, 14),7,7,1
24,(8, 25),6,136,3
24,(9, 15),7,1,1
24,(21, 20),6,17,2
24,(24, 7),7,29,4
24,(25, 7),8,51,3
24,(26, 13),5,160,3
24,(25, 14),11,1,4
24,(0, 21),7,2,1
24,(1, 18),7,2,3
24,(2, 19),4,3,2
24,(3, 18),5,36,3
24,(5, 17),3,99,4
24,(2, 23),7,1,1
24,(20, 9),7,2,3
24,(25, 26),6,4,1
24,(11, 0),3,1,3
24,(9, 0),5,9,3
24,(17, 2),6,107,2
24,(23, 22),6,1,3
24,(25, 25),6,1,1
24,(21, 0),5,23,3
24,(18, 1),6,24,2
24,(13, 25),6,7,3
24,(14, 25),4,13,1
24,(10, 25),7,5,3
24,(9, 25),3,1,1
24,(12, 26),3,111,2
24,(11, 26),9,7,2
24,(13, 24),6,30,1
24,(9, 23),3,561,4
24,(14, 23),6,1,1
24,(21, 21),4,55,2
24,(22, 20),4,212,3
24,(11, 2),4,28,3
24,(12, 2),6,118,3
24,(11, 5),6,1,2
24,(24, 20),6,1,2
24,(10, 4),6,15,4
24,(11, 4),10,1,0
24,(11, 1),4,85,2
24,(0, 26),7,6,1
24,(2, 25),5,68,3
24,(6, 22),7,3,3
24,(7, 22),6,2,3
24,(5, 26),6,2,2
24,(8, 22),7,1,3
24,(11, 9),8,2,3
24,(12, 10),5,216,3
24,(12, 9),4,1,1
24,(10, 8),5,1,2
24,(18, 10),7,108,3
24,(8, 5),8,325,3
24,(1, 6),4,735,4
24,(1, 7),7,6,1
24,(3, 4),5,2,3
24,(22, 4),5,376,2
24,(7, 4),8,5,2
24,(19, 4),6,251,2
24,(0, 2),5,7,3
24,(1, 2),6,45,0
24,(25, 9),5,236,4
24,(0, 4),6,32,3
24,(2, 4),8,2,3
24,(6, 1),7,1,2
24,(25, 17),6,165,3
24,(25, 18),8,1,2
24,(26, 19),4,764,1
24,(3, 19),4,181,2
24,(5, 22),7,7,2
24,(6, 23),7,61,2
24,(3, 20),6,2,2
24,(15, 22),10,1,1
24,(26, 4),7,13,2
24,(15, 20),8,1,1
24,(14, 21),7,2,4
24,(15, 21),8,1,1
24,(15, 19),5,12,3
24,(10, 22),4,1,3
24,(11, 20),4,1,3
24,(6, 12),7,5,4
24,(20, 19),8,1,1
24,(14, 7),4,467,4
24,(8, 12),6,13,4
24,(9, 14),7,185,3
24,(12, 14),6,1,1
24,(9, 11),5,205,4
24,(16, 9),8,3,3
24,(4, 18),5,53,3
24,(5, 7),6,405,4
24,(6, 18),6,1,3
24,(23, 26),7,1,2
24,(22, 24),8,3,3
24,(19, 6),5,90,4
24,(7, 20),4,39,2
24,(23, 24),6,1,3
24,(12, 19),6,304,3
24,(21, 9),5,55,2
24,(22, 9),5,2,2
24,(21, 11),7,3,4
24,(12, 17),6,619,4
24,(13, 17),6,1,0
24,(17, 16),6,55,1
24,(9, 17),9,8,2
24,(10, 17),5,5,2
24,(14, 16),7,3,2
24,(15, 15),8,2,3
24,(21, 2),4,1,3
24,(20, 3),6,3,3
24,(22, 3),7,117,2
24,(20, 11),5,29,2
24,(25, 21),4,6,3
24,(18, 7),8,1,4
24,(20, 7),7,1,4
24,(17, 22),5,357,4
24,(17, 24),5,6,3
24,(16, 26),7,74,2
24,(18, 24),7,4,3
24,(26, 0),8,86,1
24,(19, 24),8,2,1
24,(26, 2),6,1,2
24,(16, 2),6,1,2
25,(14, 0),6,8,3
25,(15, 0),5,1,1
25,(13, 1),6,10,4
25,(14, 1),5,58,2
25,(5, 8),5,53,2
25,(6, 8),4,113,3
25,(21, 25),6,1,3
25,(6, 15),2,65,3
25,(15, 24),5,15,1
25,(7, 15),8,45,2
25,(11, 8),5,312,1
25,(10, 6),7,7,4
25,(12, 8),7,8,1
25,(12, 7),7,1,2
25,(2, 13),9,1,1
25,(16, 4),7,20,3
25,(2, 14),5,1,3
25,(5, 14),6,353,2
25,(1, 9),6,11,3
25,(1, 11),6,2,2
25,(4, 12),4,249,3
25,(5, 11),5,1,4
25,(3, 11),3,96,2
25,(2, 10),7,22,3
25,(18, 8),6,269,1
25,(7, 12),8,512,1
25,(7, 26),6,3,3
25,(23, 6),5,3,3
25,(22, 15),8,2,2
25,(24, 9),5,31,3
25,(24, 10),6,216,3
25,(23, 11),7,42,4
25,(0, 17),5,14,3
25,(0, 16),6,643,2
25,(2, 16),7,1,3
25,(8, 25),7,1,1
25,(25, 8),5,683,2
25,(16, 21),7,21,2
25,(8, 16),6,2,3
25,(21, 6),6,6,3
25,(20, 8),7,4,2
25,(21, 8),4,1,2
25,(24, 12),5,456,4
25,(25, 12),5,4,3
25,(24, 14),3,5,2
25,(3, 17),8,83,3
25,(0, 18),4,410,1
25,(1, 19),7,12,3
25,(19, 9),5,150,2
25,(10, 0),6,12,1
25,(9, 2),5,7,4
25,(23, 23),6,94,2
25,(24, 2),7,54,4
25,(20, 1),3,1,3
25,(19, 26),7,387,2
25,(11, 25),5,380,2
25,(20, 3),7,1,1
25,(18, 1),7,1,2
25,(9, 24),5,32,2
25,(10, 25),8,20,2
25,(12, 24),8,1,3
25,(11, 24),6,2,2
25,(12, 23),7,167,3
25,(11, 26),10,1,1
25,(14, 25),5,10,2
25,(23, 21),7,3,3
25,(8, 7),6,163,3
25,(3, 26),7,11,3
25,(6, 20),6,1,1
25,(6, 21),4,273,2
25,(6, 25),6,185,3
25,(7, 23),5,169,2
25,(11, 9),9,1,2
25,(10, 15),11,1,2
25,(9, 12),9,4,2
25,(20, 10),7,2,2
25,(16, 14),5,4,4
25,(17, 14),6,1,1
25,(5, 6),6,71,3
25,(3, 6),5,5,4
25,(5, 5),9,61,3
25,(3, 7),8,1,2
25,(6, 4),8,1,3
25,(21, 5),8,1,2
25,(0, 0),4,2,2
25,(25, 3),10,51,4
25,(5, 3),5,1,4
25,(1, 4),8,31,2
25,(1, 5),7,245,2
25,(8, 0),4,33,2
25,(5, 1),6,227,3
25,(23, 19),6,4,4
25,(24, 18),5,156,3
25,(24, 17),3,210,1
25,(23, 18),6,205,1
25,(25, 19),5,1,1
25,(5, 19),7,2,3
25,(4, 23),2,6,4
25,(4, 20),5,2,3
25,(4, 24),4,11,3
25,(5, 24),8,6,3
25,(8, 18),4,9,3
25,(14, 9),5,4,4
25,(7, 18),6,85,2
25,(7, 19),8,4,2
25,(14, 20),7,4,2
25,(14, 21),8,1,1
25,(14, 18),6,2,2
25,(10, 19),5,1,3
25,(5, 12),3,101,1
25,(12, 21),6,1,3
25,(17, 17),4,1,2
25,(20, 18),6,216,3
25,(15, 6),6,120,4
25,(16, 6),5,2,3
25,(14, 8),6,45,2
25,(15, 8),5,1,3
25,(11, 14),4,15,2
25,(17, 8),5,1,2
25,(17, 6),8,1,3
25,(13, 11),8,42,4
25,(16, 10),8,150,3
25,(15, 10),4,314,3
25,(17, 11),7,3,4
25,(26, 3),5,166,0
25,(6, 7),9,2,3
25,(20, 23),4,5,3
25,(21, 24),4,1,1
25,(19, 6),6,1,4
25,(8, 19),4,18,2
25,(8, 20),6,1,2
25,(9, 19),8,23,2
25,(13, 19),5,8,3
25,(21, 9),6,1,1
25,(12, 15),8,1,2
25,(13, 16),7,1,2
25,(9, 17),10,1,2
25,(10, 16),5,11,3
25,(8, 13),5,3,3
25,(14, 15),5,209,2
25,(20, 4),7,5,2
25,(21, 4),5,22,2
25,(18, 12),6,57,4
25,(18, 11),7,77,1
25,(18, 13),5,109,2
25,(20, 12),5,570,3
25,(20, 13),7,6,2
25,(23, 13),9,1,3
25,(15, 13),10,3,4
25,(16, 5),5,287,2
26,(17, 23),8,98,2
26,(19, 23),7,4,2
26,(18, 23),5,21,1
26,(18, 22),5,2,2
26,(17, 25),3,25,3
26,(25, 1),4,68,4
26,(22, 18),6,95,3
26,(26, 15),5,176,3
26,(16, 1),4,31,3
26,(15, 0),6,1,2
26,(5, 17),4,1,4
26,(7, 3),6,1,3
26,(9, 6),6,20,2
26,(9, 22),5,232,3
26,(6, 3),5,534,1
26,(10, 8),6,1,3
26,(11, 7),4,1,2
26,(12, 6),7,10,3
26,(13, 5),7,1,3
26,(14, 5),6,1,3
26,(1, 13),3,24,3
26,(13, 4),5,2,3
26,(14, 6),5,6,1
26,(17, 4),5,2,3
26,(1, 14),6,53,2
26,(2, 9),8,154,1
26,(3, 8),9,2,2
26,(0, 9),4,52,2
26,(3, 12),10,130,3
26,(4, 10),7,360,4
26,(5, 21),6,14,2
26,(17, 19),7,232,4
26,(23, 5),5,191,1
26,(18, 19),4,246,3
26,(21, 15),6,1,3
26,(23, 15),7,161,2
26,(22, 12),6,851,4
26,(22, 11),5,876,1
26,(1, 15),7,136,3
26,(7, 25),3,31,1
26,(7, 13),4,2,1
26,(8, 14),1,344,1
26,(23, 7),7,49,3
26,(24, 7),8,1,3
26,(20, 20),5,2,3
26,(25, 8),6,1,4
26,(1, 17),6,733,2
26,(0, 20),8,3,3
26,(0, 18),5,1,1
26,(2, 21),7,14,4
26,(2, 20),3,1,2
26,(4, 21),4,3,2
26,(10, 1),6,9,3
26,(10, 2),5,23,2
26,(11, 2),5,1,3
26,(10, 4),7,1,3
26,(11, 3),5,2,2
26,(17, 3),9,91,2
26,(24, 24),4,356,4
26,(25, 23),6,4,4
26,(22, 1),7,25,4
26,(23, 1),4,29,3
26,(23, 2),3,79,2
26,(25, 25),7,1,4
26,(24, 1),6,57,1
26,(24, 0),7,20,2
26,(26, 0),9,1,2
26,(23, 0),5,109,1
26,(19, 3),6,119,2
26,(12, 25),3,127,1
26,(15, 24),6,1,2
26,(24, 21),5,189,2
26,(8, 8),6,83,3
26,(9, 8),5,4,2
26,(13, 1),7,1,3
26,(12, 2),7,2,3
26,(0, 26),8,2,2
26,(12, 4),6,3,2
26,(7, 21),7,224,2
26,(13, 9),6,276,2
26,(10, 11),4,109,4
26,(9, 13),6,3,1
26,(9, 10),4,160,4
26,(19, 9),6,1,2
26,(19, 10),8,7,2
26,(16, 12),8,23,4
26,(16, 15),5,4,2
26,(7, 6),5,90,4
26,(0, 6),7,10,3
26,(1, 6),5,1,1
26,(1, 7),8,1,2
26,(18, 4),5,55,3
26,(24, 3),6,42,2
26,(2, 1),6,2,4
26,(25, 4),5,2,3
26,(26, 4),8,1,1
26,(0, 4),7,1,2
26,(0, 5),8,92,0
26,(7, 1),5,1,3
26,(8, 0),5,1,2
26,(26, 18),6,13,1
26,(24, 18),6,1,1
26,(9, 21),4,270,3
26,(14, 22),4,81,3
26,(26, 5),8,17,2
26,(13, 21),5,35,2
26,(14, 18),7,1,3
26,(15, 22),11,1,2
26,(15, 19),6,1,3
26,(14, 19),5,18,1
26,(11, 19),6,9,2
26,(17, 18),7,4,2
26,(16, 18),8,157,3
26,(15, 7),4,119,2
26,(15, 12),6,180,2
26,(14, 12),5,358,3
26,(5, 18),4,9,2
26,(22, 25),6,14,2
26,(24, 22),5,66,3
26,(25, 22),6,85,2
26,(26, 22),3,2,2
26,(23, 9),7,4,3
26,(24, 9),6,1,2
26,(21, 10),6,315,3
26,(21, 9),7,1,0
26,(14, 17),9,1,1
26,(15, 16),7,288,2
26,(9, 16),8,7,0
26,(10, 17),6,2,4
26,(20, 2),4,6,2
26,(22, 2),4,42,1
26,(21, 3),8,2,2
26,(22, 3),8,10,2
26,(22, 4),6,5,2
26,(23, 3),8,152,1
26,(19, 12),9,7,3
26,(20, 11),6,1,2
26,(21, 12),7,11,2
26,(22, 13),5,206,2
26,(22, 14),8,1,1
26,(2, 24),6,27,3
26,(0, 23),8,3,3
26,(1, 23),7,2,3
26,(2, 23),8,1,2
26,(15, 15),9,1,1
26,(20, 7),8,1,3
50,(23, 14),8,709,4
50,(23, 26),8,179,3
50,(9, 4),4,400,4
50,(2, 5),3,628,4
50,(7, 10),3,714,4
50,(13, 6),7,495,4
50,(7, 22),7,349,4
50,(26, 20),5,477,3
50,(15, 18),6,861,4
50,(18, 12),7,367,4
50,(18, 24),8,195,4
50,(11, 15),4,1357,4
50,(19, 1),8,140,4
50,(4, 16),9,636,4
50,(20, 2),5,445,4
50,(0, 13),6,1437,3
50,(8, 0),6,312,3
50,(0, 25),8,582,3
50,(21, 6),7,288,4
50,(14, 21),9,363,4
50,(1, 1),4,314,4
50,(12, 2),8,450,4
50,(23, 25),6,143,4
50,(9, 3),4,425,4
50,(23, 13),10,802,4
50,(2, 6),3,217,4
50,(18, 25),6,523,4
50,(7, 11),8,258,4
50,(3, 9),4,98,4
50,(7, 23),6,592,4
50,(13, 5),8,290,4
50,(26, 21),7,164,3
50,(15, 17),7,808,4
50,(18, 13),6,531,4
50,(11, 16),9,722,4
50,(0, 26),9,848,2
50,(20, 3),8,399,4
50,(4, 15),8,208,4
50,(19, 2),7,168,4
50,(0, 14),6,713,3
50,(14, 20),8,437,4
50,(1, 2),7,408,4
50,(12, 1),8,671,4
50,(21, 7),8,911,4
50,(19, 19),4,407,4
50,(9, 2),6,798,4
50,(2, 7),8,425,4
50,(7, 20),5,340,4
50,(13, 4),6,386,4
50,(10, 21),6,739,4
50,(20, 4),8,467,4
50,(18, 10),8,683,4
50,(18, 22),6,162,4
50,(23, 16),6,198,4
50,(0, 11),4,1052,3
50,(0, 23),9,710,3
50,(11, 13),4,374,4
50,(4, 18),6,581,4
50,(11, 25),6,323,4
50,(1, 3),8,391,4
50,(12, 0),7,1353,3
50,(21, 8),5,327,4
50,(19, 18),7,943,4
50,(23, 15),8,921,4
50,(9, 1),7,579,4
50,(7, 21),8,150,4
50,(20, 5),6,473,4
50,(13, 3),4,124,4
50,(18, 11),8,347,4
50,(15, 19),7,328,4
50,(18, 23),6,1513,4
50,(11, 26),11,705,3
50,(0, 12),6,1466,3
50,(19, 0),7,910,3
50,(4, 17),8,650,4
50,(11, 14),5,439,4
50,(10, 20),4,366,4
50,(0, 24),5,1470,3
50,(2, 8),3,88,4
50,(21, 9),8,833,4
50,(1, 4),9,1016,4
50,(19, 17),6,259,4
50,(20, 16),10,403,4
50,(26, 0),10,937,2
50,(23, 10),5,365,4
50,(23, 22),7,534,4
50,(20, 6),3,419,4
50,(11, 1),5,952,4
50,(18, 16),8,623,4
50,(7, 14),5,456,4
50,(7, 26),7,645,3
50,(9, 8),6,713,4
50,(14, 25),6,724,4
50,(3, 11),4,652,4
50,(3, 23),2,801,4
50,(8, 4),6,263,4
50,(14, 7),5,440,4
50,(2, 9),9,761,4
50,(1, 5),8,450,4
50,(0, 17),6,721,3
50,(12, 6),8,212,4
50,(11, 19),7,846,4
50,(14, 13),5,694,4
50,(19, 16),5,285,4
50,(7, 0),5,672,3
50,(26, 1),7,341,3
50,(20, 17),5,834,4
50,(23, 21),8,311,4
50,(20, 7),9,343,4
50,(18, 17),7,75,4
50,(7, 15),9,839,4
50,(9, 7),8,507,4
50,(11, 2),6,290,4
50,(3, 10),7,877,4
50,(4, 19),5,390,4
50,(3, 22),8,262,4
50,(8, 3),4,869,4
50,(18, 18),7,326,4
50,(14, 8),7,368,4
50,(13, 9),7,150,4
50,(1, 6),6,126,4
50,(12, 5),6,224,4
50,(0, 18),6,616,3
50,(19, 15),6,564,4
50,(14, 12),6,473,4
50,(14, 24),6,705,4
50,(9, 6),7,368,4
50,(23, 12),3,926,4
50,(20, 18),7,756,4
50,(23, 24),7,233,4
50,(5, 19),8,594,4
50,(1, 7),9,576,4
50,(14, 9),6,225,4
50,(18, 14),9,476,4
50,(18, 26),4,918,3
50,(7, 12),9,633,4
50,(7, 24),8,861,4
50,(20, 8),8,127,4
50,(3, 21),4,655,4
50,(8, 2),8,315,4
50,(0, 15),4,1269,3
50,(13, 8),9,878,4
50,(12, 4),7,772,4
50,(19, 14),5,1055,4
50,(14, 11),7,493,4
50,(11, 17),6,421,4
50,(14, 23),7,581,4
50,(19, 26),8,288,3
50,(9, 5),6,202,4
50,(23, 23),7,365,4
50,(5, 18),5,508,4
50,(23, 11),8,116,4
50,(1, 8),8,67,4
50,(11, 0),4,823,3
50,(13, 7),5,1021,4
50,(18, 15),3,1283,4
50,(7, 13),5,324,4
50,(7, 25),4,54,4
50,(20, 19),9,660,4
50,(20, 9),8,1238,4
50,(0, 16),7,820,3
50,(8, 1),3,784,4
50,(3, 20),7,751,4
50,(12, 3),6,443,4
50,(19, 13),5,852,4
50,(14, 10),8,690,4
50,(19, 25),7,136,4
50,(14, 22),5,344,4
50,(11, 18),8,589,4
50,(4, 6),5,491,4
50,(16, 19),2,1203,4
50,(26, 16),10,731,3
50,(17, 0),5,1094,3
50,(12, 16),7,2322,4
50,(0, 4),8,406,3
50,(26, 4),9,891,3
50,(11, 5),7,701,4
50,(13, 21),6,673,4
50,(7, 19),9,163,4
50,(25, 0),5,281,3
50,(6, 21),5,427,4
50,(3, 2),8,369,4
50,(14, 17),10,575,4
50,(24, 14),4,735,4
50,(18, 5),9,576,4
50,(24, 26),8,1069,3
50,(19, 9),7,124,4
50,(4, 20),6,648,4
50,(10, 1),7,108,4
50,(16, 18),9,673,4
50,(26, 17),5,531,3
50,(9, 19),9,629,4
50,(12, 9),5,159,4
50,(4, 5),5,382,4
50,(0, 3),9,1963,3
50,(13, 22),5,227,4
50,(12, 17),7,1164,4
50,(26, 5),9,435,3
50,(13, 10),9,445,4
50,(11, 6),3,365,4
50,(6, 10),4,528,4
50,(3, 1),4,723,4
50,(14, 16),8,254,4
50,(18, 6),4,619,4
50,(11, 20),5,634,4
50,(24, 15),5,1178,4
50,(6, 22),8,506,4
50,(10, 2),6,1020,4
50,(25, 1),5,1089,4
50,(26, 14),6,2160,3
50,(26, 26),5,1235,2
50,(4, 8),6,734,4
50,(16, 17),5,594,4
50,(12, 8),8,710,4
50,(23, 20),7,533,4
50,(12, 18),6,1389,4
50,(0, 2),6,501,3
50,(17, 2),7,456,4
50,(7, 16),7,947,4
50,(26, 2),7,1342,3
50,(11, 3),6,231,4
50,(5, 9),4,687,4
50,(3, 4),6,465,4
50,(14, 15),6,151,4
50,(24, 24),5,544,4
50,(24, 12),6,294,4
50,(0, 19),3,917,3
50,(19, 7),8,241,4
50,(18, 3),6,423,4
50,(4, 22),6,776,4
50,(4, 10),8,1083,4
50,(6, 23),8,387,4
50,(6, 11),5,176,4
50,(4, 7),7,736,4
50,(2, 0),7,334,3
50,(16, 16),7,1277,4
50,(26, 15),6,1210,3
50,(12, 7),8,445,4
50,(17, 1),7,603,4
50,(12, 19),7,209,4
50,(11, 4),11,585,4
50,(0, 1),7,801,3
50,(13, 20),3,338,4
50,(7, 17),4,729,4
50,(26, 3),6,412,3
50,(3, 3),9,211,4
50,(14, 14),5,580,4
50,(7, 18),7,1045,4
50,(14, 26),6,525,3
50,(24, 13),4,717,4
50,(24, 25),7,1004,4
50,(18, 4),6,247,4
50,(4, 21),5,202,4
50,(19, 8),4,1544,4
50,(10, 0),7,1716,3
50,(6, 12),8,381,4
50,(6, 24),11,169,4
50,(10, 5),6,202,4
50,(26, 24),6,386,3
50,(2, 1),7,443,4
50,(18, 20),9,756,4
50,(2, 19),5,576,4
50,(16, 15),6,90,4
50,(9, 0),6,284,3
50,(9, 16),9,616,4
50,(26, 8),8,1346,3
50,(26, 12),8,811,3
50,(21, 20),7,616,4
50,(0, 0),5,701,2
50,(11, 9),10,201,4
50,(11, 11),7,468,4
50,(11, 23),5,411,4
50,(19, 5),10,648,4
50,(3, 6),6,467,4
50,(4, 24),5,192,4
50,(4, 12),5,906,4
50,(9, 15),8,1281,4
50,(24, 18),7,565,4
50,(18, 1),8,451,4
50,(25, 4),6,481,4
50,(26, 13),6,215,3
50,(26, 25),6,706,3
50,(10, 6),8,835,4
50,(4, 9),4,377,4
50,(2, 2),10,558,4
50,(16, 14),6,535,4
50,(16, 26),8,768,3
50,(26, 9),4,259,3
50,(18, 21),8,673,4
50,(11, 24),7,881,4
50,(11, 12),4,732,4
50,(3, 5),7,345,4
50,(9, 26),9,1039,3
50,(4, 23),3,597,4
50,(4, 11),5,336,4
50,(25, 5),6,895,4
50,(9, 14),8,299,4
50,(19, 6),7,159,4
50,(18, 2),6,1166,4
50,(24, 19),6,161,4
50,(2, 3),8,618,4
50,(2, 17),8,830,4
50,(16, 25),5,653,4
50,(9, 18),8,791,4
50,(16, 13),4,236,4
50,(26, 6),6,619,3
50,(24, 1),7,746,4
50,(26, 10),8,1771,3
50,(26, 22),4,441,3
50,(21, 10),7,467,4
50,(21, 22),8,585,4
50,(11, 7),5,745,4
50,(19, 3),7,159,4
50,(4, 26),7,242,3
50,(3, 8),10,692,4
50,(14, 19),6,619,4
50,(4, 14),7,409,4
50,(11, 21),7,397,4
50,(24, 16),5,987,4
50,(25, 2),5,947,4
50,(10, 3),8,326,4
50,(2, 18),5,912,4
50,(2, 4),9,390,4
50,(9, 17),11,349,4
50,(16, 12),9,430,4
50,(16, 24),5,904,4
50,(26, 7),4,371,3
50,(24, 0),8,419,3
50,(26, 11),6,973,3
50,(26, 23),8,405,3
50,(21, 21),5,516,4
50,(11, 8),6,413,4
50,(6, 20),7,355,4
50,(11, 22),6,412,4
50,(14, 18),8,412,4
50,(3, 7),9,340,4
50,(4, 25),7,2093,4
50,(4, 13),8,872,4
50,(11, 10),3,273,4
50,(19, 4),7,397,4
50,(24, 17),4,289,4
50,(18, 0),6,1412,3
50,(1, 0),7,303,3
50,(10, 4),8,587,4
50,(25, 3),11,650,4
50,(12, 20),10,346,4
50,(2, 15),5,1156,4
50,(17, 8),6,649,4
50,(10, 9),6,344,4
50,(16, 23),7,1010,4
50,(13, 17),7,1067,4
50,(24, 3),7,700,4
50,(16, 11),7,657,4
50,(5, 21),7,884,4
50,(16, 4),8,314,4
50,(21, 12),8,642,4
50,(21, 24),5,641,4
50,(25, 15),7,692,4
50,(5, 3),6,160,4
50,(25, 8),7,245,4
50,(6, 17),5,564,4
50,(9, 23),4,1688,4
50,(6, 7),10,601,4
50,(9, 11),6,397,4
50,(2, 16),8,110,4
50,(12, 21),7,355,4
50,(6, 19),5,241,4
50,(25, 9),6,500,4
50,(17, 7),7,895,4
50,(13, 18),8,444,4
50,(16, 10),9,646,4
50,(16, 22),9,184,4
50,(24, 2),8,1104,4
50,(5, 20),5,650,4
50,(15, 0),7,697,3
50,(21, 11),8,471,4
50,(21, 23),5,650,4
50,(16, 3),8,1360,4
50,(25, 16),5,1083,4
50,(5, 4),9,386,4
50,(6, 18),7,248,4
50,(9, 22),6,577,4
50,(6, 8),5,931,4
50,(9, 10),5,200,4
50,(12, 10),6,838,4
50,(12, 22),6,218,4
50,(10, 7),7,1034,4
50,(13, 15),7,404,4
50,(16, 21),8,279,4
50,(4, 0),5,1951,3
50,(7, 9),5,478,4
50,(24, 5),6,372,4
50,(15, 1),6,451,4
50,(2, 25),6,142,4
50,(2, 13),10,455,4
50,(16, 6),6,630,4
50,(22, 19),5,568,4
50,(21, 14),5,566,4
50,(21, 26),6,880,3
50,(25, 17),7,886,4
50,(25, 6),5,756,4
50,(5, 1),7,423,4
50,(6, 5),6,299,4
50,(9, 25),4,249,4
50,(9, 13),7,235,4
50,(23, 1),5,537,4
50,(1, 20),7,683,4
50,(17, 9),4,354,4
50,(12, 11),7,225,4
50,(15, 2),5,726,4
50,(2, 26),8,1065,3
50,(10, 8),7,912,4
50,(13, 16),8,477,4
50,(12, 23),8,238,4
50,(16, 20),7,834,4
50,(2, 14),6,425,4
50,(24, 4),8,545,4
50,(16, 5),6,220,4
50,(25, 18),9,472,4
50,(22, 18),7,348,4
50,(21, 13),9,688,4
50,(21, 25),7,88,4
50,(0, 9),5,582,3
50,(23, 0),6,1577,3
50,(5, 2),5,369,4
50,(6, 6),4,483,4
50,(9, 24),6,194,4
50,(25, 7),9,319,4
50,(9, 12),10,441,4
50,(1, 21),4,934,4
50,(10, 19),6,520,4
50,(4, 2),6,611,4
50,(12, 24),9,706,4
50,(17, 4),6,221,4
50,(12, 12),4,386,4
50,(13, 25),7,415,4
50,(13, 13),8,453,4
50,(24, 7),9,616,4
50,(2, 23),9,641,4
50,(2, 11),5,99,4
50,(25, 19),6,104,4
50,(24, 10),7,427,4
50,(5, 7),7,337,4
50,(22, 17),9,678,4
50,(18, 9),5,313,4
50,(17, 15),8,464,4
50,(21, 16),7,645,4
50,(24, 22),6,518,4
50,(0, 8),6,526,3
50,(23, 3),9,391,4
50,(16, 0),6,1425,3
50,(1, 22),7,513,4
50,(6, 25),7,191,4
50,(6, 13),5,382,4
50,(1, 10),4,401,4
50,(10, 18),8,783,4
50,(8, 20),7,336,4
50,(13, 26),5,1539,3
50,(12, 13),7,252,4
50,(12, 25),4,1023,4
50,(13, 14),6,134,4
50,(17, 3),10,529,4
50,(4, 1),4,213,4
50,(2, 12),9,596,4
50,(24, 6),6,354,4
50,(2, 24),7,214,4
50,(5, 8),6,825,4
50,(0, 7),6,546,3
50,(17, 16),7,311,4
50,(21, 15),7,333,4
50,(24, 11),5,1036,4
50,(24, 23),5,330,4
50,(6, 26),8,140,3
50,(1, 23),8,487,4
50,(23, 2),4,234,4
50,(22, 16),7,1726,4
50,(6, 14),9,859,4
50,(1, 11),7,219,4
50,(12, 14),7,532,4
50,(8, 21),5,633,4
50,(26, 18),7,722,3
50,(4, 4),4,541,4
50,(12, 26),4,960,3
50,(17, 6),9,622,4
50,(15, 20),9,218,4
50,(13, 23),10,401,4
50,(13, 11),9,377,4
50,(2, 21),8,570,4
50,(24, 20),7,426,4
50,(24, 9),7,172,4
50,(5, 5),10,144,4
50,(22, 1),8,588,4
50,(18, 7),9,322,4
50,(0, 6),8,215,3
50,(17, 17),5,1039,4
50,(21, 18),7,501,4
50,(1, 24),8,855,4
50,(1, 12),5,275,4
50,(6, 15),3,371,4
50,(16, 2),7,677,4
50,(6, 9),3,650,4
50,(3, 0),9,808,3
50,(9, 21),5,508,4
50,(22, 15),9,126,4
50,(23, 5),6,316,4
50,(17, 5),8,963,4
50,(8, 10),7,270,4
50,(4, 3),5,1049,4
50,(12, 15),9,1058,4
50,(8, 22),8,1214,4
50,(26, 19),5,79,3
50,(13, 12),7,688,4
50,(17, 19),8,776,4
50,(2, 10),8,220,4
50,(0, 5),9,770,3
50,(13, 24),7,732,4
50,(2, 22),5,145,4
50,(24, 21),6,390,4
50,(24, 8),4,399,4
50,(18, 8),7,498,4
50,(22, 0),9,1075,3
50,(5, 6),7,379,4
50,(17, 18),8,1188,4
50,(21, 17),5,812,4
50,(6, 16),7,461,4
50,(1, 13),4,674,4
50,(1, 25),10,886,4
50,(23, 4),5,445,4
50,(22, 26),6,480,3
50,(16, 1),5,673,4
50,(9, 20),9,854,4
50,(22, 14),9,201,4
50,(23, 7),8,342,4
50,(7, 3),7,508,4
50,(20, 12),6,541,4
50,(15, 7),5,776,4
50,(1, 9),7,681,4
50,(15, 22),12,421,4
50,(8, 11),7,893,4
50,(15, 10),5,219,4
50,(8, 23),4,513,4
50,(20, 24),5,232,4
50,(5, 17),5,130,4
50,(10, 15),12,336,4
50,(17, 23),9,413,4
50,(17, 11),8,278,4
50,(14, 3),7,296,4
50,(22, 3),9,614,4
50,(1, 26),5,568,3
50,(1, 14),7,472,4
50,(19, 12),10,394,4
50,(19, 24),9,439,4
50,(3, 15),6,1486,4
50,(8, 8),7,656,4
50,(22, 25),7,410,4
50,(22, 13),6,390,4
50,(8, 24),6,1113,4
50,(7, 4),9,290,4
50,(5, 16),4,498,4
50,(20, 25),7,610,4
50,(15, 21),9,1195,4
50,(8, 12),7,318,4
50,(15, 8),6,327,4
50,(20, 13),8,141,4
50,(2, 20),4,543,4
50,(10, 26),6,901,3
50,(10, 14),7,696,4
50,(17, 12),4,218,4
50,(14, 4),7,129,4
50,(17, 24),6,373,4
50,(22, 2),5,512,4
50,(6, 0),2,1425,3
50,(22, 12),7,783,4
50,(21, 19),8,266,4
50,(19, 11),6,533,4
50,(1, 15),8,887,4
50,(19, 23),8,171,4
50,(3, 14),6,317,4
50,(8, 7),7,443,4
50,(3, 26),8,221,3
50,(23, 6),6,590,4
50,(25, 20),6,461,4
50,(22, 24),9,213,4
50,(8, 13),6,595,4
50,(5, 15),4,770,4
50,(20, 26),5,695,3
50,(8, 25),8,766,4
50,(23, 9),8,797,4
50,(15, 12),7,644,4
50,(15, 9),6,487,4
50,(20, 14),10,455,4
50,(21, 0),6,1375,3
50,(7, 1),6,685,4
50,(15, 24),7,265,4
50,(10, 17),7,566,4
50,(22, 5),8,363,4
50,(17, 25),4,391,4
50,(3, 13),5,1431,4
50,(17, 13),8,337,4
50,(14, 5),7,172,4
50,(1, 16),5,339,4
50,(18, 19),5,654,4
50,(22, 23),4,702,4
50,(25, 21),5,179,4
50,(22, 11),6,180,4
50,(19, 10),9,151,4
50,(19, 22),4,848,4
50,(3, 25),7,819,4
50,(8, 6),6,659,4
50,(23, 8),7,790,4
50,(5, 14),7,1099,4
50,(20, 15),5,1134,4
50,(21, 1),4,331,4
50,(5, 26),7,1864,3
50,(8, 14),2,212,4
50,(8, 26),5,1345,3
50,(15, 23),7,687,4
50,(15, 11),7,828,4
50,(7, 2),5,1328,4
50,(9, 9),6,139,4
50,(10, 16),6,771,4
50,(22, 4),7,617,4
50,(17, 14),7,166,4
50,(3, 12),11,928,4
50,(3, 24),8,762,4
50,(8, 5),9,448,4
50,(1, 17),7,142,4
50,(17, 26),5,641,3
50,(14, 6),6,559,4
50,(25, 22),7,466,4
50,(25, 10),9,444,4
50,(19, 21),6,255,4
50,(22, 22),5,205,4
50,(22, 10),7,218,4
50,(15, 3),7,975,4
50,(5, 25),7,518,4
50,(21, 2),5,530,4
50,(8, 15),4,113,4
50,(5, 13),6,460,4
50,(7, 7),5,700,4
50,(10, 23),4,354,4
50,(15, 26),6,1256,3
50,(15, 14),8,704,4
50,(10, 11),5,200,4
50,(13, 2),8,680,4
50,(23, 18),7,460,4
50,(22, 7),6,626,4
50,(0, 21),8,814,3
50,(16, 8),4,441,4
50,(6, 3),6,689,4
50,(1, 18),8,383,4
50,(19, 20),6,1112,4
50,(25, 11),5,1699,4
50,(3, 19),5,427,4
50,(22, 21),6,610,4
50,(20, 20),6,1123,4
50,(25, 23),7,899,4
50,(5, 12),4,504,4
50,(15, 4),5,121,4
50,(8, 16),7,584,4
50,(5, 24),9,940,4
50,(21, 3),9,733,4
50,(7, 8),6,453,4
50,(10, 22),5,537,4
50,(15, 25),8,709,4
50,(10, 10),8,727,4
50,(15, 13),11,619,4
50,(22, 6),7,1204,4
50,(23, 17),9,605,4
50,(13, 1),8,791,4
50,(0, 22),5,231,3
50,(0, 10),7,858,3
50,(1, 19),8,1311,4
50,(16, 7),6,868,4
50,(6, 4),9,333,4
50,(3, 18),6,581,4
50,(20, 21),3,1385,4
50,(25, 24),7,871,4
50,(5, 0),7,1246,3
50,(22, 20),5,236,4
50,(25, 12),6,555,4
50,(8, 17),5,1086,4
50,(17, 20),7,1415,4
50,(14, 0),7,1107,3
50,(13, 19),6,89,4
50,(15, 5),6,1591,4
50,(5, 23),9,390,4
50,(21, 4),6,268,4
50,(20, 22),5,351,4
50,(10, 13),7,576,4
50,(15, 16),8,220,4
50,(7, 5),7,500,4
50,(22, 9),6,381,4
50,(5, 11),6,365,4
50,(13, 0),6,1371,3
50,(10, 25),9,405,4
50,(14, 1),6,336,4
50,(6, 1),8,921,4
50,(25, 25),8,298,4
50,(20, 0),3,682,3
50,(25, 13),6,638,4
50,(20, 10),8,347,4
50,(8, 18),5,336,4
50,(17, 21),7,512,4
50,(3, 17),9,1023,4
50,(20, 23),5,518,4
50,(20, 11),7,723,4
50,(15, 6),7,240,4
50,(10, 24),3,459,4
50,(10, 12),7,723,4
50,(15, 15),10,342,4
50,(7, 6),6,317,4
50,(5, 10),5,372,4
50,(22, 8),6,760,4
50,(23, 19),7,107,4
50,(5, 22),8,150,4
50,(14, 2),4,343,4
50,(17, 22),6,167,4
50,(0, 20),9,263,3
50,(25, 26),7,596,3
50,(16, 9),9,1207,4
50,(25, 14),12,856,4
50,(6, 2),10,763,4
50,(20, 1),4,517,4
50,(21, 5),9,268,4
50,(17, 10),6,306,4
50,(3, 16),5,1263,4
50,(8, 19),5,498,4
50,(8, 9),5,220,4
