593,9.0,60.71423751874298,50,99.99999999999999
574,7.0,80.18990024198995,50,99.99999999999999
503,15.0,111.49811448075512,50,99.99999999999999
544,19.5,96.04721262624744,50,99.99999999999999
561,8.0,151.94896369125038,50,99.99999999999999
548,12.0,66.38719892881743,50,99.99999999999999
549,10.0,43.58749083958408,50,99.99999999999999
553,11.0,91.5047034829012,50,99.99999999999999
580,10.0,69.43049905677923,50,99.99999999999999
597,8.0,57.44221278591404,50,99.99999999999999
596,18.0,101.30082953742756,50,99.99999999999999
563,17.0,100.60800349468454,50,99.99999999999999
556,10.0,81.3583279255823,50,99.99999999999999
576,11.0,76.99046930711903,50,99.99999999999999
545,20.0,96.31566339723926,50,99.99999999999999
532,12.0,78.3676275697057,50,99.99999999999999
569,10.0,103.0137210084551,50,99.99999999999999
599,14.0,142.44392123366546,50,99.99999999999999
580,15.5,88.68663085296069,50,99.99999999999999
583,32.0,221.6792647399049,50,99.99999999999999
564,10.0,74.59776740952384,50,99.99999999999999
551,12.0,99.04283508156071,50,99.99999999999999
600,13.0,65.57317160794148,50,99.99999999999999
567,13.0,66.882880918376,50,99.99999999999999
591,8.0,56.53934046551913,50,99.99999999999999
586,15.0,68.32478733430199,50,99.99999999999999
555,9.0,62.07370128583223,50,99.99999999999999
577,14.0,71.56209156671595,50,99.99999999999999
568,12.0,100.05599545104668,50,99.99999999999999
549,6.0,61.4447167206053,50,99.99999999999999
577,8.0,53.114952862188176,50,99.99999999999999
551,7.0,59.00381073770318,50,99.99999999999999
561,13.0,78.98508278640757,50,99.99999999999999
528,19.5,132.81179942703193,50,99.99999999999999
556,15.0,100.49655013105135,50,99.99999999999999
603,6.0,55.658279277789646,50,99.99999999999999
576,12.0,71.25050061270014,50,99.99999999999999
566,7.0,93.27797904799138,50,99.99999999999999
581,8.0,54.856826852377374,50,99.99999999999999
563,8.0,62.082697957547,50,99.99999999999999
564,9.0,70.38999266663504,50,99.99999999999999
572,9.0,64.88692787126244,50,99.99999999999999
610,13.5,89.65317442699248,50,99.99999999999999
550,12.0,87.58428686611164,50,97.46794344808963
553,17.0,99.51411855830567,50,99.99999999999999
541,25.0,175.54666133933418,50,99.99999999999999
574,15.0,84.03547514373032,50,99.99999999999999
552,11.0,102.00989234220867,50,99.99999999999999
570,10.0,84.98533447675644,50,99.99999999999999
568,10.0,83.2428526605438,50,99.99999999999999
589,11.0,60.616347510639784,50,99.99999999999999
546,6.0,122.05645868792406,50,96.17692030835673
562,11.0,72.21522916619622,50,99.99999999999999
562,11.0,69.38292335545586,50,93.54143466934853
554,9.5,79.04544392953788,50,99.99999999999999
528,10.0,139.0887799741904,50,99.99999999999999
533,14.0,129.30724415926457,50,99.99999999999999
581,18.0,79.29547952176034,50,99.99999999999999
573,17.0,50.50488020592319,50,99.99999999999999
578,14.5,80.60738199497227,50,99.99999999999999
579,9.0,64.39008150926102,50,99.99999999999999
546,13.0,66.41354784453834,50,99.99999999999999
553,8.0,104.45586836147366,50,99.99999999999999
567,8.0,55.79727815879452,50,99.99999999999999
570,18.0,76.09205521210154,50,99.99999999999999
541,7.0,58.727631974294205,50,99.99999999999999
552,10.0,44.894150741187985,50,99.99999999999999
538,38.0,123.72009595334082,50,99.99999999999999
572,9.0,97.4740720571511,50,99.99999999999999
584,8.0,71.76359869791654,50,99.99999999999999
566,9.0,57.9078845519327,50,99.99999999999999
554,34.5,192.7313667192199,50,99.99999999999999
589,12.0,77.60853797639878,50,99.99999999999999
542,11.0,52.27449598751496,50,99.99999999999999
588,8.0,68.97372884578591,50,99.99999999999999
562,16.5,66.74412998037967,50,99.99999999999999
554,8.0,92.34214433915895,50,99.99999999999999
549,8.0,63.65952675195775,50,99.99999999999999
593,11.0,71.30445928421533,50,99.99999999999999
555,11.0,83.58724216676745,50,99.99999999999999
589,18.0,184.88238294798563,50,99.99999999999999
570,12.0,85.77408302356598,50,99.99999999999999
583,14.0,71.01034405717827,50,99.99999999999999
547,9.0,56.69611495701537,50,99.99999999999999
580,6.0,61.42480849820496,50,99.99999999999999
590,9.0,70.10363846505784,50,92.19544457292886
553,17.0,92.75921436985307,50,99.99999999999999
532,23.5,138.9433412125791,50,99.99999999999999
571,22.0,123.92003696535797,50,99.99999999999999
554,15.0,92.92733154306889,50,99.99999999999999
597,6.0,57.40607463040849,50,99.99999999999999
582,7.0,65.26474871935969,50,99.99999999999999
588,8.0,52.1167175117795,50,99.99999999999999
556,16.0,76.72007647391223,50,99.99999999999999
575,17.0,104.98543048946516,50,99.99999999999999
559,7.0,66.46505557389969,50,99.99999999999999
575,10.0,55.80263867107132,50,99.99999999999999
546,10.0,112.28957076710849,50,99.99999999999999
579,12.0,56.82908947005709,50,98.74208829065748
593,12.0,78.22871353387998,50,99.99999999999999
544,34.0,136.1178178146301,50,99.99999999999999
613,19.0,209.6683077962912,50,99.99999999999999
539,14.0,99.4003786823266,50,99.99999999999999
573,14.0,79.07616040864467,50,99.99999999999999
560,9.0,69.00856206391575,50,99.99999999999999
568,11.0,60.51251123689994,50,99.99999999999999
499,10.0,81.44019709067132,50,99.99999999999999
580,5.0,45.55615923466511,50,99.99999999999999
550,9.0,84.15846241363444,50,99.99999999999999
568,6.0,100.58891374067339,50,99.99999999999999
586,13.0,78.05176922499396,50,99.99999999999999
561,8.0,83.17536139729214,50,99.99999999999999
541,7.0,88.45287226173453,50,99.99999999999999
564,11.0,61.02593203125153,50,99.99999999999999
533,10.0,101.26122084706238,50,99.99999999999999
569,8.0,72.14931111681564,50,99.99999999999999
581,12.0,80.12349328698164,50,99.99999999999999
559,38.0,89.86196033235402,50,99.99999999999999
542,16.5,80.96354957903466,50,99.99999999999999
560,21.0,69.08917031742024,50,99.99999999999999
563,12.0,65.23701445958001,50,99.99999999999999
528,9.0,68.97316545825765,50,99.99999999999999
580,13.0,101.93992940898578,50,99.99999999999999
591,10.0,77.17045756305312,50,99.99999999999999
524,11.0,105.0636343306684,50,99.99999999999999
545,31.0,136.63732679295455,50,99.99999999999999
565,11.0,84.00183553089833,50,99.99999999999999
594,10.5,67.28186501017444,50,99.99999999999999
580,10.0,62.747995010607525,50,99.99999999999999
552,16.0,82.63198517658535,50,99.99999999999999
542,9.0,139.9393504558444,50,99.99999999999999
583,11.0,53.397247633464794,50,99.99999999999999
569,21.0,92.27325682904961,50,99.99999999999999
558,18.5,106.98797887455555,50,99.99999999999999
554,13.0,73.39715786097082,50,99.99999999999999
545,7.0,64.4239487302246,50,99.99999999999999
592,9.0,69.22560795077226,50,99.99999999999999
568,8.0,52.36725001832212,50,98.74208829065748
555,7.0,98.80729149924407,50,99.99999999999999
532,15.0,184.7338190470848,50,99.99999999999999
534,26.5,125.30549071781898,50,98.74208829065748
544,12.5,143.7201112168673,50,99.99999999999999
568,8.5,83.70342025886703,50,99.99999999999999
594,7.0,142.50292717897054,50,99.99999999999999
533,9.0,41.14879583356805,50,99.99999999999999
519,15.0,60.91253920495545,50,89.44271909999159
534,19.0,73.3156302393956,50,99.99999999999999
575,8.0,49.872425825789,50,99.99999999999999
568,8.0,35.69676258020892,50,98.74208829065748
567,20.0,260.3686897821613,50,99.99999999999999
591,16.0,118.27044156176068,50,99.99999999999999
553,9.0,91.30905063971507,50,99.99999999999999
556,8.0,63.686916495346225,50,99.99999999999999
565,15.0,62.04326907738116,50,99.99999999999999
559,12.0,67.93662657891629,50,99.99999999999999
570,16.0,126.381024750119,50,99.99999999999999
554,15.0,81.95267868908773,50,99.99999999999999
540,12.0,59.91626764662487,50,99.99999999999999
561,6.0,39.790375407183106,50,99.99999999999999
584,8.0,53.06715484620355,50,99.99999999999999
558,14.5,79.70599025985068,50,99.99999999999999
565,17.0,159.58647075929363,50,99.99999999999999
552,8.0,71.735368868614,50,99.99999999999999
573,7.0,67.45294763929883,50,99.99999999999999
566,9.0,65.52794579062967,50,99.99999999999999
586,14.0,103.16207491838888,50,99.99999999999999
593,10.0,61.83252003543045,50,99.99999999999999
577,10.0,96.64600073051136,50,99.99999999999999
578,7.0,67.61311627673143,50,99.99999999999999
559,13.0,71.54123872628765,50,98.74208829065748
546,13.0,93.57030976711022,50,99.99999999999999
560,10.0,71.13564336238636,50,99.99999999999999
548,16.0,68.60903827320902,50,99.99999999999999
544,21.5,130.4528178286027,50,99.99999999999999
567,11.0,85.51586424604206,50,99.99999999999999
540,9.0,104.42317617132159,50,99.99999999999999
568,8.0,67.31744532338355,50,99.99999999999999
564,11.0,77.4412923502752,50,99.99999999999999
570,12.0,44.29125815528267,50,99.99999999999999
591,14.0,58.80638161627471,50,99.99999999999999
564,9.5,131.87694210365024,50,99.99999999999999
529,8.0,156.61749532140894,50,99.99999999999999
550,13.0,57.37449881919751,50,99.99999999999999
524,7.0,90.05783959453998,50,99.99999999999999
564,11.0,55.201149213759415,50,99.99999999999999
563,8.0,138.97949850848482,50,99.99999999999999
569,17.0,80.95278871106922,50,99.99999999999999
547,8.0,159.66740863103564,50,99.99999999999999
561,13.0,90.77531057048112,50,99.99999999999999
590,7.0,59.98975088237308,50,99.99999999999999
578,10.0,92.28043509559683,50,99.99999999999999
581,14.0,102.3688666810894,50,99.99999999999999
564,17.0,67.37900524033884,50,99.99999999999999
591,10.0,85.18658179667975,50,99.99999999999999
538,15.5,109.03347824247487,50,99.99999999999999
552,10.0,49.74428097879249,50,99.99999999999999
577,15.0,50.562422572984644,50,99.99999999999999
544,13.5,75.88720717228483,50,99.99999999999999
572,14.0,70.3360757061142,50,99.99999999999999
580,11.5,89.3630472486631,50,99.99999999999999
571,20.0,75.0449876851718,50,98.74208829065748
555,29.0,73.65077179258968,50,99.99999999999999
597,9.0,115.55729409473643,50,99.99999999999999
522,12.0,70.46559773418103,50,99.99999999999999
568,11.0,49.706384058949745,50,99.99999999999999
547,17.0,67.32369185636307,50,99.99999999999999
595,9.0,55.1861000013994,50,99.99999999999999
563,12.0,54.27417775800708,50,99.99999999999999
566,27.0,185.81204573129105,50,99.99999999999999
555,9.0,51.39280208381913,50,99.99999999999999
533,15.0,93.8416119555036,50,99.99999999999999
563,9.0,56.3574947031762,50,99.99999999999999
562,9.0,86.2602059823246,50,99.99999999999999
567,13.0,78.91103382407603,50,99.99999999999999
529,8.0,88.40531447631714,50,99.99999999999999
568,19.0,91.18485165339142,50,99.99999999999999
529,20.0,121.61172015902359,50,99.99999999999999
580,9.0,69.54289731761062,50,99.99999999999999
532,11.0,67.85813159894542,50,99.99999999999999
595,9.0,114.05331864571356,50,99.99999999999999
570,11.5,57.17524207517307,50,99.99999999999999
577,12.0,61.86979067540762,50,99.99999999999999
533,10.0,70.60429772071261,50,99.99999999999999
584,10.5,116.81819806936706,50,99.99999999999999
532,20.5,200.46768290153864,50,99.99999999999999
568,11.0,83.38604034054732,50,99.99999999999999
538,22.0,69.31295596500325,50,99.99999999999999
566,8.5,103.37193843876166,50,99.99999999999999
565,7.0,80.83875341986743,50,99.99999999999999
542,14.0,64.41689367711592,50,99.99999999999999
562,17.5,71.28930295655861,50,99.99999999999999
556,26.5,121.86289363633608,50,99.99999999999999
553,17.0,71.22393295386071,50,99.99999999999999
584,12.5,88.32500949789457,50,99.99999999999999
565,12.0,43.51779831113636,50,97.46794344808963
538,16.0,78.58959684283745,50,99.99999999999999
566,20.0,138.3683633439496,50,99.99999999999999
550,9.0,67.39905347509931,50,99.99999999999999
533,34.0,116.80690018352027,50,99.99999999999999
571,9.0,104.7930952419923,50,99.99999999999999
582,11.5,57.70405096983317,50,99.99999999999999
540,15.0,79.31969941432584,50,99.99999999999999
547,16.0,49.66291062343368,50,99.99999999999999
548,13.0,75.9369209606556,50,99.99999999999999
575,12.0,70.94245094980607,50,99.99999999999999
543,16.0,106.12341024618112,50,99.99999999999999
572,12.0,130.5623960318975,50,99.99999999999999
567,13.0,72.1844375374888,50,96.17692030835673
569,11.0,87.34700283739481,50,99.99999999999999
543,25.0,154.49507377487356,50,99.99999999999999
591,11.0,66.18198759441056,50,99.99999999999999
570,15.0,67.21794643732436,50,99.99999999999999
586,14.0,96.3617014356503,50,99.99999999999999
555,12.0,75.40628024163284,50,99.99999999999999
547,10.0,65.58732476153772,50,99.99999999999999
570,18.0,116.30739521194901,50,99.99999999999999
570,12.0,137.9749083596299,50,99.99999999999999
550,12.0,75.86723373867098,50,99.99999999999999
535,14.0,98.3868084295156,50,99.99999999999999
582,12.0,57.817378466001244,50,98.74208829065748
547,13.0,107.95277443428341,50,99.99999999999999
579,11.0,67.44432895575392,50,99.99999999999999
576,8.0,90.23087911515503,50,99.99999999999999
546,12.5,68.86163562809958,50,99.99999999999999
575,8.0,104.13369181899176,50,99.99999999999999
560,23.0,64.75873462374787,50,99.99999999999999
595,12.0,66.12924723009111,50,99.99999999999999
570,25.0,128.28748630172402,50,99.99999999999999
549,14.0,86.52896107736476,50,99.99999999999999
582,11.0,96.1239765101499,50,99.99999999999999
530,12.0,73.94200552105548,50,93.54143466934853
576,10.0,112.60628940269483,50,99.99999999999999
576,12.5,113.85940218613295,50,97.46794344808963
546,12.0,82.58028746667756,50,99.99999999999999
595,14.0,93.40699365116517,50,99.99999999999999
554,20.5,117.24062857978598,50,99.99999999999999
552,10.5,74.23415124579715,50,99.99999999999999
561,9.0,91.39591072261884,50,99.99999999999999
561,11.0,76.11077030890921,50,99.99999999999999
535,9.0,59.068662166010284,50,99.99999999999999
577,9.0,59.46988346856809,50,99.99999999999999
544,9.0,84.74888820572828,50,99.99999999999999
581,20.0,112.92247246856908,50,99.99999999999999
574,8.0,71.92350557189884,50,99.99999999999999
588,10.0,223.93683649279848,50,99.99999999999999
561,17.0,83.50052679043783,50,99.99999999999999
560,13.0,130.31614745594175,50,99.99999999999999
571,12.0,117.96186561352596,50,99.99999999999999
572,9.0,61.25627530808414,50,99.99999999999999
563,11.0,97.36016004937599,50,99.99999999999999
576,26.0,91.1984838201105,50,99.99999999999999
567,6.0,64.52555852668156,50,99.99999999999999
533,13.0,105.0283499572496,50,93.54143466934853
581,18.0,95.06553830432136,50,99.99999999999999
577,14.0,114.50866518338131,50,99.99999999999999
572,11.0,59.51468232992891,50,99.99999999999999
570,9.5,63.50088318345485,50,99.99999999999999
578,7.0,108.51140770968541,50,99.99999999999999
602,9.0,96.0853117947343,50,99.99999999999999
598,12.0,73.8360885549017,50,99.99999999999999
554,8.5,58.50471560144329,50,99.99999999999999
571,14.0,69.83055540069816,50,99.99999999999999
580,10.0,178.0143704145463,50,99.99999999999999
589,9.0,61.791439993932784,50,99.99999999999999
563,13.0,52.19379509740997,50,99.99999999999999
562,11.0,64.05434898153453,50,99.99999999999999
569,13.0,82.50623112954776,50,99.99999999999999
565,10.0,78.46281843560904,50,99.99999999999999
554,13.5,61.426286625067334,50,99.99999999999999
509,18.0,137.3602657140446,50,99.99999999999999
560,7.5,72.21138785207371,50,99.99999999999999
602,12.0,64.17414568112966,50,99.99999999999999
586,11.0,83.65774280492836,50,99.99999999999999
559,16.0,85.62034344011182,50,99.99999999999999
573,10.0,70.33095947501955,50,99.99999999999999
564,9.0,153.34327296450186,50,99.99999999999999
539,12.0,99.39858806024795,50,99.99999999999999
530,13.0,98.39031409308913,50,99.99999999999999
581,11.0,84.48600610521218,50,99.99999999999999
566,23.0,69.51275120755483,50,99.99999999999999
571,18.0,98.63023412494124,50,99.99999999999999
579,13.0,65.46152611537711,50,99.99999999999999
588,9.0,90.82733803750371,50,99.99999999999999
544,15.5,160.55143968132145,50,99.99999999999999
566,13.0,122.6944473294731,50,99.99999999999999
534,12.0,112.62740379393614,50,97.46794344808963
563,14.0,117.76588390025198,50,99.99999999999999
584,13.0,154.39533905471848,50,99.99999999999999
566,11.0,125.30256195913152,50,99.99999999999999
561,14.0,52.159321364400476,50,99.99999999999999
568,7.0,48.0771588973486,50,99.99999999999999
544,19.0,121.02899734999463,50,99.99999999999999
593,14.0,143.07655850644323,50,99.99999999999999
592,13.0,60.48179036493113,50,99.99999999999999
569,13.0,127.24836655926,50,99.99999999999999
584,11.0,111.14695167452061,50,99.99999999999999
564,10.0,78.90897247406943,50,99.99999999999999
590,17.0,95.50711396023051,50,99.99999999999999
521,31.0,124.16710811140307,50,99.99999999999999
569,11.0,133.75265482908574,50,99.99999999999999
580,11.5,72.91575329238982,50,99.99999999999999
537,15.0,82.2435774048499,50,99.99999999999999
577,10.0,96.60624334819848,50,93.54143466934853
596,12.0,107.93994369521857,50,99.99999999999999
571,11.0,86.66866999487927,50,99.99999999999999
567,21.0,120.76916774740297,50,99.99999999999999
540,12.0,134.8435686359336,50,99.99999999999999
553,14.0,57.58089069692995,50,99.99999999999999
565,9.0,74.25609931815296,50,99.99999999999999
600,13.5,119.58880941006034,50,99.99999999999999
575,10.0,78.03548161865754,50,99.99999999999999
584,7.5,80.76454459605336,50,99.99999999999999
601,11.0,116.9734796040158,50,99.99999999999999
573,19.0,129.456452342573,50,99.99999999999999
594,11.0,129.01996735026168,50,98.74208829065748
592,6.5,58.15315434358517,50,99.99999999999999
537,10.0,85.77493897845751,50,99.99999999999999
573,13.0,61.276207254240816,50,99.99999999999999
595,12.0,64.89246302421724,50,99.99999999999999
601,8.0,74.20243790778494,50,98.74208829065748
541,24.0,212.35452208006726,50,99.99999999999999
527,9.0,68.47666637618538,50,99.99999999999999
577,10.0,71.32515757244741,50,99.99999999999999
535,24.0,105.58504729452953,50,99.99999999999999
526,18.0,74.94595343973393,50,99.99999999999999
531,10.0,72.58849842854684,50,99.99999999999999
599,10.0,62.80994645875775,50,99.99999999999999
554,14.0,76.29933770358807,50,99.99999999999999
534,13.0,78.3975203177172,50,99.99999999999999
547,10.0,85.57117591387623,50,99.99999999999999
596,17.0,94.37041088988423,50,99.99999999999999
552,13.0,71.51050975259797,50,99.99999999999999
530,11.0,52.65487098915285,50,99.99999999999999
593,8.0,60.408789703430564,50,99.99999999999999
549,16.0,164.2473667950343,50,99.99999999999999
568,35.5,103.32908379464551,50,99.99999999999999
566,7.5,163.51848438034213,50,99.99999999999999
571,13.0,143.016259390736,50,99.99999999999999
577,14.0,63.94079933511105,50,99.99999999999999
613,9.0,73.85295440022627,50,99.99999999999999
575,11.0,67.72639856709691,50,99.99999999999999
583,8.0,36.430172015974236,50,99.99999999999999
585,21.0,130.1822709891672,50,99.99999999999999
562,15.0,71.63800693525175,50,99.99999999999999
578,13.0,77.98046428718024,50,99.99999999999999
558,14.5,79.96506053169955,50,97.46794344808963
595,9.0,61.72870782800919,50,99.99999999999999
556,13.0,71.45172388633003,50,99.99999999999999
576,10.0,75.83338517278051,50,99.99999999999999
524,23.5,124.71912120683587,50,92.19544457292886
540,11.0,67.06122397694759,50,98.74208829065748
614,14.0,99.25385373436589,50,99.99999999999999
593,8.0,70.60764837870698,50,99.99999999999999
532,13.0,68.82687507894184,50,99.99999999999999
570,12.0,61.94481497562871,50,99.99999999999999
528,15.0,57.51436945600764,50,99.99999999999999
558,12.0,121.50357115487843,50,99.99999999999999
518,31.0,126.78120115184616,50,90.82951062292474
545,10.0,80.33215520917176,50,99.99999999999999
547,12.0,70.75178226400489,50,99.99999999999999
580,12.0,53.32283777415607,50,99.99999999999999
557,12.0,165.28968732019277,50,99.99999999999999
541,11.0,53.01146696227817,50,99.99999999999999
581,10.0,47.246283832533656,50,99.99999999999999
597,9.0,105.83835823787508,50,99.99999999999999
553,30.0,139.75124154015998,50,99.99999999999999
552,12.0,87.21621456885924,50,99.99999999999999
565,8.0,58.55070221445737,50,99.99999999999999
563,13.0,71.37526421714206,50,99.99999999999999
566,13.0,45.17917589880068,50,99.99999999999999
537,14.0,55.620442336558646,50,99.99999999999999
574,7.0,68.96182772802386,50,99.99999999999999
554,12.5,164.17539392837446,50,99.99999999999999
559,9.0,133.6653116308435,50,99.99999999999999
590,23.0,113.01815570660841,50,99.99999999999999
573,12.0,78.3489369790659,50,99.99999999999999
574,11.0,53.61809702864673,50,99.99999999999999
579,8.0,52.782705748114104,50,99.99999999999999
561,10.0,67.36982883706189,50,99.99999999999999
536,11.0,116.29471576581163,50,98.74208829065748
536,25.5,95.77204256232713,50,99.99999999999999
591,11.0,77.43398183931491,50,99.99999999999999
559,16.0,84.92499250544296,50,99.99999999999999
545,9.0,63.01149227237677,50,99.99999999999999
593,12.0,50.53267215211774,50,99.99999999999999
552,12.0,70.05076250060016,50,99.99999999999999
552,10.0,44.13746936297476,50,99.99999999999999
578,17.0,77.83360531081723,50,99.99999999999999
551,11.0,90.03117808600092,50,99.99999999999999
584,7.0,87.47038098889176,50,99.99999999999999
524,16.0,115.73183845414536,50,99.99999999999999
560,11.5,109.9819328609909,50,99.99999999999999
595,8.0,63.878864313202996,50,99.99999999999999
586,6.0,59.321360307123875,50,99.99999999999999
587,13.0,116.6016893896551,50,99.99999999999999
565,14.0,146.22786104917088,50,99.99999999999999
587,13.0,215.64760875768985,50,99.99999999999999
620,11.0,75.70728625047755,50,99.99999999999999
566,10.0,83.25294105091461,50,99.99999999999999
586,7.0,74.81235232527877,50,99.99999999999999
563,13.0,76.17280470372316,50,99.99999999999999
582,12.5,127.75137435152625,50,99.99999999999999
534,21.5,173.78294565966135,50,99.99999999999999
583,11.0,127.3874243699349,50,99.99999999999999
580,9.0,67.17189353386061,50,99.99999999999999
585,8.0,55.35360275764162,50,99.99999999999999
579,13.0,93.57782234048689,50,99.99999999999999
570,10.0,70.43128104831244,50,99.99999999999999
538,12.0,74.23951648628592,50,99.99999999999999
545,9.0,58.67494143178796,50,99.99999999999999
522,23.0,113.54771096750783,50,99.99999999999999
565,9.0,63.074973296255585,50,99.99999999999999
545,16.0,104.91525584006857,50,99.99999999999999
565,11.0,103.32129096724155,50,99.99999999999999
579,13.0,91.6608260695674,50,99.99999999999999
521,12.0,78.15058057213648,50,99.99999999999999
564,11.0,60.11087377495387,50,99.99999999999999
555,18.0,89.61890012656524,50,99.99999999999999
572,16.0,110.40146793332337,50,99.99999999999999
562,9.0,50.883557812101856,50,99.99999999999999
570,22.0,74.60682088995958,50,99.99999999999999
578,6.5,53.87458491787905,50,99.99999999999999
579,7.0,63.272053467061944,50,99.99999999999999
574,12.0,54.67171341857269,50,99.99999999999999
532,13.5,82.11728536496634,50,99.99999999999999
584,19.5,75.54419824300714,50,99.99999999999999
601,18.0,76.34439643047739,50,99.99999999999999
567,11.0,80.89551174812343,50,99.99999999999999
540,16.0,79.65138816775753,50,99.99999999999999
541,11.0,70.7691286464977,50,99.99999999999999
573,9.0,89.26356421607416,50,99.99999999999999
574,9.0,101.67700808221635,50,99.99999999999999
521,34.0,197.44567000312378,50,99.99999999999999
564,14.0,66.89001825689931,50,99.99999999999999
604,6.0,87.00839384720534,50,99.99999999999999
532,11.0,110.98292930498029,50,99.99999999999999
598,16.0,99.08894142000437,50,99.99999999999999
609,13.0,65.91834219633978,50,99.99999999999999
562,9.0,68.56630942939017,50,99.99999999999999
579,11.0,119.65657728599645,50,99.99999999999999
559,9.0,104.0964009688176,50,99.99999999999999
561,13.0,77.97569845326335,50,99.99999999999999
580,13.0,69.31861418670434,50,99.99999999999999
568,12.0,71.5712298262573,50,99.99999999999999
570,14.0,134.84476279994726,50,99.99999999999999
579,10.0,66.82436331762715,50,99.99999999999999
556,29.0,93.1755908927882,50,99.99999999999999
569,19.0,115.91937731535283,50,99.99999999999999
553,13.0,102.6992678036775,50,99.99999999999999
578,10.0,61.30662185298253,50,99.99999999999999
547,14.0,77.86443828997045,50,99.99999999999999
555,11.0,54.18527107066757,50,99.99999999999999
544,14.0,120.24122734863504,50,99.99999999999999
563,20.0,91.38183405886618,50,99.99999999999999
554,24.0,123.13481736401599,50,99.99999999999999
556,11.0,65.05509281702982,50,99.99999999999999
553,6.0,63.77060162016852,50,99.99999999999999
562,17.0,68.31313232411242,50,99.99999999999999
586,10.5,82.96102885959498,50,99.99999999999999
586,10.5,111.768162946681,50,99.99999999999999
548,12.0,84.86996377249103,50,99.99999999999999
561,10.0,107.59887083085192,50,99.99999999999999
570,8.0,121.36847419038618,50,99.99999999999999
580,10.0,79.59790698940319,50,99.99999999999999
563,13.0,168.1443919705323,50,99.99999999999999
569,12.0,66.60374892062339,50,99.99999999999999
586,8.0,59.26382182731227,50,99.99999999999999
565,15.0,114.56661309912656,50,99.99999999999999
552,11.0,87.77918872262983,50,99.99999999999999
604,7.5,57.29831660976061,50,99.99999999999999
584,9.5,57.438478586577745,50,99.99999999999999
551,5.0,65.45083352139554,50,99.99999999999999
580,15.0,83.44176515888601,50,99.99999999999999
575,7.0,58.41269444471873,50,99.99999999999999
579,14.0,68.20847476250077,50,99.99999999999999
560,14.0,116.87290314164116,50,99.99999999999999
548,20.5,117.87887349070046,50,99.99999999999999
507,10.0,94.69932328592074,50,99.99999999999999
590,8.5,78.7037347613515,50,99.99999999999999
555,8.0,77.81499095200216,50,99.99999999999999
586,11.0,68.15244838336335,50,99.99999999999999
582,10.0,56.09453401479805,50,99.99999999999999
505,16.0,91.98992797567902,50,99.99999999999999
552,20.0,116.20345534057377,50,99.99999999999999
568,17.0,95.21404451704637,50,99.99999999999999
567,7.0,100.87311192931168,50,99.99999999999999
564,10.0,60.50961877732167,50,99.99999999999999
605,8.0,77.33334503062677,50,99.99999999999999
580,10.0,88.07873835630102,50,99.99999999999999
558,9.5,98.72015194917104,50,99.99999999999999
559,9.0,66.0976711343032,50,99.99999999999999
572,15.0,155.17055347265227,50,99.99999999999999
573,10.0,75.61375486525003,50,99.99999999999999
572,13.0,69.3894803207243,50,99.99999999999999
562,8.0,72.28983652968127,50,99.99999999999999
553,11.0,73.95277533176059,50,99.99999999999999
569,15.0,73.36678811733162,50,99.99999999999999
581,12.0,82.29654759525269,50,99.99999999999999
493,33.0,113.19370009846502,50,99.99999999999999
552,35.0,116.15944064117087,50,99.99999999999999
552,14.5,87.94384059356042,50,99.99999999999999
557,11.0,109.99000832913129,50,96.17692030835673
584,6.0,71.91768494342932,50,99.99999999999999
576,10.0,54.93665346305515,50,99.99999999999999
570,12.0,68.60818948774167,50,99.99999999999999
588,9.0,113.59486510176099,50,99.99999999999999
592,14.5,106.82162234240221,50,99.99999999999999
559,10.0,67.32612331931404,50,99.99999999999999
551,9.0,79.50381901568959,50,99.99999999999999
564,14.0,128.93708118683182,50,99.99999999999999
562,8.0,84.26276469245703,50,99.99999999999999
577,10.0,96.3125100868008,50,99.99999999999999
558,15.0,87.09596592509742,50,99.99999999999999
570,10.0,87.30852496248978,50,99.99999999999999
554,29.0,106.55931019115603,50,99.99999999999999
572,15.0,116.26948537723659,50,99.99999999999999
533,12.0,84.38083822016044,50,99.99999999999999
551,11.0,73.222595805838,50,99.99999999999999
535,14.0,73.27528196254495,50,99.99999999999999
572,7.0,136.9934554034855,50,99.99999999999999
573,9.0,44.998734067576805,50,99.99999999999999
558,23.0,113.26589627684287,50,99.99999999999999
573,8.0,102.65034329072121,50,99.99999999999999
577,9.0,55.561596123558424,50,99.99999999999999
563,10.0,159.52224915969023,50,99.99999999999999
587,7.0,90.14827338441036,50,99.99999999999999
577,9.0,63.85397450195051,50,99.99999999999999
588,6.0,82.32753431364361,50,99.99999999999999
571,28.0,117.88769778100864,50,99.99999999999999
582,11.0,126.02023962416636,50,99.99999999999999
546,9.0,142.79767927163041,50,99.99999999999999
572,14.0,76.66145247350448,50,99.99999999999999
539,11.0,124.39858520295392,50,99.99999999999999
550,9.0,57.38681189812776,50,99.99999999999999
550,10.0,47.82866132885889,50,99.99999999999999
573,6.0,59.638933760530946,50,99.99999999999999
568,11.5,176.93534961171898,50,99.99999999999999
536,21.0,147.64776824492873,50,99.99999999999999
580,22.0,87.87920502100356,50,99.99999999999999
595,13.0,81.89281113524262,50,99.99999999999999
538,12.0,54.7867904761749,50,99.99999999999999
590,12.0,107.50572894465063,50,99.99999999999999
544,11.0,64.05513492055242,50,99.99999999999999
588,15.0,74.47297029677603,50,99.99999999999999
542,14.0,88.24197674008066,50,99.99999999999999
562,22.5,196.22536998714847,50,99.99999999999999
581,9.0,57.230530922349345,50,99.99999999999999
569,14.0,90.37662593672012,50,99.99999999999999
592,11.0,83.09399285991265,50,99.99999999999999
543,9.0,65.37936896764772,50,99.99999999999999
537,12.0,82.7545259408205,50,99.99999999999999
535,9.0,123.94718190758414,50,99.99999999999999
538,13.5,119.37943202064456,50,99.99999999999999
533,14.0,102.47045221566458,50,99.99999999999999
597,7.0,62.74729785123555,50,99.99999999999999
582,16.0,83.7364474497098,50,99.99999999999999
560,10.0,64.9922598302921,50,99.99999999999999
577,8.0,51.23440299411796,50,98.74208829065748
545,14.0,144.08432630073597,50,99.99999999999999
531,12.0,81.53229058818536,50,99.99999999999999
527,15.0,63.113648532450554,50,99.99999999999999
543,14.0,70.98790625784468,50,98.74208829065748
575,12.0,50.795069226437,50,99.99999999999999
558,9.0,96.52947136952258,50,99.99999999999999
569,9.0,95.34217391576163,50,99.99999999999999
617,7.0,67.76315042682401,50,99.99999999999999
545,26.0,128.91268001142484,50,99.99999999999999
558,18.0,143.2949842028657,50,99.99999999999999
554,21.5,105.30296083720218,50,99.99999999999999
572,6.0,74.56937217996492,50,99.99999999999999
541,10.0,94.6767324030561,50,99.99999999999999
573,11.0,68.94615926492497,50,99.99999999999999
565,9.0,64.08760312972937,50,99.99999999999999
579,11.0,73.77927960446328,50,99.99999999999999
548,21.0,93.04732968686946,50,99.99999999999999
568,16.5,210.5549367140741,50,99.99999999999999
558,16.5,69.64978060539435,50,98.74208829065748
527,14.0,69.35139564425565,50,99.99999999999999
545,9.0,55.299543856423874,50,99.99999999999999
537,12.0,72.24122922526834,50,99.99999999999999
551,11.0,98.65660743405698,50,99.99999999999999
576,12.0,72.43123773538068,50,99.99999999999999
549,10.0,88.83683927331269,50,99.99999999999999
542,34.0,112.81343080520959,50,99.99999999999999
571,18.0,61.755156727447144,50,99.99999999999999
568,13.0,71.23299161078516,50,99.99999999999999
531,11.0,82.36484078247128,50,99.99999999999999
557,12.0,75.69293821486586,50,99.99999999999999
555,9.0,84.21869073272961,50,99.99999999999999
549,9.0,64.9802999287537,50,99.99999999999999
575,33.0,124.17785167101843,50,99.99999999999999
546,11.0,60.32222969159786,50,99.99999999999999
569,10.0,67.19881175655274,50,99.99999999999999
554,6.0,42.70725003380295,50,99.99999999999999
592,10.5,53.7300351581815,50,99.99999999999999
564,10.5,63.93375733195458,50,99.99999999999999
577,11.0,73.31304239788791,50,98.74208829065748
525,20.0,167.28824789687312,50,99.99999999999999
563,8.0,167.62907292673435,50,99.99999999999999
587,9.0,63.82225333272235,50,97.46794344808963
552,9.0,99.85727024450647,50,99.99999999999999
568,11.0,84.79011433875684,50,99.99999999999999
582,11.0,102.40672405529605,50,99.99999999999999
574,13.0,63.040857395238355,50,99.99999999999999
585,18.0,130.55749071996334,50,99.99999999999999
582,11.0,81.70865557446399,50,99.99999999999999
569,12.0,60.56645755561535,50,99.99999999999999
534,10.5,43.20514860804959,50,99.99999999999999
550,13.0,64.86051782590452,50,97.46794344808963
580,10.0,68.52171274583361,50,99.99999999999999
555,12.0,97.58431136293358,50,99.99999999999999
571,7.0,77.35868279191315,50,99.99999999999999
553,12.0,129.41613144717925,50,99.99999999999999
588,5.0,69.11205186095606,50,99.99999999999999
568,12.0,60.294650398947105,50,99.99999999999999
578,9.0,49.63031443501584,50,99.99999999999999
549,7.0,64.52181169482937,50,99.99999999999999
565,7.0,99.09447059652467,50,99.99999999999999
558,10.0,99.6943992436001,50,99.99999999999999
563,17.0,113.01830072853014,50,99.99999999999999
554,15.0,104.00947660470739,50,99.99999999999999
589,14.0,65.43183052542086,50,99.99999999999999
568,16.0,75.12129802523252,50,99.99999999999999
588,10.0,76.92781024947047,50,99.99999999999999
549,8.0,74.6946740455254,50,99.99999999999999
552,9.0,109.0200288102635,50,97.46794344808963
571,10.0,80.16064197491166,50,99.99999999999999
584,20.0,132.48395179381572,50,99.99999999999999
567,7.0,111.64283928105232,50,97.46794344808963
572,9.0,139.15362239384623,50,99.99999999999999
569,12.0,68.11010937034644,50,96.17692030835673
564,7.0,54.42123547814156,50,99.99999999999999
552,9.0,88.2934659639887,50,99.99999999999999
574,13.5,57.31143286359595,50,99.99999999999999
597,11.0,85.50284768483446,50,99.99999999999999
567,20.0,108.94942946897069,50,93.54143466934853
560,13.0,73.62194576976799,50,99.99999999999999
568,13.0,53.70729230643397,50,99.99999999999999
582,13.0,48.45604592345351,50,99.99999999999999
590,10.0,63.623870368481256,50,99.99999999999999
528,14.0,56.60884769614114,50,99.99999999999999
569,9.0,107.56242116737292,50,99.99999999999999
577,11.0,80.00788406082873,50,99.99999999999999
534,22.5,187.34615617990642,50,99.99999999999999
558,11.5,62.89420029605044,50,99.99999999999999
581,11.0,67.29419193030684,50,98.74208829065748
580,10.5,67.78702883783289,50,99.99999999999999
608,8.0,51.914401329071815,50,99.99999999999999
581,12.0,78.46435538244438,50,99.99999999999999
574,8.0,75.04583758382417,50,99.99999999999999
564,22.5,141.98726685412458,50,99.99999999999999
547,32.0,109.87056417571735,50,99.99999999999999
570,11.0,63.223783752085275,50,99.99999999999999
570,10.0,56.156611160481965,50,99.99999999999999
590,11.0,94.37668013727604,50,99.99999999999999
587,14.0,64.8747514042971,50,99.99999999999999
588,9.0,74.4197946880844,50,99.99999999999999
555,11.0,133.1176536311552,50,99.99999999999999
569,17.0,99.13154836645958,50,99.99999999999999
541,6.0,69.57137621201075,50,96.17692030835673
548,14.0,107.11248798591973,50,99.99999999999999
582,7.0,63.34956186917513,50,97.46794344808963
541,15.0,109.58927493386332,50,99.99999999999999
564,10.5,168.01141259780678,50,99.99999999999999
569,15.0,109.60192375765358,50,99.99999999999999
578,10.0,90.06079571319094,50,99.99999999999999
585,10.0,97.23629540038877,50,99.99999999999999
528,8.0,53.72589177628022,50,99.99999999999999
544,11.0,76.48702551085518,50,99.99999999999999
576,8.5,70.38224034111717,50,99.99999999999999
570,15.0,76.07501851474589,50,99.99999999999999
536,13.0,106.21814550428849,50,99.99999999999999
563,13.0,123.11393120248583,50,99.99999999999999
579,19.0,83.93583597546554,50,99.99999999999999
552,17.0,85.93329235303793,50,99.99999999999999
553,14.0,152.60652148471416,50,99.99999999999999
559,11.0,120.78255994216934,50,99.99999999999999
558,10.0,63.263470198201766,50,99.99999999999999
580,11.5,68.99306009400605,50,99.99999999999999
559,12.0,131.76826414887586,50,99.99999999999999
570,18.5,105.42988077447906,50,96.17692030835673
583,10.0,64.12757772091554,50,99.99999999999999
571,15.0,94.8103797658604,50,99.99999999999999
557,8.0,61.23594255863035,50,99.99999999999999
558,9.0,52.3559044201939,50,99.99999999999999
572,8.5,69.86170899461219,50,99.99999999999999
614,8.0,74.52196768365854,50,99.99999999999999
559,19.0,78.59438438268737,50,99.99999999999999
540,12.0,97.73285513931533,50,99.99999999999999
535,6.0,51.20594812300099,50,99.99999999999999
579,7.0,63.19016073956948,50,99.99999999999999
565,14.0,104.50244368233808,50,99.99999999999999
569,12.0,50.39355645753653,50,99.99999999999999
572,10.0,62.64283496059708,50,99.99999999999999
553,11.0,58.33810043456678,50,99.99999999999999
552,23.0,95.28028232027891,50,99.99999999999999
560,13.0,145.8278425408102,50,99.99999999999999
542,20.0,83.47128075022658,50,99.99999999999999
550,17.0,99.52483732171862,50,99.99999999999999
546,11.0,63.11327157497113,50,99.99999999999999
541,14.0,76.40502462565422,50,99.99999999999999
550,5.0,98.44419131892862,50,99.99999999999999
554,12.5,57.37696228378823,50,99.99999999999999
554,19.5,87.03706264868923,50,99.99999999999999
582,7.0,101.14553492425773,50,99.99999999999999
552,14.0,74.24051172442297,50,99.99999999999999
569,9.0,68.83141161081352,50,99.99999999999999
541,12.0,90.97447599032513,50,99.99999999999999
609,12.0,72.76835513751908,50,99.99999999999999
557,13.0,90.0606517793868,50,99.99999999999999
545,10.0,171.32093293442531,50,99.99999999999999
584,16.0,77.21687526187112,50,99.99999999999999
556,9.0,113.78166253065133,50,99.99999999999999
562,12.0,65.78938003765396,50,99.99999999999999
580,7.0,60.546244220746495,50,99.99999999999999
584,8.5,76.1493591346251,50,99.99999999999999
602,11.0,109.47012543422545,50,99.99999999999999
581,18.0,111.77872933351104,50,99.99999999999999
563,18.0,98.76242663572182,50,99.99999999999999
564,8.0,78.72923507543773,50,99.99999999999999
591,11.0,78.63026982249428,50,98.74208829065748
597,17.0,128.81009806898223,50,99.99999999999999
585,10.0,95.68864819077018,50,99.99999999999999
539,15.0,98.67521273413809,50,99.99999999999999
572,9.0,97.60743844905666,50,99.99999999999999
601,12.0,103.71973486221933,50,99.99999999999999
552,12.0,85.51537906530137,50,99.99999999999999
561,9.0,93.13400702524595,50,99.99999999999999
572,13.0,63.80211260472862,50,98.74208829065748
554,9.0,53.71271893485035,50,99.99999999999999
559,13.0,97.66507873380594,50,99.99999999999999
581,9.0,75.21784233522717,50,99.99999999999999
540,19.0,102.95612940075986,50,99.99999999999999
558,10.0,207.26709055690637,50,99.99999999999999
576,7.0,119.89232669357949,50,99.99999999999999
590,10.0,75.77821341054543,50,99.99999999999999
559,13.0,132.34680341520064,50,99.99999999999999
555,8.0,45.19179179162689,50,99.99999999999999
575,14.0,63.45928095513315,50,97.46794344808963
568,15.0,109.31517818870304,50,97.46794344808963
537,30.0,116.56228429691461,50,99.99999999999999
580,10.0,91.17983891647718,50,99.99999999999999
536,10.5,57.103330653644306,50,99.99999999999999
556,24.0,68.65669625390996,50,99.99999999999999
560,10.0,72.23093782528979,50,99.99999999999999
531,16.0,73.30248297212128,50,99.99999999999999
579,13.0,59.674531450865494,50,99.99999999999999
549,35.0,116.67313728160129,50,99.99999999999999
572,13.0,170.98622684871975,50,99.99999999999999
540,12.0,71.34613424695944,50,99.99999999999999
583,12.0,63.90183119342311,50,99.99999999999999
543,11.0,55.19827083011448,50,99.99999999999999
577,12.0,58.67417783421826,50,99.99999999999999
570,8.0,74.77383589667116,50,99.99999999999999
548,14.0,102.34588130091504,50,99.99999999999999
556,25.0,100.09064425091371,50,99.99999999999999
558,8.5,58.56597167164175,50,99.99999999999999
565,7.0,58.6485958764598,50,99.99999999999999
580,7.0,59.647181446746714,50,99.99999999999999
560,9.0,57.73023041887768,50,99.99999999999999
564,12.0,100.33443545807017,50,99.99999999999999
540,22.5,81.58666414453874,50,99.99999999999999
562,10.0,170.47716310677555,50,99.99999999999999
531,17.0,167.91326347686632,50,99.99999999999999
568,14.0,82.815742325288,50,99.99999999999999
576,9.0,72.79821424307521,50,99.99999999999999
531,15.0,65.73266760862697,50,98.74208829065748
534,16.0,122.27212628299968,50,99.99999999999999
562,9.0,72.58425301243442,50,99.99999999999999
589,9.0,80.75479877903392,50,99.99999999999999
564,27.0,95.93108844317253,50,99.99999999999999
568,15.0,77.82591648478815,50,99.99999999999999
603,12.0,101.04009848794935,50,99.99999999999999
565,13.0,71.9665285229234,50,99.99999999999999
549,17.0,114.10956273910836,50,99.99999999999999
540,11.0,68.1219700251684,50,99.99999999999999
605,17.0,68.54493941010234,50,99.99999999999999
581,14.0,87.27648212098337,50,99.99999999999999
558,12.0,69.16755817508701,50,99.99999999999999
595,9.0,70.2232194629087,50,99.99999999999999
533,12.0,69.41530824560431,50,99.99999999999999
560,10.0,57.703375265183894,50,99.99999999999999
576,20.0,155.50708613294893,50,99.99999999999999
563,12.0,50.60036407537466,50,99.99999999999999
556,20.5,154.38060360463186,50,99.99999999999999
566,10.0,77.47960838262895,50,99.99999999999999
566,7.0,99.95018052921796,50,99.99999999999999
560,11.0,69.8001930049022,50,99.99999999999999
549,11.0,59.202658850697645,50,99.99999999999999
553,9.0,99.75983011560194,50,99.99999999999999
551,11.0,55.48487164701916,50,99.99999999999999
567,10.0,118.21951260507326,50,99.99999999999999
561,15.0,120.31328457986982,50,99.99999999999999
555,12.0,97.10575898879426,50,99.99999999999999
545,8.0,80.47979981727872,50,99.99999999999999
551,16.0,77.96005183150339,50,99.99999999999999
557,13.0,64.02001222110802,50,99.99999999999999
529,18.0,66.99811442355733,50,99.99999999999999
579,8.0,62.633070963420444,50,99.99999999999999
585,11.0,75.29287039940826,50,99.99999999999999
571,11.0,69.08366740169745,50,99.99999999999999
588,18.5,109.48440811027028,50,99.99999999999999
557,12.0,58.100741831642615,50,99.99999999999999
585,12.0,62.34981440266924,50,99.99999999999999
573,12.0,56.11239087813979,50,99.99999999999999
573,11.0,48.89238355011183,50,99.99999999999999
567,12.0,116.31406556142336,50,99.99999999999999
582,10.0,68.39343944359683,50,96.17692030835673
545,10.0,61.08467185575978,50,99.99999999999999
546,13.0,120.30973664585174,50,99.99999999999999
542,18.5,110.87726382535429,50,99.99999999999999
558,12.5,99.40679877793005,50,99.99999999999999
557,10.0,72.89806682398898,50,99.99999999999999
580,13.0,96.77751306331953,50,99.99999999999999
562,7.0,52.788287387571444,50,98.74208829065748
563,11.0,67.80320356188089,50,99.99999999999999
533,24.0,99.79908518532885,50,98.74208829065748
534,17.0,81.7548761353597,50,99.99999999999999
548,9.0,79.25283898273052,50,99.99999999999999
588,8.0,56.47816838116375,50,99.99999999999999
553,11.0,97.27408063493783,50,99.99999999999999
584,7.0,106.44783937707541,50,99.99999999999999
560,9.0,69.52451537812945,50,99.99999999999999
585,11.0,121.48768819552583,50,99.99999999999999
581,14.0,109.19062121868514,50,99.99999999999999
599,18.0,97.61629268602283,50,99.99999999999999
555,10.0,64.71924767243847,50,99.99999999999999
548,10.0,72.36192139587915,50,99.99999999999999
540,8.0,40.32397058310218,50,99.99999999999999
577,11.0,63.45843700549848,50,99.99999999999999
566,11.0,86.74876950301949,50,99.99999999999999
557,15.0,60.13533612220193,50,99.99999999999999
591,7.0,107.4412174156065,50,99.99999999999999
551,29.0,134.36550716825138,50,99.99999999999999
544,12.5,65.68582585628062,50,99.99999999999999
562,8.0,77.58792544537084,50,99.99999999999999
552,8.0,64.88812905046618,50,99.99999999999999
527,15.0,86.0702703745125,50,99.99999999999999
535,9.0,80.55320762475561,50,99.99999999999999
551,10.0,56.93184879044912,50,99.99999999999999
568,14.0,93.11735094104462,50,99.99999999999999
562,40.0,120.53553103748162,50,98.74208829065748
553,7.0,56.59944796803629,50,99.99999999999999
589,14.0,72.3207508534564,50,99.99999999999999
574,9.0,49.98304995120399,50,99.99999999999999
582,14.0,98.62870661409642,50,99.99999999999999
541,14.0,112.67320096478149,50,99.99999999999999
540,7.0,79.49953738682572,50,99.99999999999999
585,18.0,118.2961062613046,50,99.99999999999999
572,15.0,72.6642099207182,50,99.99999999999999
579,7.0,58.51536683684026,50,99.99999999999999
560,8.0,75.14267184153617,50,99.99999999999999
610,5.0,82.80201983779799,50,99.99999999999999
584,9.0,50.847928017191954,50,99.99999999999999
541,9.0,109.59745343987973,50,99.99999999999999
553,26.0,96.04252230185038,50,97.46794344808963
557,7.0,72.13040594157938,50,99.99999999999999
574,13.0,70.53325683398494,50,99.99999999999999
572,10.5,80.08668933813891,50,99.99999999999999
582,13.5,70.23445268534041,50,99.99999999999999
560,9.0,65.19119445837204,50,99.99999999999999
546,7.0,60.976699281730134,50,99.99999999999999
552,25.0,97.87617912076642,50,99.99999999999999
573,7.0,102.02584605999381,50,99.99999999999999
581,7.0,74.61225330682537,50,99.99999999999999
544,12.0,94.0116046160589,50,99.99999999999999
579,8.0,61.150720057035436,50,99.99999999999999
579,10.0,92.29754325952511,50,99.99999999999999
557,14.0,88.5664851572931,50,99.99999999999999
577,11.0,101.3778147235407,50,99.99999999999999
550,21.0,97.57201570150283,50,99.99999999999999
527,10.0,152.91270736240304,50,99.99999999999999
563,11.0,72.32417856816586,50,99.99999999999999
559,10.0,81.01078232790996,50,99.99999999999999
569,8.0,53.59959613522343,50,99.99999999999999
567,17.0,76.2897475544198,50,99.99999999999999
560,10.5,73.18706866346143,50,99.99999999999999
568,24.0,121.5793599769807,50,99.99999999999999
557,7.0,202.428243117697,50,99.99999999999999
546,12.0,81.55941790945712,50,99.99999999999999
546,9.0,79.75383837381364,50,99.99999999999999
603,9.0,56.4783624470799,50,99.99999999999999
573,9.0,74.88334308901979,50,99.99999999999999
572,6.0,67.96293369647245,50,99.99999999999999
559,9.0,96.55030270163007,50,99.99999999999999
549,17.0,100.96356740699585,50,99.99999999999999
558,11.5,70.54196554383945,50,99.99999999999999
583,7.0,50.80492604399503,50,99.99999999999999
574,7.5,68.16445497847005,50,99.99999999999999
537,14.0,84.56272219050543,50,99.99999999999999
555,8.0,78.37227974407035,50,99.99999999999999
585,9.0,59.685417313821866,50,99.99999999999999
595,22.0,126.3901656467589,50,99.99999999999999
534,19.0,106.4445380699049,50,99.99999999999999
560,10.0,96.45476209853402,50,99.99999999999999
573,16.0,75.5236419574309,50,99.99999999999999
568,7.0,133.46001646972795,50,99.99999999999999
568,6.0,84.09250136930426,50,99.99999999999999
549,10.0,64.8967779323014,50,99.99999999999999
561,10.0,93.38620464898469,50,99.99999999999999
580,13.0,99.54504009763632,50,99.99999999999999
540,8.0,163.44676770650136,50,99.99999999999999
582,11.0,58.79938608572922,50,99.99999999999999
551,8.0,78.77760760619155,50,99.99999999999999
567,10.0,112.84978925144755,50,99.99999999999999
556,13.0,61.94427852387402,50,99.99999999999999
579,7.0,79.64245723804781,50,99.99999999999999
546,27.0,126.40070361133888,50,99.99999999999999
577,9.0,96.90271863560737,50,99.99999999999999
577,14.0,52.43873479356143,50,99.99999999999999
555,7.0,82.81437726464867,50,99.99999999999999
555,17.0,64.3062726245654,50,99.99999999999999
556,13.5,66.85736808594557,50,99.99999999999999
565,16.0,75.31879163137938,50,99.99999999999999
538,27.0,100.1519402740048,50,98.74208829065748
539,21.0,111.80270654322786,50,99.99999999999999
566,9.5,103.46305469487392,50,99.99999999999999
580,12.0,61.73101086922274,50,99.99999999999999
552,10.0,99.90346084131298,50,99.99999999999999
594,10.0,52.608632341704705,50,99.99999999999999
604,11.5,58.77993001940378,50,99.99999999999999
583,19.0,107.16270395597053,50,99.99999999999999
550,12.0,91.56242179852059,50,99.99999999999999
573,15.0,143.98968879746639,50,99.99999999999999
519,17.0,70.8209120779277,50,96.17692030835673
558,10.5,76.79117135698876,50,99.99999999999999
565,8.0,54.8391591590107,50,99.99999999999999
565,10.0,62.48191729876991,50,99.99999999999999
521,13.0,91.71820786796131,50,88.03408430829505
573,10.0,54.73808526516249,50,99.99999999999999
560,23.0,98.44704924597258,50,99.99999999999999
565,12.0,65.52416279796861,50,98.74208829065748
566,12.0,79.98772123475328,50,99.99999999999999
570,7.0,53.26503844259444,50,99.99999999999999
584,10.5,102.67795233277344,50,99.99999999999999
584,9.0,57.48585804431422,50,99.99999999999999
547,13.0,95.57432598930109,50,99.99999999999999
568,19.0,125.28279474697231,50,99.99999999999999
551,13.0,157.8853265523363,50,99.99999999999999
554,14.0,69.39487745160257,50,99.99999999999999
565,10.0,91.99925332408162,50,97.46794344808963
554,8.0,92.35662014706713,50,99.99999999999999
546,10.0,44.86090540122153,50,99.99999999999999
562,8.5,84.56502617344223,50,99.99999999999999
545,7.0,65.32845915489786,50,99.99999999999999
569,20.0,181.274530344496,50,98.74208829065748
559,6.0,111.00023385932735,50,99.99999999999999
585,9.0,50.67368926984993,50,99.99999999999999
560,6.0,76.74298545475718,50,99.99999999999999
591,13.0,132.26316157594064,50,99.99999999999999
570,11.5,60.715964469849474,50,99.99999999999999
544,14.0,76.69814435921865,50,99.99999999999999
521,46.0,277.67311080991203,50,99.99999999999999
564,10.0,72.34167289520961,50,99.99999999999999
588,11.0,58.879317946664685,50,99.99999999999999
570,10.0,55.46451312283277,50,99.99999999999999
564,9.0,68.59646959028164,50,99.99999999999999
502,12.0,109.40847889788738,50,90.82951062292474
538,15.0,68.0139576162968,50,99.99999999999999
575,10.0,92.47652371422129,50,99.99999999999999
538,9.5,156.52083679676875,50,99.99999999999999
573,13.0,59.9607323898013,50,99.99999999999999
567,17.0,93.79739536678676,50,99.99999999999999
578,7.0,51.68893404416887,50,99.99999999999999
590,12.0,54.16741285661895,50,99.99999999999999
565,12.0,106.44668450538595,50,99.99999999999999
570,9.0,104.53781048847723,50,99.99999999999999
566,23.0,75.58288453767487,50,99.99999999999999
545,23.0,101.49106063372818,50,99.99999999999999
586,10.0,57.703537382233336,50,99.99999999999999
565,18.0,83.19889669473982,50,99.99999999999999
550,14.0,148.32225408927076,50,99.99999999999999
585,14.0,61.747975616066604,50,99.99999999999999
552,10.0,113.59060899522295,50,99.99999999999999
562,12.5,110.96901644544299,50,99.99999999999999
566,24.0,105.0351635461317,50,99.99999999999999
541,9.0,87.7607523570494,50,99.99999999999999
578,7.0,58.578865946078174,50,99.99999999999999
566,8.0,87.04539710409327,50,99.99999999999999
582,9.0,71.9777050626353,50,99.99999999999999
564,12.0,90.6771642829327,50,99.99999999999999
568,9.5,100.70644171766244,50,99.99999999999999
562,13.0,59.2394834488535,50,99.99999999999999
548,20.0,122.77979357588892,50,97.46794344808963
562,12.0,90.73124897031704,50,99.99999999999999
571,12.0,79.22658651575256,50,99.99999999999999
572,12.0,88.80746525090582,50,98.74208829065748
545,15.0,78.3638384490614,50,99.99999999999999
542,11.0,62.3440071017618,50,99.99999999999999
576,16.5,72.59713998705125,50,99.99999999999999
527,21.0,107.66264855039923,50,99.99999999999999
589,10.0,107.60807019867806,50,99.99999999999999
578,10.0,51.59662607454157,50,99.99999999999999
555,7.0,105.22513431031331,50,99.99999999999999
559,9.0,92.08883899829662,50,99.99999999999999
578,10.0,76.6470702270613,50,99.99999999999999
576,15.5,105.69121554546646,50,99.99999999999999
586,12.0,117.02846335437584,50,99.99999999999999
584,11.0,80.3472046661075,50,99.99999999999999
550,11.0,106.47513473548598,50,99.99999999999999
534,10.0,62.023256851966224,50,99.99999999999999
537,11.0,77.24115939719171,50,99.99999999999999
557,14.0,100.73460823883019,50,99.99999999999999
591,9.0,63.28208451299866,50,99.99999999999999
541,20.0,96.44017233076,50,99.99999999999999
574,16.0,112.48709009145317,50,99.99999999999999
583,7.0,53.264297590801625,50,99.99999999999999
591,10.0,94.11442783639701,50,99.99999999999999
545,14.0,124.53640334548726,50,92.19544457292886
544,11.0,73.04254586280985,50,99.99999999999999
585,9.0,61.172587905566644,50,99.99999999999999
572,11.5,108.7313057893539,50,99.99999999999999
541,33.0,105.11291261905284,50,99.99999999999999
579,13.0,108.48047602897778,50,99.99999999999999
595,13.0,65.48113434275743,50,99.99999999999999
572,13.0,106.50941229752512,50,99.99999999999999
603,8.0,60.7053040283969,50,99.99999999999999
555,15.0,160.51990625190078,50,99.99999999999999
594,7.0,62.613848885507295,50,99.99999999999999
578,23.0,99.31470636896233,50,99.99999999999999
567,9.0,68.97787843324468,50,99.99999999999999
560,8.0,70.14295884890893,50,99.99999999999999
588,11.0,100.84695190147828,50,99.99999999999999
566,10.0,66.87513756165801,50,99.99999999999999
595,7.0,148.15313955530584,50,99.99999999999999
553,15.0,64.45616899302125,50,99.99999999999999
555,14.0,130.41656379417776,50,99.99999999999999
582,21.5,141.50324414631868,50,99.99999999999999
553,12.0,84.0345321396082,50,99.99999999999999
593,14.0,77.51901450288308,50,99.99999999999999
570,8.0,61.588763505125996,50,99.99999999999999
566,12.0,66.11214932835367,50,99.99999999999999
550,15.0,68.70929962970973,50,99.99999999999999
553,16.0,129.10230743095838,50,99.99999999999999
566,20.0,92.45961525334805,50,99.99999999999999
532,11.5,104.34722495043202,50,99.99999999999999
569,8.0,56.26130064349539,50,99.99999999999999
541,9.0,63.143927305446844,50,99.99999999999999
575,12.0,65.84483994997768,50,99.99999999999999
542,7.0,62.19560534177417,50,99.99999999999999
568,17.0,73.39120424188465,50,99.99999999999999
583,18.0,125.95273482586072,50,99.99999999999999
559,6.0,89.23446024906485,50,99.99999999999999
546,13.0,149.8229027027521,50,99.99999999999999
571,8.0,73.58060026047198,50,99.99999999999999
565,9.0,54.98442633963115,50,99.99999999999999
563,7.0,67.24844905078788,50,99.99999999999999
562,12.0,62.14152803101584,50,99.99999999999999
544,8.0,75.75723744944946,50,99.99999999999999
518,9.0,59.97645760270511,50,90.82951062292474
545,9.0,53.92711271928556,50,99.99999999999999
551,20.0,109.81193063093335,50,99.99999999999999
594,20.0,99.41989642727913,50,98.74208829065748
571,11.0,93.6141478774865,50,99.99999999999999
558,12.0,52.986298182526504,50,99.99999999999999
558,9.0,56.03929268756826,50,99.99999999999999
548,12.0,70.33467382895391,50,99.99999999999999
598,12.0,50.58337588355813,50,99.99999999999999
552,15.0,88.82916692611971,50,99.99999999999999
550,13.0,69.74264180144462,50,99.99999999999999
565,17.0,85.39889683711037,50,99.99999999999999
582,14.0,72.80551651957462,50,99.99999999999999
561,13.0,67.95676151007795,50,99.99999999999999
610,8.0,50.85309431627288,50,99.99999999999999
569,8.0,52.496387692963424,50,99.99999999999999
550,16.0,257.9287633207476,50,99.99999999999999
550,9.0,75.85228166561492,50,99.99999999999999
561,30.0,91.49767269572712,50,99.99999999999999
561,5.0,178.14970116079957,50,99.99999999999999
560,13.0,87.49543872964011,50,99.99999999999999
562,9.5,113.27138717682185,50,99.99999999999999
591,9.0,49.27101015225499,50,99.99999999999999
545,8.0,56.14445035068729,50,99.99999999999999
587,8.0,61.80869961337247,50,99.99999999999999
573,14.0,84.23990498665117,50,98.74208829065748
544,10.0,60.037788914944834,50,99.99999999999999
557,16.0,85.59388424810858,50,99.99999999999999
592,9.0,65.32902318927454,50,99.99999999999999
549,13.0,81.75677563869684,50,99.99999999999999
562,12.0,65.75553117548945,50,99.99999999999999
535,14.0,63.27619106338667,50,99.99999999999999
534,11.0,45.886537072322255,50,99.99999999999999
545,19.0,90.10638470136482,50,99.99999999999999
543,14.0,121.91864169278998,50,93.54143466934853
566,11.0,120.8891049797498,50,99.99999999999999
541,11.0,98.0813186464855,50,99.99999999999999
589,11.0,92.9175440225361,50,99.99999999999999
587,7.0,69.9469758981483,50,99.99999999999999
586,9.0,62.42400265027362,50,99.99999999999999
580,21.0,102.8080189568727,50,99.99999999999999
563,14.0,105.39115547231253,50,99.99999999999999
563,12.0,79.34295678851733,50,99.99999999999999
537,16.0,166.37689787005374,50,99.99999999999999
561,12.0,69.67190407158049,50,99.99999999999999
562,6.0,49.134727722861335,50,99.99999999999999
581,11.0,65.38643507898122,50,99.99999999999999
537,9.0,202.2792041409998,50,99.99999999999999
577,11.0,67.03420858483399,50,99.99999999999999
566,13.0,122.25027635851488,50,99.99999999999999
541,20.0,179.63668364747824,50,99.99999999999999
589,21.0,78.95888712268533,50,99.99999999999999
563,10.0,81.17597564949939,50,99.99999999999999
559,10.0,106.18409356852939,50,99.99999999999999
552,14.5,143.50703538228953,50,99.99999999999999
557,17.0,97.1271645553981,50,99.99999999999999
566,15.0,65.69286031645383,50,97.46794344808963
540,19.0,103.04615488086617,50,97.46794344808963
569,7.0,111.6858327663978,50,99.99999999999999
577,11.0,93.13763746114063,50,99.99999999999999
563,10.0,89.69905416205161,50,90.82951062292474
571,10.0,50.35757432640302,50,99.99999999999999
597,6.0,56.47986195911342,50,99.99999999999999
572,11.0,74.50088732304586,50,99.99999999999999
568,10.5,59.82161152069797,50,99.99999999999999
561,14.0,135.7134120165409,50,99.99999999999999
591,12.0,89.27299429179283,50,99.99999999999999
565,13.0,103.47081937706876,50,99.99999999999999
584,8.0,64.68229319135057,50,98.74208829065748
562,11.5,73.70984528919551,50,99.99999999999999
558,17.0,82.45831731908365,50,99.99999999999999
594,11.0,65.0950305138437,50,99.99999999999999
583,14.0,76.3061971732496,50,99.99999999999999
568,21.5,109.22189482215829,50,99.99999999999999
560,23.0,200.26881658886495,50,99.99999999999999
583,13.0,87.46757766599058,50,99.99999999999999
557,13.0,60.77616868332378,50,99.99999999999999
558,11.0,64.60423617615791,50,99.99999999999999
554,11.0,66.8912118413706,50,99.99999999999999
565,10.0,56.59443369548146,50,99.99999999999999
534,8.0,100.70640275943451,50,99.99999999999999
547,23.0,109.41066737684164,50,99.99999999999999
577,9.0,129.33313658643547,50,99.99999999999999
557,8.0,61.8504400301199,50,99.99999999999999
553,8.0,79.0224826379915,50,99.99999999999999
534,17.5,72.70498422955434,50,99.99999999999999
568,16.5,73.0404712329833,50,99.99999999999999
550,13.0,87.24953262834637,50,99.99999999999999
571,27.0,163.66744515985954,50,99.99999999999999
581,10.0,143.93076161927675,50,99.99999999999999
540,10.0,70.4260705475403,50,99.99999999999999
565,7.0,50.51981365967835,50,99.99999999999999
565,16.0,72.34796115882307,50,99.99999999999999
549,16.0,56.86014565312955,50,99.99999999999999
557,8.0,60.634566038352375,50,99.99999999999999
585,9.0,81.82993024499764,50,99.99999999999999
542,19.5,134.74870434631728,50,99.99999999999999
560,24.0,86.66861077054064,50,99.99999999999999
550,15.0,119.96793827081122,50,99.99999999999999
581,8.0,61.304710981954095,50,99.99999999999999
561,11.0,60.539877412053485,50,99.99999999999999
573,11.0,51.92585326382644,50,99.99999999999999
549,9.0,59.49851693845739,50,99.99999999999999
582,13.5,109.64130905632352,50,98.74208829065748
537,14.0,103.4234802337158,50,99.99999999999999
578,8.0,45.23265766523694,50,99.99999999999999
564,10.0,81.9479447811558,50,98.74208829065748
556,13.5,65.61347367673753,50,99.99999999999999
579,13.0,66.03521682898793,50,99.99999999999999
560,11.0,75.02563066177645,50,99.99999999999999
593,17.0,88.85309334529887,50,99.99999999999999
618,14.5,86.29358327118872,50,99.99999999999999
588,8.0,56.79029131148094,50,99.99999999999999
564,10.0,63.21301826098783,50,99.99999999999999
586,7.0,97.25274258056518,50,99.99999999999999
574,10.0,39.424176235420035,50,99.99999999999999
538,7.0,55.516930962330306,50,99.99999999999999
570,16.0,120.42567518180351,50,98.74208829065748
546,20.5,98.67070590155859,50,99.99999999999999
539,8.0,54.67050807936345,50,99.99999999999999
581,9.0,76.5741661788731,50,99.99999999999999
602,12.0,63.78882894870641,50,99.99999999999999
582,8.0,63.55186238435649,50,99.99999999999999
562,11.5,61.79533669810647,50,99.99999999999999
552,20.5,97.82311051639796,50,99.99999999999999
563,13.0,77.08554319727877,50,99.99999999999999
555,16.0,71.97889760428735,50,98.74208829065748
608,9.0,83.22332545746671,50,99.99999999999999
580,7.0,50.27933952042063,50,99.99999999999999
523,10.0,90.77980097106314,50,99.99999999999999
540,8.0,109.33107239820042,50,99.99999999999999
577,14.0,67.93318357707537,50,99.99999999999999
572,8.0,104.75877820538926,50,99.99999999999999
541,19.0,165.5775246939685,50,99.99999999999999
551,14.0,104.93608651819213,50,99.99999999999999
561,11.0,77.97339759245476,50,99.99999999999999
543,16.0,79.90956208985367,50,99.99999999999999
590,10.0,110.92836444008107,50,99.99999999999999
544,15.5,62.60347506260671,50,99.99999999999999
586,8.0,48.62763563333699,50,99.99999999999999
593,18.0,106.38208993453557,50,99.99999999999999
542,8.0,74.23930914507504,50,99.99999999999999
568,16.0,85.26677384253652,50,99.99999999999999
586,13.0,73.93139118381644,50,99.99999999999999
546,13.5,70.902601473585,50,99.99999999999999
606,8.0,147.06635312718984,50,99.99999999999999
572,11.0,87.80116388679492,50,99.99999999999999
609,14.0,205.98133538861325,50,99.99999999999999
586,10.0,118.20868449258062,50,99.99999999999999
563,12.0,68.20077201312614,50,98.74208829065748
558,13.0,69.59875653666221,50,99.99999999999999
557,10.0,56.40879212994807,50,99.99999999999999
571,21.0,83.11068627944852,50,99.99999999999999
558,7.0,81.59933958678583,50,99.99999999999999
533,20.0,146.1533283381985,50,99.99999999999999
555,9.0,188.43706111733127,50,99.99999999999999
566,11.0,77.72053084996823,50,99.99999999999999
573,10.0,73.09806710369294,50,99.99999999999999
550,18.0,82.43669926470784,50,99.99999999999999
568,8.0,48.39158639990657,50,99.99999999999999
576,10.0,65.59031607027114,50,99.99999999999999
547,11.0,68.69017433342371,50,99.99999999999999
555,21.0,96.85675875701953,50,99.99999999999999
590,9.0,83.151734026595,50,99.99999999999999
541,9.0,89.70432154754948,50,99.99999999999999
579,7.0,76.95128280475747,50,99.99999999999999
561,11.0,87.61496946851128,50,99.99999999999999
567,8.0,59.55253941990128,50,99.99999999999999
574,11.0,121.95187771742279,50,99.99999999999999
555,11.0,135.7264629154957,50,99.99999999999999
605,18.0,84.8193555757834,50,99.99999999999999
571,11.0,85.20862034359229,50,99.99999999999999
558,15.0,85.3595241547843,50,99.99999999999999
569,8.0,96.53709095317315,50,99.99999999999999
585,9.0,96.8880758951958,50,99.99999999999999
549,12.0,70.7510356553774,50,99.99999999999999
590,7.5,68.85345031450758,50,99.99999999999999
565,10.0,51.056241210280184,50,99.99999999999999
550,7.0,84.45457513246258,50,99.99999999999999
566,10.0,50.72513686825928,50,99.99999999999999
607,7.0,35.41195638525548,50,99.99999999999999
555,10.0,69.69399716594391,50,99.99999999999999
590,7.0,51.26352108746585,50,99.99999999999999
525,9.0,61.437388637915845,50,96.17692030835673
574,6.0,63.69459041611771,50,96.17692030835673
579,13.0,78.28155301125659,50,99.99999999999999
591,6.0,69.92385246287888,50,99.99999999999999
540,27.5,112.50358590069024,50,99.99999999999999
561,12.0,198.433283924562,50,99.99999999999999
585,9.0,106.54645780157149,50,99.99999999999999
582,7.0,53.363825920294595,50,99.99999999999999
565,8.0,58.15257527333363,50,99.99999999999999
588,6.5,49.92523246051406,50,99.99999999999999
567,12.0,65.11324262667162,50,99.99999999999999
573,16.0,61.199873006385836,50,99.99999999999999
537,12.0,139.61906977136042,50,99.99999999999999
543,11.0,121.29571388803083,50,99.99999999999999
559,6.0,72.32012078585349,50,99.99999999999999
527,7.0,85.83337459049176,50,99.99999999999999
582,7.0,179.9520279598856,50,99.99999999999999
569,6.0,109.4561011215207,50,99.99999999999999
560,6.0,70.38266394577767,50,99.99999999999999
579,8.0,59.72324407290671,50,99.99999999999999
572,12.5,88.51503892506123,50,99.99999999999999
581,11.0,69.30950958689732,50,99.99999999999999
567,9.0,56.93444996965078,50,99.99999999999999
530,11.5,52.743289951866636,50,98.74208829065748
552,15.0,149.14485023259604,50,99.99999999999999
605,11.0,152.54338776667026,50,99.99999999999999
575,11.0,76.001972841344,50,99.99999999999999
577,11.0,66.22525098258616,50,99.99999999999999
570,7.0,55.497975040161705,50,99.99999999999999
573,12.0,82.51741974985828,50,99.99999999999999
609,10.0,146.64176266814957,50,99.99999999999999
579,11.0,51.488430282989945,50,99.99999999999999
573,11.0,75.36985253182898,50,99.99999999999999
551,8.0,149.57116097699875,50,99.99999999999999
569,7.0,88.6423998371397,50,99.99999999999999
561,13.0,112.15264747488203,50,99.99999999999999
535,28.0,126.88076846393827,50,99.99999999999999
548,10.0,107.43976535677872,50,99.99999999999999
562,8.0,96.09894736771791,50,99.99999999999999
560,7.0,82.38917001293552,50,99.99999999999999
598,5.0,59.515426065282526,50,99.99999999999999
585,13.0,102.75873940250571,50,99.99999999999999
597,11.0,111.82360320767916,50,99.99999999999999
559,18.0,83.84381254066122,50,99.99999999999999
594,9.0,74.9980339395159,50,99.99999999999999
574,10.0,60.80196753253107,50,99.99999999999999
564,13.0,60.94824253117694,50,98.74208829065748
551,11.0,70.56926286453626,50,99.99999999999999
566,15.5,98.99594458833015,50,99.99999999999999
573,10.0,57.62038973337079,50,99.99999999999999
538,9.0,112.06105487853976,50,98.74208829065748
547,9.0,68.59067235631197,50,99.99999999999999
555,7.0,93.41804526041929,50,99.99999999999999
565,11.0,82.19265901073608,50,99.99999999999999
539,8.0,65.79298104515577,50,98.74208829065748
560,18.0,54.91420133889759,50,99.99999999999999
565,10.0,87.6383927669596,50,99.99999999999999
607,17.0,67.26746843888691,50,99.99999999999999
541,23.0,129.43705669734177,50,99.99999999999999
564,12.0,97.81855734209007,50,99.99999999999999
577,16.0,78.92506705299805,50,99.99999999999999
577,13.0,67.28097126568608,50,99.99999999999999
545,12.0,68.34503464128701,50,99.99999999999999
552,12.0,57.103941133513956,50,99.99999999999999
586,9.0,81.32462185089699,50,99.99999999999999
573,11.0,93.66729990401741,50,99.99999999999999
546,19.0,85.40353668929774,50,99.99999999999999
577,15.0,82.81870597665483,50,99.99999999999999
567,11.0,66.62730497087414,50,99.99999999999999
527,9.0,63.12627745471203,50,99.99999999999999
546,10.0,68.98937805466916,50,99.99999999999999
528,10.0,76.62412484586787,50,99.99999999999999
548,10.0,74.02388764828973,50,99.99999999999999
523,29.0,100.51277055336821,50,97.46794344808963
588,12.0,126.53128608988037,50,99.99999999999999
566,15.0,77.62629489154077,50,99.99999999999999
540,10.0,86.17714134725868,50,99.99999999999999
561,11.0,82.07648491568143,50,99.99999999999999
558,17.5,84.63926721059696,50,99.99999999999999
569,8.0,73.91483478173987,50,99.99999999999999
577,9.0,70.42734353610449,50,99.99999999999999
557,18.0,124.96135142540645,50,99.99999999999999
591,12.0,104.70022531983466,50,99.99999999999999
581,9.0,64.95100761886357,50,99.99999999999999
559,16.0,80.64372990695648,50,98.74208829065748
596,10.0,91.76320529941155,50,99.99999999999999
543,11.0,81.24582725777535,50,99.99999999999999
555,7.0,70.28484356564599,50,99.99999999999999
550,30.0,123.86374177930676,50,99.99999999999999
571,9.0,90.49830832943476,50,99.99999999999999
558,8.0,68.27912505420382,50,99.99999999999999
565,9.0,62.48071189226305,50,99.99999999999999
569,14.0,64.16784751739932,50,99.99999999999999
570,13.0,89.25729011850785,50,99.99999999999999
563,8.0,94.76566655469583,50,99.99999999999999
621,10.0,69.07659352260458,50,99.99999999999999
539,27.0,128.18625593241913,50,99.99999999999999
565,7.0,53.19951121460298,50,99.99999999999999
600,7.0,62.53202175790237,50,99.99999999999999
572,13.0,65.03616833860102,50,99.99999999999999
561,11.0,70.49567221734323,50,98.74208829065748
616,7.0,89.64752243329922,50,99.99999999999999
561,16.0,71.21948611471873,50,98.74208829065748
535,22.0,107.96925620575641,50,94.86832980505137
542,24.0,119.99034749666731,50,99.99999999999999
578,9.0,74.07877332075509,50,99.99999999999999
577,19.0,80.47475059958305,50,99.99999999999999
613,7.0,65.50806871620335,50,99.99999999999999
594,8.0,60.946441455152225,50,99.99999999999999
568,10.0,64.10435112802,50,99.99999999999999
599,7.0,66.39966339665227,50,99.99999999999999
580,9.0,84.33409280062574,50,99.99999999999999
573,19.0,96.46245945337513,50,99.99999999999999
585,7.0,47.64620490471201,50,99.99999999999999
557,9.0,74.5849692682966,50,99.99999999999999
542,13.0,77.08357027701568,50,99.99999999999999
544,12.0,67.09050892829,50,99.99999999999999
551,9.0,88.86304131748304,50,99.99999999999999
592,8.0,77.74698853260057,50,99.99999999999999
555,28.0,94.95957009783778,50,99.99999999999999
538,6.0,65.90365439290909,50,99.99999999999999
557,13.0,100.33604181427567,50,99.99999999999999
552,9.0,94.03060960815364,50,99.99999999999999
585,11.0,80.22052196880733,50,99.99999999999999
568,8.5,111.31632679552324,50,99.99999999999999
572,13.0,59.7005110032339,50,99.99999999999999
569,15.0,57.517511542253104,50,99.99999999999999
534,20.5,217.1403412680434,50,99.99999999999999
565,12.0,73.62462240848039,50,99.99999999999999
542,6.0,57.40698897144845,50,99.99999999999999
556,11.0,72.43693406909902,50,99.99999999999999
550,8.0,66.3873077844954,50,99.99999999999999
550,8.0,84.61734760564097,50,98.74208829065748
580,14.0,99.6694486017409,50,99.99999999999999
585,11.0,103.68319321134844,50,99.99999999999999
531,12.0,178.12663488752895,50,99.99999999999999
589,10.0,81.67368237708692,50,99.99999999999999
578,13.0,69.32847545828587,50,99.99999999999999
582,12.0,76.93092100278658,50,99.99999999999999
559,9.0,52.523192907925754,50,99.99999999999999
553,10.0,70.67472030437348,50,99.99999999999999
552,8.5,91.77643223419575,50,99.99999999999999
540,14.0,135.26543374468426,50,99.99999999999999
546,9.0,86.24875677850638,50,99.99999999999999
579,11.0,64.00696210324331,50,99.99999999999999
558,23.5,79.33454353483322,50,99.99999999999999
596,9.5,74.2795596992545,50,99.99999999999999
614,10.0,66.08447677624288,50,99.99999999999999
570,13.0,72.61302320707857,50,99.99999999999999
544,14.0,114.96498985187748,50,99.99999999999999
556,11.0,125.91710151041323,50,99.99999999999999
579,13.0,63.9336877671234,50,99.99999999999999
563,9.0,50.32240724654522,50,99.99999999999999
602,8.0,61.08023365288007,50,99.99999999999999
579,8.0,88.49811212350345,50,99.99999999999999
558,6.0,64.787063447493,50,99.99999999999999
594,10.0,51.436594462743805,50,97.46794344808963
545,19.0,97.75426661063361,50,99.99999999999999
553,14.0,119.87880350453955,50,99.99999999999999
550,19.5,64.38001158514902,50,99.99999999999999
570,11.0,89.32433736678298,50,99.99999999999999
567,9.0,82.24248703920867,50,99.99999999999999
584,21.0,80.29140480386393,50,99.99999999999999
562,14.5,69.82836990315158,50,99.99999999999999
581,17.0,97.25852584684839,50,98.74208829065748
530,22.0,136.35486951513448,50,99.99999999999999
527,11.0,70.98320728917733,50,99.99999999999999
585,7.0,80.05667494722809,50,99.99999999999999
569,8.0,54.940907556228595,50,99.99999999999999
537,13.0,53.829081416225925,50,99.99999999999999
553,12.0,62.14076818084155,50,99.99999999999999
548,6.0,109.72193722399668,50,99.99999999999999
556,25.0,89.47168856480454,50,99.99999999999999
570,17.0,125.29895338222735,50,99.99999999999999
614,10.0,75.53007781541623,50,99.99999999999999
565,9.0,82.81821004704048,50,99.99999999999999
587,8.0,86.55110242200828,50,99.99999999999999
609,12.0,72.28339381991051,50,99.99999999999999
577,16.0,80.64967708863004,50,99.99999999999999
568,9.0,108.96043761612138,50,99.99999999999999
575,24.0,115.72094660086246,50,99.99999999999999
578,12.0,66.24282558145111,50,99.99999999999999
594,10.5,57.365750178107895,50,99.99999999999999
599,10.0,90.64755741389376,50,99.99999999999999
567,12.0,110.08084884803104,50,99.99999999999999
582,6.0,74.86853842825356,50,99.99999999999999
505,24.0,108.44646307197388,50,99.99999999999999
569,15.0,102.59233026818904,50,99.99999999999999
553,10.0,86.72618674517258,50,99.99999999999999
557,7.0,66.25137567389328,50,99.99999999999999
591,7.0,92.52026433008902,50,99.99999999999999
539,14.0,86.74031691732914,50,99.99999999999999
589,6.0,56.84779219177994,50,99.99999999999999
540,24.5,110.746734527076,50,99.99999999999999
544,9.0,177.283511962928,50,99.99999999999999
564,12.0,60.79822887525227,50,99.99999999999999
572,7.0,69.67962948691834,50,99.99999999999999
560,7.5,104.03901964154325,50,99.99999999999999
540,20.0,89.5373116986204,50,99.99999999999999
531,11.0,95.06861926696986,50,99.99999999999999
586,10.0,81.06745793062987,50,99.99999999999999
532,29.0,143.78938913806837,50,99.99999999999999
561,11.0,79.54779602578067,50,99.99999999999999
554,6.0,70.21784132681466,50,99.99999999999999
596,10.0,63.66664901878844,50,99.99999999999999
575,10.0,67.20888961443697,50,99.99999999999999
582,12.0,58.02629608832284,50,99.99999999999999
559,14.0,49.62280864517588,50,99.99999999999999
537,15.0,109.14387380871146,50,99.99999999999999
548,7.0,172.9936725415164,50,99.99999999999999
577,8.0,54.07388539842176,50,99.99999999999999
594,6.0,47.36720600814598,50,99.99999999999999
588,9.0,78.98518305690412,50,99.99999999999999
560,12.0,85.59798403177562,50,99.99999999999999
569,11.0,73.14213521365414,50,99.99999999999999
565,14.0,85.00363270819315,50,99.99999999999999
586,15.0,108.30955747470482,50,99.99999999999999
559,12.0,107.85782846471373,50,99.99999999999999
541,11.0,72.3807464620969,50,99.99999999999999
574,9.0,55.04762471421346,50,99.99999999999999
587,13.0,120.45519745346945,50,99.99999999999999
603,10.0,108.33765943101125,50,99.99999999999999
536,13.0,95.76974611259068,50,99.99999999999999
525,36.0,111.84516963281276,50,99.99999999999999
565,12.0,68.14633917044644,50,99.99999999999999
547,8.0,61.059129778343774,50,99.99999999999999
543,8.0,61.243676028294104,50,99.99999999999999
504,9.0,73.42764713094083,50,99.99999999999999
547,10.0,90.82108640078131,50,97.46794344808963
551,14.0,71.38939904489155,50,99.99999999999999
566,10.5,80.94040004757304,50,99.99999999999999
551,22.0,94.25171218582051,50,99.99999999999999
558,11.5,78.0560019805297,50,99.99999999999999
559,12.0,55.708470441509625,50,99.99999999999999
567,13.0,105.92140398362956,50,99.99999999999999
578,26.0,74.83800196860538,50,99.99999999999999
558,8.0,88.8090896638913,50,99.99999999999999
553,10.0,99.201812286995,50,97.46794344808963
552,19.0,99.88816833651373,50,99.99999999999999
542,7.0,107.12562991113734,50,99.99999999999999
558,9.5,64.81579448850431,50,99.99999999999999
576,9.0,82.48382647789074,50,99.99999999999999
543,15.0,106.4184950774115,50,99.99999999999999
579,16.0,99.03968992942815,50,99.99999999999999
547,7.0,61.85693253460671,50,99.99999999999999
585,12.0,86.16766187186808,50,99.99999999999999
593,9.0,137.07828123607652,50,99.99999999999999
544,12.0,81.28251186979188,50,99.99999999999999
567,20.0,94.40621942909013,50,99.99999999999999
545,11.0,53.44194640155038,50,99.99999999999999
546,9.0,133.08750306770472,50,99.99999999999999
540,7.0,62.33006185628277,50,99.99999999999999
546,12.0,107.30448116736147,50,99.99999999999999
577,23.0,161.5917067047856,50,99.99999999999999
561,15.0,80.02829717426314,50,99.99999999999999
565,12.0,54.22329319013515,50,99.99999999999999
582,7.0,72.48596553493346,50,99.99999999999999
597,7.0,66.20290781447231,50,99.99999999999999
550,12.5,57.32200609578177,50,99.99999999999999
548,10.5,132.8570817083161,50,99.99999999999999
547,21.0,175.66097779970596,50,99.99999999999999
551,7.0,46.11211032216271,50,99.99999999999999
580,13.0,84.1969610865421,50,99.99999999999999
547,6.0,65.65252612814976,50,99.99999999999999
548,7.0,51.3207794064395,50,99.99999999999999
558,8.5,65.21237486483325,50,99.99999999999999
592,7.0,110.4393633264156,50,99.99999999999999
564,7.0,58.70190743266525,50,99.99999999999999
582,14.0,95.31877285620688,50,99.99999999999999
528,10.5,68.92591476491413,50,99.99999999999999
556,15.0,63.13613962829162,50,99.99999999999999
592,7.0,66.93647491538492,50,99.99999999999999
572,10.0,67.36980927986438,50,99.99999999999999
572,11.0,129.92776301354826,50,99.99999999999999
606,15.0,75.67201235883948,50,99.99999999999999
559,14.0,76.992867683549,50,99.99999999999999
602,7.0,50.43803112180313,50,99.99999999999999
557,8.0,98.7863157027851,50,99.99999999999999
586,10.0,56.41217802243461,50,99.99999999999999
557,13.0,67.29269366559498,50,99.99999999999999
609,10.0,98.2816975421887,50,98.74208829065748
570,7.0,64.86656067211776,50,99.99999999999999
557,12.0,96.16662340979941,50,99.99999999999999
539,31.0,125.16280218988352,50,99.99999999999999
582,12.0,85.99861218942856,50,99.99999999999999
571,12.0,75.93661604383958,50,99.99999999999999
580,13.5,94.1106731710958,50,99.99999999999999
552,13.0,104.37639678083431,50,99.99999999999999
585,17.0,86.25066569519915,50,99.99999999999999
599,10.0,48.01311435290528,50,99.99999999999999
550,31.5,101.41057851464318,50,99.99999999999999
569,6.0,144.6637861304599,50,99.99999999999999
551,15.0,73.65418306780396,50,98.74208829065748
575,10.0,54.021482202103876,50,99.99999999999999
542,11.0,73.91238852176389,50,99.99999999999999
582,7.0,70.09700088727973,50,99.99999999999999
561,16.0,51.996732453996955,50,99.99999999999999
575,12.0,95.29978907907078,50,98.74208829065748
550,12.0,106.341061096105,50,99.99999999999999
596,8.0,88.17868372447234,50,99.99999999999999
574,8.0,81.66892320369689,50,99.99999999999999
571,15.0,63.29246527047865,50,99.99999999999999
561,11.0,84.01518110268422,50,99.99999999999999
571,9.0,66.93954599087131,50,99.99999999999999
564,16.0,70.16073985860987,50,99.99999999999999
587,12.0,110.72780991490939,50,99.99999999999999
540,10.0,85.19192109533287,50,99.99999999999999
585,10.0,74.09663865815972,50,99.99999999999999
577,7.0,71.56237419546002,50,99.99999999999999
595,15.0,61.376542188056526,50,99.99999999999999
588,10.0,70.37347461327374,50,99.99999999999999
577,10.0,108.22350782797406,50,99.99999999999999
586,21.5,102.25570931071242,50,98.74208829065748
586,8.0,105.35398198909775,50,99.99999999999999
561,11.0,59.13867069895742,50,99.99999999999999
573,17.0,59.18136556546489,50,99.99999999999999
538,17.0,88.30665834041115,50,98.74208829065748
545,9.0,81.234277402759,50,99.99999999999999
578,9.0,65.2517807055826,50,99.99999999999999
551,25.0,88.48091581403237,50,97.46794344808963
567,8.0,90.06410296428065,50,99.99999999999999
565,7.0,61.04853863559063,50,99.99999999999999
570,7.0,80.44911090637589,50,99.99999999999999
544,12.0,50.458172385837585,50,99.99999999999999
543,9.0,165.60875856098878,50,99.99999999999999
585,12.0,76.89057611612046,50,99.99999999999999
531,21.0,170.8535924350708,50,97.46794344808963
554,11.0,199.8188312972574,50,99.99999999999999
552,11.0,73.44836727602829,50,99.99999999999999
563,9.0,54.73946912626004,50,99.99999999999999
536,8.0,63.49932479049846,50,99.99999999999999
529,13.0,70.39805653309159,50,99.99999999999999
577,8.0,90.64466590409508,50,99.99999999999999
590,18.5,163.70890100267331,50,99.99999999999999
613,11.0,125.24560279260432,50,99.99999999999999
587,13.0,56.60715344968968,50,99.99999999999999
557,9.0,67.94991592130151,50,99.99999999999999
531,10.0,51.27592170898395,50,99.99999999999999
577,9.0,114.82153272800731,50,99.99999999999999
558,11.0,60.71538658990174,50,99.99999999999999
592,10.5,76.87362845249311,50,99.99999999999999
559,28.0,137.2264419499624,50,99.99999999999999
546,13.5,78.73595549196858,50,99.99999999999999
588,12.0,98.73854541740812,50,99.99999999999999
565,8.0,38.749378997419065,50,99.99999999999999
542,11.0,76.67364507488861,50,99.99999999999999
552,16.0,135.88786735302426,50,99.99999999999999
551,8.0,101.12601178249426,50,99.99999999999999
588,17.5,93.49176084510843,50,99.99999999999999
549,10.0,77.579082233804,50,99.99999999999999
556,14.0,72.42921455198187,50,99.99999999999999
552,12.0,58.7820542414014,50,99.99999999999999
564,14.0,89.42324400517381,50,99.99999999999999
582,8.0,60.034837277897026,50,99.99999999999999
557,13.0,80.19717601835154,50,99.99999999999999
554,13.0,71.56556840280219,50,99.99999999999999
582,11.0,117.17868316174754,50,99.99999999999999
568,11.0,105.97667837672361,50,99.99999999999999
552,9.0,66.63007719342171,50,99.99999999999999
569,13.0,80.15165364093103,50,98.74208829065748
593,6.0,96.85403027886261,50,99.99999999999999
561,12.0,82.49039175168879,50,99.99999999999999
555,11.0,48.99967828180935,50,99.99999999999999
566,9.0,61.017449582123525,50,99.99999999999999
579,12.0,154.93398885963285,50,99.99999999999999
592,11.0,64.38007370558873,50,99.99999999999999
536,9.0,64.76355740133312,50,99.99999999999999
542,8.0,66.69794986215061,50,99.99999999999999
553,11.0,77.15319740592952,50,99.99999999999999
573,11.0,57.03579989696064,50,99.99999999999999
570,12.0,59.16975368269693,50,99.99999999999999
532,32.0,106.29478275638625,50,99.99999999999999
580,10.0,127.12549212498556,50,99.99999999999999
562,14.0,69.69135027803553,50,99.99999999999999
560,13.0,75.84017444468773,50,99.99999999999999
549,7.0,54.28764578584483,50,99.99999999999999
587,7.0,98.34320697143083,50,99.99999999999999
601,10.0,67.25011394671247,50,99.99999999999999
557,17.0,79.89491567750292,50,99.99999999999999
575,8.0,103.74353207991766,50,99.99999999999999
569,11.0,66.75985740960303,50,99.99999999999999
615,9.0,51.75171846805793,50,99.99999999999999
559,11.0,150.01138412354638,50,99.99999999999999
587,15.0,70.24467247141834,50,99.99999999999999
565,12.0,67.76310545610842,50,99.99999999999999
567,9.0,70.15623419343034,50,99.99999999999999
563,13.0,48.028318450788674,50,99.99999999999999
582,11.5,79.25625421639356,50,99.99999999999999
539,26.0,96.73268658823943,50,99.99999999999999
605,8.0,56.18938651290298,50,99.99999999999999
575,9.0,107.45281431844303,50,99.99999999999999
547,14.0,86.4609739908004,50,99.99999999999999
530,13.0,77.42932203520903,50,99.99999999999999
547,8.0,84.44531974581918,50,99.99999999999999
573,11.0,65.87737893815292,50,99.99999999999999
535,14.0,181.91473489664233,50,99.99999999999999
543,22.0,96.5440754425389,50,99.99999999999999
551,9.0,63.50417675452346,50,99.99999999999999
599,12.0,74.43402152168582,50,99.99999999999999
583,13.0,155.59779805529536,50,98.74208829065748
577,18.0,92.331403907372,50,99.99999999999999
558,9.0,103.18411477512649,50,99.99999999999999
549,9.0,79.51342687317542,50,99.99999999999999
534,20.0,111.75761162821266,50,98.74208829065748
542,12.0,73.55971257528046,50,99.99999999999999
555,8.0,59.146260337242246,50,97.46794344808963
594,9.0,56.0586182242858,50,99.99999999999999
596,9.0,53.796502614306675,50,99.99999999999999
529,8.0,60.45142737441782,50,99.99999999999999
599,15.0,63.7411768152175,50,99.99999999999999
592,9.0,89.65325664426162,50,99.99999999999999
556,13.5,100.84144210098425,50,99.99999999999999
592,10.0,301.6329121155142,50,99.99999999999999
556,12.5,125.26141545463265,50,99.99999999999999
565,9.0,45.87755151768689,50,99.99999999999999
545,11.0,69.41970760599223,50,99.99999999999999
596,8.5,47.666339449661656,50,99.99999999999999
553,17.0,78.08008662859783,50,99.99999999999999
578,13.5,102.87024688885509,50,99.99999999999999
573,11.0,88.76729409533019,50,99.99999999999999
561,10.0,92.97830966545627,50,99.99999999999999
558,10.0,60.05037256258434,50,99.99999999999999
601,9.0,69.18915534944799,50,99.99999999999999
570,7.5,57.50659854974318,50,99.99999999999999
574,9.0,74.87261132738243,50,99.99999999999999
569,8.0,100.24931225840099,50,99.99999999999999
556,10.0,133.24120886123615,50,99.99999999999999
544,15.5,158.20668062468204,50,99.99999999999999
569,20.0,156.88958717573442,50,99.99999999999999
557,14.0,64.02437890762238,50,99.99999999999999
566,12.0,64.45559127419062,50,98.74208829065748
569,11.0,119.15523132227196,50,99.99999999999999
538,18.0,115.72186757846139,50,99.99999999999999
571,9.0,42.30790402207684,50,99.99999999999999
587,8.0,53.05631994212379,50,99.99999999999999
575,13.0,104.12981355015184,50,99.99999999999999
586,5.0,80.2589199406519,50,99.99999999999999
559,7.0,52.52284895562695,50,99.99999999999999
553,15.0,80.417931057109,50,99.99999999999999
579,7.0,43.877713779170215,50,99.99999999999999
554,6.0,80.2752323274884,50,99.99999999999999
557,8.0,55.44933915070213,50,99.99999999999999
568,8.0,50.85554453367819,50,99.99999999999999
578,21.0,102.71359787734117,50,99.99999999999999
553,21.0,85.40890930342428,50,99.99999999999999
557,13.0,73.69543245713388,50,99.99999999999999
573,9.0,80.25141387365939,50,94.86832980505137
559,11.0,62.18829079935227,50,99.99999999999999
596,8.0,90.47234466806833,50,99.99999999999999
624,9.0,38.54306751763769,50,99.99999999999999
558,8.0,48.45953246923987,50,99.99999999999999
535,30.0,144.86888542915992,50,99.99999999999999
577,9.0,75.24011874112317,50,99.99999999999999
581,6.0,55.41396818405318,50,99.99999999999999
552,9.0,69.9866155623609,50,99.99999999999999
564,7.0,82.178385452851,50,99.99999999999999
580,10.0,84.49375804866929,50,99.99999999999999
599,7.0,58.30096737880355,50,99.99999999999999
537,18.0,92.79421135994366,50,99.99999999999999
599,26.0,105.66914081280053,50,99.99999999999999
565,13.0,81.03259620764743,50,98.74208829065748
561,10.0,56.115442120778944,50,99.99999999999999
554,9.5,79.78878871497989,50,98.74208829065748
540,18.5,104.30105384426429,50,99.99999999999999
588,6.0,66.58310208489955,50,99.99999999999999
588,12.0,57.575071128849885,50,99.99999999999999
545,16.0,100.46822509586089,50,98.74208829065748
577,11.0,104.7782882358483,50,99.99999999999999
574,12.5,54.95444444149843,50,99.99999999999999
553,7.0,63.18634767150963,50,99.99999999999999
555,12.0,91.39300936538429,50,99.99999999999999
549,20.0,74.11601544087044,50,99.99999999999999
580,11.0,83.22251358088307,50,99.99999999999999
575,9.0,100.01128847056313,50,99.99999999999999
572,9.0,128.14714108989102,50,99.99999999999999
574,12.0,92.31997819268196,50,99.99999999999999
533,11.0,60.37230266416433,50,99.99999999999999
557,6.0,60.95116394323538,50,99.99999999999999
584,8.0,53.730601468149324,50,99.99999999999999
563,9.0,70.36151724158432,50,99.99999999999999
537,12.0,60.08136998442736,50,99.99999999999999
567,7.0,74.4133638970973,50,99.99999999999999
568,12.0,72.73738874379438,50,99.99999999999999
553,13.0,67.83222625013211,50,99.99999999999999
542,16.5,104.20741355914132,50,99.99999999999999
543,12.0,74.85185888661196,50,99.99999999999999
541,10.0,51.834180770601336,50,99.99999999999999
582,9.0,96.87394249662397,50,99.99999999999999
556,12.0,53.3433005726996,50,99.99999999999999
591,10.0,67.28619182075406,50,99.99999999999999
560,9.5,56.63093955244241,50,99.99999999999999
560,13.0,60.77106661114291,50,99.99999999999999
584,7.0,50.355048879190356,50,99.99999999999999
567,8.0,53.34950665741138,50,99.99999999999999
519,37.0,139.67414535596384,50,99.99999999999999
556,10.0,102.42359053642475,50,99.99999999999999
573,8.0,92.39066991018147,50,99.99999999999999
568,10.5,65.52224066043546,50,99.99999999999999
531,10.0,68.19709111339537,50,99.99999999999999
561,10.0,75.75771422319916,50,99.99999999999999
548,10.0,65.37026924611116,50,99.99999999999999
552,9.0,59.33881588712072,50,99.99999999999999
590,14.5,89.63747161331742,50,99.99999999999999
